--
-- PostgreSQL database dump
--

-- Dumped from database version 13.13 (Debian 13.13-1.pgdg100+1)
-- Dumped by pg_dump version 13.13 (Debian 13.13-1.pgdg100+1)

SET statement_timeout = 0;
SET lock_timeout = 0;
SET idle_in_transaction_session_timeout = 0;
SET client_encoding = 'UTF8';
SET standard_conforming_strings = on;
SELECT pg_catalog.set_config('search_path', '', false);
SET check_function_bodies = false;
SET xmloption = content;
SET client_min_messages = warning;
SET row_security = off;

--
-- Name: uuid-ossp; Type: EXTENSION; Schema: -; Owner: -
--

CREATE EXTENSION IF NOT EXISTS "uuid-ossp" WITH SCHEMA public;


--
-- Name: EXTENSION "uuid-ossp"; Type: COMMENT; Schema: -; Owner: 
--

COMMENT ON EXTENSION "uuid-ossp" IS 'generate universally unique identifiers (UUIDs)';


SET default_tablespace = '';

SET default_table_access_method = heap;

--
-- Name: auth_group; Type: TABLE; Schema: public; Owner: c1losa
--

CREATE TABLE public.auth_group (
    id integer NOT NULL,
    name character varying(150) NOT NULL
);


ALTER TABLE public.auth_group OWNER TO c1losa;

--
-- Name: auth_group_id_seq; Type: SEQUENCE; Schema: public; Owner: c1losa
--

ALTER TABLE public.auth_group ALTER COLUMN id ADD GENERATED BY DEFAULT AS IDENTITY (
    SEQUENCE NAME public.auth_group_id_seq
    START WITH 1
    INCREMENT BY 1
    NO MINVALUE
    NO MAXVALUE
    CACHE 1
);


--
-- Name: auth_group_permissions; Type: TABLE; Schema: public; Owner: c1losa
--

CREATE TABLE public.auth_group_permissions (
    id bigint NOT NULL,
    group_id integer NOT NULL,
    permission_id integer NOT NULL
);


ALTER TABLE public.auth_group_permissions OWNER TO c1losa;

--
-- Name: auth_group_permissions_id_seq; Type: SEQUENCE; Schema: public; Owner: c1losa
--

ALTER TABLE public.auth_group_permissions ALTER COLUMN id ADD GENERATED BY DEFAULT AS IDENTITY (
    SEQUENCE NAME public.auth_group_permissions_id_seq
    START WITH 1
    INCREMENT BY 1
    NO MINVALUE
    NO MAXVALUE
    CACHE 1
);


--
-- Name: auth_permission; Type: TABLE; Schema: public; Owner: c1losa
--

CREATE TABLE public.auth_permission (
    id integer NOT NULL,
    name character varying(255) NOT NULL,
    content_type_id integer NOT NULL,
    codename character varying(100) NOT NULL
);


ALTER TABLE public.auth_permission OWNER TO c1losa;

--
-- Name: auth_permission_id_seq; Type: SEQUENCE; Schema: public; Owner: c1losa
--

ALTER TABLE public.auth_permission ALTER COLUMN id ADD GENERATED BY DEFAULT AS IDENTITY (
    SEQUENCE NAME public.auth_permission_id_seq
    START WITH 1
    INCREMENT BY 1
    NO MINVALUE
    NO MAXVALUE
    CACHE 1
);


--
-- Name: auth_user; Type: TABLE; Schema: public; Owner: c1losa
--

CREATE TABLE public.auth_user (
    id integer NOT NULL,
    password character varying(128) NOT NULL,
    last_login timestamp with time zone,
    is_superuser boolean NOT NULL,
    username character varying(150) NOT NULL,
    first_name character varying(150) NOT NULL,
    last_name character varying(150) NOT NULL,
    email character varying(254) NOT NULL,
    is_staff boolean NOT NULL,
    is_active boolean NOT NULL,
    date_joined timestamp with time zone NOT NULL
);


ALTER TABLE public.auth_user OWNER TO c1losa;

--
-- Name: auth_user_groups; Type: TABLE; Schema: public; Owner: c1losa
--

CREATE TABLE public.auth_user_groups (
    id bigint NOT NULL,
    user_id integer NOT NULL,
    group_id integer NOT NULL
);


ALTER TABLE public.auth_user_groups OWNER TO c1losa;

--
-- Name: auth_user_groups_id_seq; Type: SEQUENCE; Schema: public; Owner: c1losa
--

ALTER TABLE public.auth_user_groups ALTER COLUMN id ADD GENERATED BY DEFAULT AS IDENTITY (
    SEQUENCE NAME public.auth_user_groups_id_seq
    START WITH 1
    INCREMENT BY 1
    NO MINVALUE
    NO MAXVALUE
    CACHE 1
);


--
-- Name: auth_user_id_seq; Type: SEQUENCE; Schema: public; Owner: c1losa
--

ALTER TABLE public.auth_user ALTER COLUMN id ADD GENERATED BY DEFAULT AS IDENTITY (
    SEQUENCE NAME public.auth_user_id_seq
    START WITH 1
    INCREMENT BY 1
    NO MINVALUE
    NO MAXVALUE
    CACHE 1
);


--
-- Name: auth_user_user_permissions; Type: TABLE; Schema: public; Owner: c1losa
--

CREATE TABLE public.auth_user_user_permissions (
    id bigint NOT NULL,
    user_id integer NOT NULL,
    permission_id integer NOT NULL
);


ALTER TABLE public.auth_user_user_permissions OWNER TO c1losa;

--
-- Name: auth_user_user_permissions_id_seq; Type: SEQUENCE; Schema: public; Owner: c1losa
--

ALTER TABLE public.auth_user_user_permissions ALTER COLUMN id ADD GENERATED BY DEFAULT AS IDENTITY (
    SEQUENCE NAME public.auth_user_user_permissions_id_seq
    START WITH 1
    INCREMENT BY 1
    NO MINVALUE
    NO MAXVALUE
    CACHE 1
);


--
-- Name: authtoken_token; Type: TABLE; Schema: public; Owner: c1losa
--

CREATE TABLE public.authtoken_token (
    key character varying(40) NOT NULL,
    created timestamp with time zone NOT NULL,
    user_id integer NOT NULL
);


ALTER TABLE public.authtoken_token OWNER TO c1losa;

--
-- Name: bazaar_cart; Type: TABLE; Schema: public; Owner: c1losa
--

CREATE TABLE public.bazaar_cart (
    id uuid NOT NULL,
    x_created timestamp with time zone NOT NULL,
    x_modified timestamp with time zone NOT NULL,
    event_id uuid NOT NULL,
    user_id integer NOT NULL,
    x_user_id integer NOT NULL,
    identifier character varying(128) NOT NULL,
    is_checked boolean NOT NULL
);


ALTER TABLE public.bazaar_cart OWNER TO c1losa;

--
-- Name: bazaar_event; Type: TABLE; Schema: public; Owner: c1losa
--

CREATE TABLE public.bazaar_event (
    id uuid NOT NULL,
    name character varying(128) NOT NULL,
    date timestamp with time zone NOT NULL,
    is_active boolean NOT NULL,
    is_closed boolean NOT NULL,
    notes text NOT NULL,
    fee_value_default smallint NOT NULL,
    fee_value_percentage smallint NOT NULL,
    x_created timestamp with time zone NOT NULL,
    x_modified timestamp with time zone NOT NULL,
    x_user_id integer NOT NULL,
    CONSTRAINT bazaar_event_fee_value_default_check CHECK ((fee_value_default >= 0)),
    CONSTRAINT bazaar_event_fee_value_percentage_check CHECK ((fee_value_percentage >= 0))
);


ALTER TABLE public.bazaar_event OWNER TO c1losa;

--
-- Name: bazaar_eventseller; Type: TABLE; Schema: public; Owner: c1losa
--

CREATE TABLE public.bazaar_eventseller (
    id uuid NOT NULL,
    is_no_fees boolean NOT NULL,
    total_sold_items smallint NOT NULL,
    total_sales_amount smallint NOT NULL,
    total_fees smallint NOT NULL,
    x_created timestamp with time zone NOT NULL,
    x_modified timestamp with time zone NOT NULL,
    event_id uuid NOT NULL,
    seller_id uuid NOT NULL,
    x_user_id integer NOT NULL,
    identifier smallint NOT NULL,
    CONSTRAINT bazaar_eventseller_identifier_check CHECK ((identifier >= 0)),
    CONSTRAINT bazaar_eventseller_total_fees_check CHECK ((total_fees >= 0)),
    CONSTRAINT bazaar_eventseller_total_sales_amount_check CHECK ((total_sales_amount >= 0)),
    CONSTRAINT bazaar_eventseller_total_sold_items_check CHECK ((total_sold_items >= 0))
);


ALTER TABLE public.bazaar_eventseller OWNER TO c1losa;

--
-- Name: bazaar_eventuser; Type: TABLE; Schema: public; Owner: c1losa
--

CREATE TABLE public.bazaar_eventuser (
    id uuid NOT NULL,
    x_created timestamp with time zone NOT NULL,
    x_modified timestamp with time zone NOT NULL,
    event_id uuid NOT NULL,
    user_id integer NOT NULL,
    x_user_id integer NOT NULL
);


ALTER TABLE public.bazaar_eventuser OWNER TO c1losa;

--
-- Name: bazaar_item; Type: TABLE; Schema: public; Owner: c1losa
--

CREATE TABLE public.bazaar_item (
    id uuid NOT NULL,
    size character varying(32),
    price smallint NOT NULL,
    x_created timestamp with time zone NOT NULL,
    x_modified timestamp with time zone NOT NULL,
    cart_id uuid NOT NULL,
    event_seller_id uuid NOT NULL,
    x_user_id integer NOT NULL,
    CONSTRAINT bazaar_item_price_check CHECK ((price >= 0))
);


ALTER TABLE public.bazaar_item OWNER TO c1losa;

--
-- Name: bazaar_seller; Type: TABLE; Schema: public; Owner: c1losa
--

CREATE TABLE public.bazaar_seller (
    id uuid NOT NULL,
    nickname character varying(128) NOT NULL,
    name character varying(128) NOT NULL,
    email character varying(128) NOT NULL,
    phone character varying(128) NOT NULL,
    notes text NOT NULL,
    is_active boolean NOT NULL,
    is_no_fees_default boolean NOT NULL,
    x_created timestamp with time zone NOT NULL,
    x_modified timestamp with time zone NOT NULL,
    x_user_id integer NOT NULL,
    default_identifier smallint,
    CONSTRAINT bazaar_seller_default_identifier_check CHECK ((default_identifier >= 0))
);


ALTER TABLE public.bazaar_seller OWNER TO c1losa;

--
-- Name: django_admin_log; Type: TABLE; Schema: public; Owner: c1losa
--

CREATE TABLE public.django_admin_log (
    id integer NOT NULL,
    action_time timestamp with time zone NOT NULL,
    object_id text,
    object_repr character varying(200) NOT NULL,
    action_flag smallint NOT NULL,
    change_message text NOT NULL,
    content_type_id integer,
    user_id integer NOT NULL,
    CONSTRAINT django_admin_log_action_flag_check CHECK ((action_flag >= 0))
);


ALTER TABLE public.django_admin_log OWNER TO c1losa;

--
-- Name: django_admin_log_id_seq; Type: SEQUENCE; Schema: public; Owner: c1losa
--

ALTER TABLE public.django_admin_log ALTER COLUMN id ADD GENERATED BY DEFAULT AS IDENTITY (
    SEQUENCE NAME public.django_admin_log_id_seq
    START WITH 1
    INCREMENT BY 1
    NO MINVALUE
    NO MAXVALUE
    CACHE 1
);


--
-- Name: django_content_type; Type: TABLE; Schema: public; Owner: c1losa
--

CREATE TABLE public.django_content_type (
    id integer NOT NULL,
    app_label character varying(100) NOT NULL,
    model character varying(100) NOT NULL
);


ALTER TABLE public.django_content_type OWNER TO c1losa;

--
-- Name: django_content_type_id_seq; Type: SEQUENCE; Schema: public; Owner: c1losa
--

ALTER TABLE public.django_content_type ALTER COLUMN id ADD GENERATED BY DEFAULT AS IDENTITY (
    SEQUENCE NAME public.django_content_type_id_seq
    START WITH 1
    INCREMENT BY 1
    NO MINVALUE
    NO MAXVALUE
    CACHE 1
);


--
-- Name: django_migrations; Type: TABLE; Schema: public; Owner: c1losa
--

CREATE TABLE public.django_migrations (
    id bigint NOT NULL,
    app character varying(255) NOT NULL,
    name character varying(255) NOT NULL,
    applied timestamp with time zone NOT NULL
);


ALTER TABLE public.django_migrations OWNER TO c1losa;

--
-- Name: django_migrations_id_seq; Type: SEQUENCE; Schema: public; Owner: c1losa
--

ALTER TABLE public.django_migrations ALTER COLUMN id ADD GENERATED BY DEFAULT AS IDENTITY (
    SEQUENCE NAME public.django_migrations_id_seq
    START WITH 1
    INCREMENT BY 1
    NO MINVALUE
    NO MAXVALUE
    CACHE 1
);


--
-- Name: django_session; Type: TABLE; Schema: public; Owner: c1losa
--

CREATE TABLE public.django_session (
    session_key character varying(40) NOT NULL,
    session_data text NOT NULL,
    expire_date timestamp with time zone NOT NULL
);


ALTER TABLE public.django_session OWNER TO c1losa;

--
-- Data for Name: auth_group; Type: TABLE DATA; Schema: public; Owner: c1losa
--

COPY public.auth_group (id, name) FROM stdin;
\.


--
-- Data for Name: auth_group_permissions; Type: TABLE DATA; Schema: public; Owner: c1losa
--

COPY public.auth_group_permissions (id, group_id, permission_id) FROM stdin;
\.


--
-- Data for Name: auth_permission; Type: TABLE DATA; Schema: public; Owner: c1losa
--

COPY public.auth_permission (id, name, content_type_id, codename) FROM stdin;
1	Can add log entry	1	add_logentry
2	Can change log entry	1	change_logentry
3	Can delete log entry	1	delete_logentry
4	Can view log entry	1	view_logentry
5	Can add permission	2	add_permission
6	Can change permission	2	change_permission
7	Can delete permission	2	delete_permission
8	Can view permission	2	view_permission
9	Can add group	3	add_group
10	Can change group	3	change_group
11	Can delete group	3	delete_group
12	Can view group	3	view_group
13	Can add user	4	add_user
14	Can change user	4	change_user
15	Can delete user	4	delete_user
16	Can view user	4	view_user
17	Can add content type	5	add_contenttype
18	Can change content type	5	change_contenttype
19	Can delete content type	5	delete_contenttype
20	Can view content type	5	view_contenttype
21	Can add session	6	add_session
22	Can change session	6	change_session
23	Can delete session	6	delete_session
24	Can view session	6	view_session
25	Can add cart	7	add_cart
26	Can change cart	7	change_cart
27	Can delete cart	7	delete_cart
28	Can view cart	7	view_cart
29	Can add Event	8	add_event
30	Can change Event	8	change_event
31	Can delete Event	8	delete_event
32	Can view Event	8	view_event
33	Can add event seller	9	add_eventseller
34	Can change event seller	9	change_eventseller
35	Can delete event seller	9	delete_eventseller
36	Can view event seller	9	view_eventseller
37	Can add seller	10	add_seller
38	Can change seller	10	change_seller
39	Can delete seller	10	delete_seller
40	Can view seller	10	view_seller
41	Can add item	11	add_item
42	Can change item	11	change_item
43	Can delete item	11	delete_item
44	Can view item	11	view_item
45	Can add event user	12	add_eventuser
46	Can change event user	12	change_eventuser
47	Can delete event user	12	delete_eventuser
48	Can view event user	12	view_eventuser
49	Can add Token	13	add_token
50	Can change Token	13	change_token
51	Can delete Token	13	delete_token
52	Can view Token	13	view_token
53	Can add token	14	add_tokenproxy
54	Can change token	14	change_tokenproxy
55	Can delete token	14	delete_tokenproxy
56	Can view token	14	view_tokenproxy
\.


--
-- Data for Name: auth_user; Type: TABLE DATA; Schema: public; Owner: c1losa
--

COPY public.auth_user (id, password, last_login, is_superuser, username, first_name, last_name, email, is_staff, is_active, date_joined) FROM stdin;
2	pbkdf2_sha256$600000$8oFwQsB7ij3jVEPn9pCe4E$MRGwkNNpTjRZ5enx3Kfgy7LmHOX6zaMagKGdZgeMzHw=	\N	f	LucieLosa				f	t	2023-10-18 19:38:28.369593+01
3	pbkdf2_sha256$600000$9GRMOBR4jZjFbEQNOiCxnv$/7B4VrZLpW0ldbEFt+T/P0QN0fSfjhfxGN6Ilkiso3U=	\N	f	PetrLosa				f	t	2023-10-18 20:04:58.254224+01
1	pbkdf2_sha256$600000$ROQ2R8defGnLswG7LIkihb$i7uhxbLc5LUKQNPNUVMCeqFpsHpkvBU4D3nP6dPYj6c=	2023-12-01 12:55:36.944554+00	t	admin			lucie@losa.cz	t	t	2023-09-13 20:14:52.015479+01
\.


--
-- Data for Name: auth_user_groups; Type: TABLE DATA; Schema: public; Owner: c1losa
--

COPY public.auth_user_groups (id, user_id, group_id) FROM stdin;
\.


--
-- Data for Name: auth_user_user_permissions; Type: TABLE DATA; Schema: public; Owner: c1losa
--

COPY public.auth_user_user_permissions (id, user_id, permission_id) FROM stdin;
\.


--
-- Data for Name: authtoken_token; Type: TABLE DATA; Schema: public; Owner: c1losa
--

COPY public.authtoken_token (key, created, user_id) FROM stdin;
1bdd79b833660282050a9453678e74f5b3d0ca0d	2023-09-13 20:28:55.928278+01	1
41825ae96c51566d56fdd876580dac14608723c5	2023-10-18 19:40:06.328231+01	2
e2a02cb0c3c29be9a62a2e1ace206b20e5b7d852	2023-10-18 20:05:01.459582+01	3
\.


--
-- Data for Name: bazaar_cart; Type: TABLE DATA; Schema: public; Owner: c1losa
--

COPY public.bazaar_cart (id, x_created, x_modified, event_id, user_id, x_user_id, identifier, is_checked) FROM stdin;
52625e7c-8a1e-43d7-84c9-fc788e76c0e1	2023-10-21 11:17:37.431992+01	2023-10-21 11:17:37.432+01	923ef874-2857-4810-9ef4-4cdeb6d4aecb	1	1	B0006	t
300f75bf-96d0-4fc9-a3d2-972c16b7e740	2023-10-21 10:04:30.399319+01	2023-10-21 10:04:30.399328+01	923ef874-2857-4810-9ef4-4cdeb6d4aecb	1	1	C0010	t
af23ed08-c331-40de-9849-787b8bcc7844	2023-10-21 09:31:19.733408+01	2023-10-21 09:31:19.733433+01	923ef874-2857-4810-9ef4-4cdeb6d4aecb	1	1	C0021	f
e13691f2-12ce-4522-9989-523c54bb6a51	2023-10-21 09:31:55.148325+01	2023-10-21 09:31:55.148345+01	923ef874-2857-4810-9ef4-4cdeb6d4aecb	1	1	C0022	f
1b1bd1bd-2990-4a02-909d-e75014edb3ad	2023-10-21 09:33:03.243997+01	2023-10-21 09:33:03.244017+01	923ef874-2857-4810-9ef4-4cdeb6d4aecb	1	1	C0023	f
35132d05-70d2-43b6-8068-5714237ad4a7	2023-10-21 09:34:20.974007+01	2023-10-21 09:34:20.974026+01	923ef874-2857-4810-9ef4-4cdeb6d4aecb	1	1	C0024	f
b425c32a-6b34-46d6-b9e9-cefe235486ac	2023-10-21 09:34:25.443362+01	2023-10-21 09:34:25.443371+01	923ef874-2857-4810-9ef4-4cdeb6d4aecb	1	1	C0003	t
58f7723e-6c39-433e-b5a9-1d6bd2c6be0c	2023-10-21 09:34:37.063368+01	2023-10-21 09:34:37.063377+01	923ef874-2857-4810-9ef4-4cdeb6d4aecb	1	1	C0004	t
28459630-936c-403f-81b6-e787690443b0	2023-10-21 09:34:46.373672+01	2023-10-21 09:34:46.37368+01	923ef874-2857-4810-9ef4-4cdeb6d4aecb	1	1	C0005	t
2d9e1349-32fa-4d24-9feb-befe15b301c9	2023-10-21 09:35:00.820623+01	2023-10-21 09:35:00.820631+01	923ef874-2857-4810-9ef4-4cdeb6d4aecb	1	1	C0006	t
521f4e5f-6347-4aef-919c-98729a6944ae	2023-10-21 09:35:12.741846+01	2023-10-21 09:35:12.741855+01	923ef874-2857-4810-9ef4-4cdeb6d4aecb	1	1	C0007	t
a64228e5-f65f-4878-8633-3ccc0d9d415d	2023-10-21 09:39:21.31766+01	2023-10-21 09:39:21.31769+01	923ef874-2857-4810-9ef4-4cdeb6d4aecb	1	1	C0025	f
5aacfa5a-ad36-4646-adfe-9c65c7948fa4	2023-10-21 09:41:03.925553+01	2023-10-21 09:41:03.925571+01	923ef874-2857-4810-9ef4-4cdeb6d4aecb	1	1	C0026	f
a3a79ac2-f837-498d-aa9c-75e8c11d4be4	2023-10-21 09:43:45.843383+01	2023-10-21 09:43:45.843408+01	923ef874-2857-4810-9ef4-4cdeb6d4aecb	1	1	C0027	f
f0b26f4b-01a1-466b-97e6-d47b25cd668b	2023-10-21 09:47:55.029776+01	2023-10-21 09:47:55.029784+01	923ef874-2857-4810-9ef4-4cdeb6d4aecb	1	1	C0008	t
ab31c6af-5f5c-4f90-bd4e-69068fc24e2d	2023-10-21 09:47:55.856123+01	2023-10-21 09:47:55.856145+01	923ef874-2857-4810-9ef4-4cdeb6d4aecb	1	1	C0028	f
8047f19c-ebf1-45d6-ace8-a06069b62c3a	2023-10-21 09:48:26.450581+01	2023-10-21 09:48:26.45059+01	923ef874-2857-4810-9ef4-4cdeb6d4aecb	1	1	C0009	t
9d4eb97e-75e4-4f2b-8e13-7371c67e9bfa	2023-10-21 09:49:00.153177+01	2023-10-21 09:49:00.153186+01	923ef874-2857-4810-9ef4-4cdeb6d4aecb	1	1	C0011	t
8f0ebd38-82f0-434a-b738-be5f16929d5b	2023-10-21 09:56:59.475619+01	2023-10-21 09:56:59.475639+01	923ef874-2857-4810-9ef4-4cdeb6d4aecb	1	1	C0029	f
5047377d-593d-4409-826e-dbff65606f09	2023-10-21 10:05:00.911128+01	2023-10-21 10:05:00.911138+01	923ef874-2857-4810-9ef4-4cdeb6d4aecb	1	1	C0013	t
c9af74cc-bd3d-477b-9e0b-fd4a95a0531c	2023-10-21 10:05:30.778238+01	2023-10-21 10:05:30.778249+01	923ef874-2857-4810-9ef4-4cdeb6d4aecb	1	1	C0012	t
460ce848-135b-4b40-9892-697da5affb41	2023-10-21 10:05:48.188074+01	2023-10-21 10:05:48.188083+01	923ef874-2857-4810-9ef4-4cdeb6d4aecb	1	1	C0014	t
098ed64c-8d7f-490a-8a35-a77de944636e	2023-10-21 10:06:08.895674+01	2023-10-21 10:06:08.895683+01	923ef874-2857-4810-9ef4-4cdeb6d4aecb	1	1	C0015	t
ef77c84b-90b7-4aab-ae8f-91faa000cc61	2023-10-21 10:06:31.417974+01	2023-10-21 10:06:31.417982+01	923ef874-2857-4810-9ef4-4cdeb6d4aecb	1	1	C0016	t
9f483c65-6caf-4a74-b833-05ac56c443ba	2023-10-21 10:09:40.722852+01	2023-10-21 10:09:40.722866+01	923ef874-2857-4810-9ef4-4cdeb6d4aecb	1	1	C0017	t
d263baa7-bccc-4744-974d-dc4fbc9ba84b	2023-10-21 10:10:02.332124+01	2023-10-21 10:10:02.332134+01	923ef874-2857-4810-9ef4-4cdeb6d4aecb	1	1	C0018	t
7c621ead-7417-4454-b9ee-4a28bbba61de	2023-10-21 10:10:39.154005+01	2023-10-21 10:10:39.154014+01	923ef874-2857-4810-9ef4-4cdeb6d4aecb	1	1	C0019	t
b6757330-4032-4ede-bec7-8ef02a572c22	2023-10-21 10:10:52.225463+01	2023-10-21 10:10:52.225472+01	923ef874-2857-4810-9ef4-4cdeb6d4aecb	1	1	C0020	t
fa76da86-f774-40e1-929d-5fe69561ac7b	2023-10-21 10:20:58.78567+01	2023-10-21 10:20:58.78568+01	923ef874-2857-4810-9ef4-4cdeb6d4aecb	1	1	L0013	t
463ef49c-1ff7-479f-b0c4-51f65f38802e	2023-10-21 10:21:16.036512+01	2023-10-21 10:21:16.036521+01	923ef874-2857-4810-9ef4-4cdeb6d4aecb	1	1	L0014	t
c371a6d9-425e-4744-8550-90891dc128da	2023-10-21 10:21:37.347879+01	2023-10-21 10:21:37.347888+01	923ef874-2857-4810-9ef4-4cdeb6d4aecb	1	1	L0015	t
91265647-0199-421c-8551-5ea776a0431f	2023-10-21 10:21:56.22943+01	2023-10-21 10:21:56.22944+01	923ef874-2857-4810-9ef4-4cdeb6d4aecb	1	1	L0016	t
ed1ff598-fca6-4a98-aa53-0123f3a67c45	2023-10-21 10:22:04.078142+01	2023-10-21 10:22:04.078151+01	923ef874-2857-4810-9ef4-4cdeb6d4aecb	1	1	L0017	t
36dfa4df-2796-4ffb-83dc-0b84bc2e447f	2023-10-21 10:22:28.326179+01	2023-10-21 10:22:28.326188+01	923ef874-2857-4810-9ef4-4cdeb6d4aecb	1	1	L0018	t
481c6db9-e515-4f88-b605-71e0a061b62b	2023-10-21 10:22:37.535339+01	2023-10-21 10:22:37.53535+01	923ef874-2857-4810-9ef4-4cdeb6d4aecb	1	1	L0019	t
a3f03fb8-4d37-41f8-bafe-df05b970c2fd	2023-10-21 10:22:51.048865+01	2023-10-21 10:22:51.048874+01	923ef874-2857-4810-9ef4-4cdeb6d4aecb	1	1	L0020	t
b2b0c89b-4c6e-420d-b058-170de12f4f82	2023-10-21 10:23:04.571247+01	2023-10-21 10:23:04.571256+01	923ef874-2857-4810-9ef4-4cdeb6d4aecb	1	1	L0021	t
9966e3d8-5e95-4ee7-80ef-9d316312e4de	2023-10-21 10:23:16.539508+01	2023-10-21 10:23:16.539517+01	923ef874-2857-4810-9ef4-4cdeb6d4aecb	1	1	L0022	t
a5f499ec-2f90-48cd-923f-4477686778d8	2023-10-21 10:23:29.497864+01	2023-10-21 10:23:29.497872+01	923ef874-2857-4810-9ef4-4cdeb6d4aecb	1	1	L0023	t
42964b9f-1b9b-43d7-9d9d-2257c6c6a5fc	2023-10-21 10:24:14.398281+01	2023-10-21 10:24:14.39829+01	923ef874-2857-4810-9ef4-4cdeb6d4aecb	1	1	L0024	t
001f475d-4bfd-4d18-9ab5-b3f49d15dea4	2023-10-21 10:24:29.49483+01	2023-10-21 10:24:29.494839+01	923ef874-2857-4810-9ef4-4cdeb6d4aecb	1	1	L0025	t
80935ac9-4a89-4217-a404-3ca914a62c11	2023-10-21 10:24:57.437029+01	2023-10-21 10:24:57.437038+01	923ef874-2857-4810-9ef4-4cdeb6d4aecb	1	1	L0026	t
a76b3a40-4e0e-4f7d-a96c-15153e71e4ff	2023-10-21 10:25:14.740843+01	2023-10-21 10:25:14.740852+01	923ef874-2857-4810-9ef4-4cdeb6d4aecb	1	1	L0027	t
16f9a571-0598-4caf-9532-901afce38f9a	2023-10-21 10:25:38.951872+01	2023-10-21 10:25:38.95188+01	923ef874-2857-4810-9ef4-4cdeb6d4aecb	1	1	L0028	t
3c703cf5-b3e5-4856-ab2a-77b6fb61cd34	2023-10-21 10:25:59.158526+01	2023-10-21 10:25:59.158535+01	923ef874-2857-4810-9ef4-4cdeb6d4aecb	1	1	L0029	t
0da8e122-8ce9-4b8b-8daa-017f72e3ef65	2023-10-21 10:26:15.645406+01	2023-10-21 10:26:15.645415+01	923ef874-2857-4810-9ef4-4cdeb6d4aecb	1	1	L0030	t
87647394-028d-4fdc-92bd-bdd557838ef6	2023-10-21 10:26:41.860886+01	2023-10-21 10:26:41.860895+01	923ef874-2857-4810-9ef4-4cdeb6d4aecb	1	1	L0031	t
69d8050a-8030-492a-9a1f-8c83dcc9f839	2023-10-21 10:27:13.843537+01	2023-10-21 10:27:13.843545+01	923ef874-2857-4810-9ef4-4cdeb6d4aecb	1	1	L0032	t
3d4c8dee-4e38-4261-a048-1c10d16611e8	2023-10-21 10:29:39.731898+01	2023-10-21 10:29:39.731907+01	923ef874-2857-4810-9ef4-4cdeb6d4aecb	1	1	V0004	t
f1d6d11a-05e9-4f72-abab-e464c3557ab8	2023-10-21 10:30:17.277678+01	2023-10-21 10:30:17.277686+01	923ef874-2857-4810-9ef4-4cdeb6d4aecb	1	1	J0002	t
6b199af7-7e56-449b-8b7c-0db44dbdfaf3	2023-10-21 10:30:25.971136+01	2023-10-21 10:30:25.971145+01	923ef874-2857-4810-9ef4-4cdeb6d4aecb	1	1	V0005	t
c168f97f-1633-4529-b68f-cbc44da8d257	2023-10-21 10:30:35.975547+01	2023-10-21 10:30:35.975555+01	923ef874-2857-4810-9ef4-4cdeb6d4aecb	1	1	V0006	t
e7b3ab5b-8f99-46e8-a4de-6c4c41e2835c	2023-10-21 10:31:11.702595+01	2023-10-21 10:31:11.702604+01	923ef874-2857-4810-9ef4-4cdeb6d4aecb	1	1	V0008	t
8c16f802-e2e0-4ad6-ae67-119a36798b3e	2023-10-21 10:31:25.563208+01	2023-10-21 10:31:25.563216+01	923ef874-2857-4810-9ef4-4cdeb6d4aecb	1	1	V0009	t
1d953697-0b9e-49a5-913b-6e68d163660f	2023-10-21 10:31:40.521536+01	2023-10-21 10:31:40.521545+01	923ef874-2857-4810-9ef4-4cdeb6d4aecb	1	1	V0010	t
b95bb5b5-5ae7-421e-9f3e-0b21a19157d7	2023-10-21 10:31:57.53383+01	2023-10-21 10:31:57.533839+01	923ef874-2857-4810-9ef4-4cdeb6d4aecb	1	1	V0011	t
807830d9-053f-490c-86ee-92962e6a567d	2023-10-21 10:32:13.077264+01	2023-10-21 10:32:13.077274+01	923ef874-2857-4810-9ef4-4cdeb6d4aecb	1	1	V0012	t
6e8e6d3f-382d-4dac-9e72-be0997f38a6a	2023-10-21 10:32:27.696691+01	2023-10-21 10:32:27.696702+01	923ef874-2857-4810-9ef4-4cdeb6d4aecb	1	1	V0013	t
daae94c8-1362-41ad-9fcf-2f4dc7971d11	2023-10-21 10:32:38.006562+01	2023-10-21 10:32:38.006571+01	923ef874-2857-4810-9ef4-4cdeb6d4aecb	1	1	V0014	t
0c0c908d-ae51-42ac-8b1b-6780f2bceafd	2023-10-21 10:32:54.45798+01	2023-10-21 10:32:54.458+01	923ef874-2857-4810-9ef4-4cdeb6d4aecb	1	1	V0015	t
b8b48448-37d5-41d2-8090-6a274c620aff	2023-10-21 10:34:05.899969+01	2023-10-21 10:34:05.899979+01	923ef874-2857-4810-9ef4-4cdeb6d4aecb	1	1	V0016	t
ab383cd5-19ac-4851-8d8e-ae1a9102b6e2	2023-10-21 10:34:15.968435+01	2023-10-21 10:34:15.968444+01	923ef874-2857-4810-9ef4-4cdeb6d4aecb	1	1	V0017	t
7fa0f58d-a62c-4c7a-a199-f94b3317feff	2023-10-21 10:34:30.44436+01	2023-10-21 10:34:30.444368+01	923ef874-2857-4810-9ef4-4cdeb6d4aecb	1	1	V0018	t
61a07853-3db2-479d-a4d3-e715db5aac9c	2023-10-21 10:34:48.019522+01	2023-10-21 10:34:48.019531+01	923ef874-2857-4810-9ef4-4cdeb6d4aecb	1	1	V0019	t
1ee13958-d332-474d-9351-508bc4011900	2023-10-21 11:15:57.364782+01	2023-10-21 11:15:57.36479+01	923ef874-2857-4810-9ef4-4cdeb6d4aecb	1	1	B0002	t
33ee51ea-fb48-4ad8-b75c-1b44808052b5	2023-10-21 11:16:08.556475+01	2023-10-21 11:16:08.556483+01	923ef874-2857-4810-9ef4-4cdeb6d4aecb	1	1	B0003	t
838e6bae-8f5b-492b-95b5-96a9a7913de0	2023-10-21 11:17:05.075329+01	2023-10-21 11:17:05.075341+01	923ef874-2857-4810-9ef4-4cdeb6d4aecb	1	1	B0004	t
d9ea835a-c43d-4915-abb2-1e8e0d041faa	2023-10-21 11:17:28.442223+01	2023-10-21 11:17:28.442236+01	923ef874-2857-4810-9ef4-4cdeb6d4aecb	1	1	B0005	t
e64f0240-e99d-40f6-9cb5-0fc70d9fe68b	2023-10-21 11:17:44.161149+01	2023-10-21 11:17:44.161158+01	923ef874-2857-4810-9ef4-4cdeb6d4aecb	1	1	B0007	t
8a2ad781-262f-446b-a08d-d72bd4877868	2023-10-21 11:17:56.54862+01	2023-10-21 11:17:56.54863+01	923ef874-2857-4810-9ef4-4cdeb6d4aecb	1	1	B0008	t
f3385bb3-483e-4289-83f2-186af2280144	2023-10-21 11:18:08.71366+01	2023-10-21 11:18:08.713669+01	923ef874-2857-4810-9ef4-4cdeb6d4aecb	1	1	B0009	t
f1b80217-495e-4a0c-94ba-43547129b6fb	2023-10-21 11:18:16.416856+01	2023-10-21 11:18:16.416864+01	923ef874-2857-4810-9ef4-4cdeb6d4aecb	1	1	B0010	t
5920bbe1-8b78-4a34-b2ac-b56505b0ab5a	2023-10-21 11:18:39.671334+01	2023-10-21 11:18:39.671343+01	923ef874-2857-4810-9ef4-4cdeb6d4aecb	1	1	B0011	t
63bed170-777a-4fe3-9aee-568118637193	2023-10-21 11:19:03.243259+01	2023-10-21 11:19:03.243269+01	923ef874-2857-4810-9ef4-4cdeb6d4aecb	1	1	B0012	t
b48c1346-4bc0-4011-8983-934a7527964a	2023-10-21 11:19:20.608802+01	2023-10-21 11:19:20.608811+01	923ef874-2857-4810-9ef4-4cdeb6d4aecb	1	1	B0013	t
4d87424b-1730-46dc-81c7-c4d9b186680c	2023-10-21 11:19:37.227922+01	2023-10-21 11:19:37.22793+01	923ef874-2857-4810-9ef4-4cdeb6d4aecb	1	1	B0014	t
8d0efabb-663f-4508-b0e8-d6360073c615	2023-10-21 09:58:46.609776+01	2023-10-21 09:58:46.609785+01	923ef874-2857-4810-9ef4-4cdeb6d4aecb	1	1	C0002	t
960f5d35-eafe-4b91-886e-8846736d47de	2023-10-21 10:01:51.838522+01	2023-10-21 10:01:51.838542+01	923ef874-2857-4810-9ef4-4cdeb6d4aecb	1	1	L0033	f
4ac120cf-7f98-4b01-b1e5-ef6fcc566063	2023-10-21 10:02:43.345793+01	2023-10-21 10:02:43.345812+01	923ef874-2857-4810-9ef4-4cdeb6d4aecb	1	1	L0034	f
d40f95d1-7747-4494-9cf9-4a6d67a4b135	2023-10-21 10:03:07.976406+01	2023-10-21 10:03:07.976425+01	923ef874-2857-4810-9ef4-4cdeb6d4aecb	1	1	C0030	f
bb6466a3-7ba4-44e7-9956-51e40e10fd9a	2023-10-21 10:04:37.768937+01	2023-10-21 10:04:37.768956+01	923ef874-2857-4810-9ef4-4cdeb6d4aecb	1	1	C0031	f
1a2e1796-4f76-43c8-841d-f177bc7d3e8a	2023-10-21 10:07:40.612055+01	2023-10-21 10:07:40.612079+01	923ef874-2857-4810-9ef4-4cdeb6d4aecb	1	1	C0032	f
2ab6a2ac-3e1e-4efc-af40-63aa98b67f17	2023-10-21 10:08:57.029734+01	2023-10-21 10:08:57.02976+01	923ef874-2857-4810-9ef4-4cdeb6d4aecb	1	1	C0033	f
08e63a83-7321-45c6-a60c-94fdf4699638	2023-10-21 10:10:28.662966+01	2023-10-21 10:10:28.662984+01	923ef874-2857-4810-9ef4-4cdeb6d4aecb	1	1	C0034	f
7850609a-fd15-4dae-8cb1-db8e950f4eb6	2023-10-21 10:13:30.507349+01	2023-10-21 10:13:30.507366+01	923ef874-2857-4810-9ef4-4cdeb6d4aecb	1	1	C0035	f
38b723e7-740a-48bb-b523-5b038f22ec62	2023-10-21 10:19:37.513841+01	2023-10-21 10:19:37.513863+01	923ef874-2857-4810-9ef4-4cdeb6d4aecb	1	1	C0036	f
81119180-f2de-4375-91f2-79b8261b0dda	2023-10-21 10:20:48.89495+01	2023-10-21 10:20:48.894959+01	923ef874-2857-4810-9ef4-4cdeb6d4aecb	1	1	L0012	t
582e853f-3139-464f-a2cc-3b120ad21224	2023-10-21 10:21:18.737061+01	2023-10-21 10:21:18.737079+01	923ef874-2857-4810-9ef4-4cdeb6d4aecb	1	1	C0037	f
8fa9143b-d360-4b25-bc9c-267c9b328eea	2023-10-21 10:27:57.058726+01	2023-10-21 10:27:57.058756+01	923ef874-2857-4810-9ef4-4cdeb6d4aecb	1	1	C0038	f
cad31fbc-c47a-4ab7-a622-fe9683902dbd	2023-10-21 10:28:50.625766+01	2023-10-21 10:28:50.625791+01	923ef874-2857-4810-9ef4-4cdeb6d4aecb	1	1	C0039	f
6f265f95-b11f-4032-921a-b8b773007b92	2023-10-21 10:29:45.952073+01	2023-10-21 10:29:45.952092+01	923ef874-2857-4810-9ef4-4cdeb6d4aecb	1	1	V0031	f
4ce51ff9-b994-4dc1-9a22-ecad31df63de	2023-10-21 10:30:46.439022+01	2023-10-21 10:30:46.439032+01	923ef874-2857-4810-9ef4-4cdeb6d4aecb	1	1	V0007	t
2ba03f23-1dd1-4709-b0e6-715460900bf1	2023-10-21 10:32:42.898612+01	2023-10-21 10:32:42.898631+01	923ef874-2857-4810-9ef4-4cdeb6d4aecb	1	1	C0040	f
d7f307c0-b34c-4f7b-a01e-a1baf37c3595	2023-10-21 10:34:57.633257+01	2023-10-21 10:34:57.633265+01	923ef874-2857-4810-9ef4-4cdeb6d4aecb	1	1	V0020	t
a319617d-4eec-44ae-9adb-19dd2f9e2279	2023-10-21 10:35:11.768779+01	2023-10-21 10:35:11.768788+01	923ef874-2857-4810-9ef4-4cdeb6d4aecb	1	1	V0021	t
6705f935-0a99-4962-965c-af081be48cd9	2023-10-21 10:35:20.701197+01	2023-10-21 10:35:20.701206+01	923ef874-2857-4810-9ef4-4cdeb6d4aecb	1	1	V0022	t
3deed42e-953a-49cb-a393-4039c1cd4b95	2023-10-21 10:35:47.0607+01	2023-10-21 10:35:47.060714+01	923ef874-2857-4810-9ef4-4cdeb6d4aecb	1	1	V0023	t
847eaa88-23ac-4b28-b90f-c3e940b4a479	2023-10-21 10:36:02.256904+01	2023-10-21 10:36:02.256913+01	923ef874-2857-4810-9ef4-4cdeb6d4aecb	1	1	V0024	t
43aa9f3d-3008-450c-80b8-00b4f16dd06d	2023-10-21 10:36:14.027602+01	2023-10-21 10:36:14.027612+01	923ef874-2857-4810-9ef4-4cdeb6d4aecb	1	1	V0025	t
a172a8ff-480d-4ccf-bec5-36efea8d5cd2	2023-10-21 10:36:30.575333+01	2023-10-21 10:36:30.575342+01	923ef874-2857-4810-9ef4-4cdeb6d4aecb	1	1	V0026	t
1e067f2a-1c7f-4298-9226-15dc0cfc03e5	2023-10-21 10:36:44.257671+01	2023-10-21 10:36:44.25768+01	923ef874-2857-4810-9ef4-4cdeb6d4aecb	1	1	V0027	t
f0819342-c620-4a31-86d8-8ab4b2840e19	2023-10-21 10:37:02.343436+01	2023-10-21 10:37:02.343445+01	923ef874-2857-4810-9ef4-4cdeb6d4aecb	1	1	V0028	t
86417cfa-cfb2-4673-a1a1-c7316ad1863e	2023-10-21 10:37:11.583606+01	2023-10-21 10:37:11.583615+01	923ef874-2857-4810-9ef4-4cdeb6d4aecb	1	1	V0029	t
40e0a444-18df-42f5-82a8-1af0b88e2788	2023-10-21 10:37:23.581846+01	2023-10-21 10:37:23.581855+01	923ef874-2857-4810-9ef4-4cdeb6d4aecb	1	1	V0030	t
81f17abe-bd32-41a3-9cf2-7cf11c2387a6	2023-10-21 10:37:24.135176+01	2023-10-21 10:37:24.135194+01	923ef874-2857-4810-9ef4-4cdeb6d4aecb	1	1	V0032	f
a4c0809c-4c8d-42d7-b443-933f6b772436	2023-10-21 10:38:59.687203+01	2023-10-21 10:38:59.687223+01	923ef874-2857-4810-9ef4-4cdeb6d4aecb	1	1	C0041	f
c667191a-a9e6-43cc-8e6c-3822d9b6e338	2023-10-21 10:41:23.731083+01	2023-10-21 10:41:23.731134+01	923ef874-2857-4810-9ef4-4cdeb6d4aecb	1	1	J0003	f
4dff05ac-953a-4cc9-be04-9f331389a4be	2023-10-21 10:44:02.595806+01	2023-10-21 10:44:02.595831+01	923ef874-2857-4810-9ef4-4cdeb6d4aecb	1	1	L0035	f
ba2f825b-98e5-49d3-b450-ffbd7ac462fd	2023-10-21 10:47:36.593746+01	2023-10-21 10:47:36.593763+01	923ef874-2857-4810-9ef4-4cdeb6d4aecb	1	1	J0004	f
cc14e13b-f78e-4396-a2c0-e078bda98900	2023-10-21 10:58:49.534331+01	2023-10-21 10:58:49.534348+01	923ef874-2857-4810-9ef4-4cdeb6d4aecb	1	1	J0005	f
7a3e03c9-9a77-4bd2-8210-49d492d3c2f2	2023-10-21 11:02:49.272615+01	2023-10-21 11:02:49.272634+01	923ef874-2857-4810-9ef4-4cdeb6d4aecb	1	1	J0006	f
1d01a684-eb13-458c-b497-1fb3a53a94cd	2023-10-21 11:09:35.648135+01	2023-10-21 11:09:35.648176+01	923ef874-2857-4810-9ef4-4cdeb6d4aecb	1	1	J0007	f
f34fd4f4-90e6-4009-997c-f2bb81a1d0c7	2023-10-21 11:20:03.905319+01	2023-10-21 11:20:03.90535+01	923ef874-2857-4810-9ef4-4cdeb6d4aecb	1	1	B0021	f
c258fc3a-20d8-43b5-8c47-945724ab7a4b	2023-10-21 11:20:04.12929+01	2023-10-21 11:20:04.129299+01	923ef874-2857-4810-9ef4-4cdeb6d4aecb	1	1	B0015	t
b5b00473-143a-42d4-8036-b1c257ad7079	2023-10-21 11:20:26.683869+01	2023-10-21 11:20:26.683883+01	923ef874-2857-4810-9ef4-4cdeb6d4aecb	1	1	B0016	t
f4b39398-55ac-44fa-a00d-db7af0eb814c	2023-10-21 11:21:15.863029+01	2023-10-21 11:21:15.863039+01	923ef874-2857-4810-9ef4-4cdeb6d4aecb	1	1	B0017	t
59bc31c7-513f-40d2-a062-9a09bad1eead	2023-10-21 11:21:33.345477+01	2023-10-21 11:21:33.345486+01	923ef874-2857-4810-9ef4-4cdeb6d4aecb	1	1	B0018	t
4e91a916-4920-4cc7-8c1a-28966907d476	2023-10-21 11:21:49.779594+01	2023-10-21 11:21:49.779606+01	923ef874-2857-4810-9ef4-4cdeb6d4aecb	1	1	B0019	t
6e500242-dbcb-40cf-aefe-825aef018567	2023-10-21 11:22:04.01314+01	2023-10-21 11:22:04.013149+01	923ef874-2857-4810-9ef4-4cdeb6d4aecb	1	1	B0020	t
74b045d3-115f-4f1c-a254-90cf032bce36	2023-10-21 11:22:51.181911+01	2023-10-21 11:22:51.18193+01	923ef874-2857-4810-9ef4-4cdeb6d4aecb	1	1	B0022	f
89521814-ea27-4dfa-9ef0-f581ab3acc34	2023-10-21 11:44:34.278282+01	2023-10-21 11:44:34.278333+01	923ef874-2857-4810-9ef4-4cdeb6d4aecb	1	1	C0042	f
db556b17-fd9e-4a12-be9b-a164bac905d0	2023-10-21 11:45:00.612567+01	2023-10-21 11:45:00.61259+01	923ef874-2857-4810-9ef4-4cdeb6d4aecb	1	1	V0033	f
df0bb441-e732-4296-9d81-49658073acd0	2023-10-21 11:48:27.928178+01	2023-10-21 11:48:27.928215+01	923ef874-2857-4810-9ef4-4cdeb6d4aecb	1	1	V0034	f
66d97f9d-a883-467d-bbd8-de774965845d	2023-10-21 11:49:06.96785+01	2023-10-21 11:49:06.967869+01	923ef874-2857-4810-9ef4-4cdeb6d4aecb	1	1	C0043	f
2e6c2aec-c474-4d17-942d-2ed8b957ca19	2023-10-21 12:00:25.132837+01	2023-10-21 12:00:25.132883+01	923ef874-2857-4810-9ef4-4cdeb6d4aecb	1	1	V0035	f
65e6026c-8a29-4dfb-add3-b379a80ab3d3	2023-10-21 12:00:57.428833+01	2023-10-21 12:00:57.428851+01	923ef874-2857-4810-9ef4-4cdeb6d4aecb	1	1	V0036	f
34c8a2c6-07a7-4aca-a950-94355d78a562	2023-10-21 12:31:03.828384+01	2023-10-21 12:31:03.82842+01	923ef874-2857-4810-9ef4-4cdeb6d4aecb	1	1	V0037	f
8d31b2c7-857e-4754-9112-24c518ad9c23	2023-10-21 12:40:23.406504+01	2023-10-21 12:40:23.406554+01	923ef874-2857-4810-9ef4-4cdeb6d4aecb	1	1	C0044	f
13e5175a-1d38-4d82-8a85-67072ec85cbd	2023-10-21 12:52:04.95794+01	2023-10-21 12:52:04.958005+01	923ef874-2857-4810-9ef4-4cdeb6d4aecb	1	1	V0038	f
4773f2d2-cc8b-488f-9f12-27870d35021f	2023-10-21 12:59:10.351305+01	2023-10-21 12:59:10.351345+01	923ef874-2857-4810-9ef4-4cdeb6d4aecb	1	1	V0039	f
3deb173d-8f2c-4bc4-847c-279d55f7437e	2023-10-21 13:03:04.9196+01	2023-10-21 13:03:04.919632+01	923ef874-2857-4810-9ef4-4cdeb6d4aecb	1	1	C0045	f
5980258a-87ed-4a7d-b7f9-a6e475e5f7ff	2023-10-21 13:04:44.623774+01	2023-10-21 13:04:44.623799+01	923ef874-2857-4810-9ef4-4cdeb6d4aecb	1	1	V0040	f
f725b82a-925c-43b5-a722-a74c7f80f160	2023-10-21 13:10:15.812996+01	2023-10-21 13:10:15.813033+01	923ef874-2857-4810-9ef4-4cdeb6d4aecb	1	1	V0041	f
7df643f5-153c-4357-8fe6-faed16e0694e	2023-10-21 13:12:40.852649+01	2023-10-21 13:12:40.852685+01	923ef874-2857-4810-9ef4-4cdeb6d4aecb	1	1	V0042	f
a4fde047-1c4d-4cad-835e-b88a997f768a	2023-10-21 13:15:48.120653+01	2023-10-21 13:15:48.120685+01	923ef874-2857-4810-9ef4-4cdeb6d4aecb	1	1	V0043	f
edef4750-a38e-48a0-a4f4-894951d1a949	2023-10-21 13:17:02.503792+01	2023-10-21 13:17:02.503826+01	923ef874-2857-4810-9ef4-4cdeb6d4aecb	1	1	V0044	f
55097377-ccff-4faa-baf5-73a374def0d7	2023-10-21 13:20:20.843858+01	2023-10-21 13:20:20.84389+01	923ef874-2857-4810-9ef4-4cdeb6d4aecb	1	1	V0045	f
33a21e4d-982c-4812-b084-dd686ab51032	2023-10-21 13:28:28.157979+01	2023-10-21 13:28:28.158007+01	923ef874-2857-4810-9ef4-4cdeb6d4aecb	1	1	V0046	f
d93cf8fa-92f0-4e33-8eca-6bc2d9bf7f30	2023-10-21 13:37:06.866959+01	2023-10-21 13:37:06.867+01	923ef874-2857-4810-9ef4-4cdeb6d4aecb	1	1	V0047	f
4ce5df72-cd2f-41af-9589-5f6094b0de41	2023-10-21 13:45:36.618924+01	2023-10-21 13:45:36.618959+01	923ef874-2857-4810-9ef4-4cdeb6d4aecb	1	1	V0048	f
d74690c9-bb20-495d-8759-3d5916d49e22	2023-10-21 13:46:20.825475+01	2023-10-21 13:46:20.825493+01	923ef874-2857-4810-9ef4-4cdeb6d4aecb	1	1	V0049	f
bcb67a23-d12b-4bb4-a1d4-51f31bd7d04d	2023-10-21 13:49:36.03897+01	2023-10-21 13:49:36.038996+01	923ef874-2857-4810-9ef4-4cdeb6d4aecb	1	1	V0050	f
770267fc-84d4-4691-ab8b-2f2c6d73ff51	2023-10-21 13:59:32.995049+01	2023-10-21 13:59:32.995093+01	923ef874-2857-4810-9ef4-4cdeb6d4aecb	1	1	V0051	f
801d168f-c00e-4fab-866e-b90da0bc6f95	2023-10-21 14:04:33.506294+01	2023-10-21 14:04:33.506329+01	923ef874-2857-4810-9ef4-4cdeb6d4aecb	1	1	V0052	f
3671716b-8979-4ede-9fcc-bdde608f0c82	2023-10-21 14:07:23.19518+01	2023-10-21 14:07:23.195212+01	923ef874-2857-4810-9ef4-4cdeb6d4aecb	1	1	V0053	f
96fe462b-232f-4f3a-bd70-caf48926f57b	2023-10-21 14:09:18.292946+01	2023-10-21 14:09:18.292972+01	923ef874-2857-4810-9ef4-4cdeb6d4aecb	1	1	V0054	f
90c153ae-ef46-4347-83e7-41dae5e5f7f9	2023-10-21 14:11:14.005838+01	2023-10-21 14:11:14.005878+01	923ef874-2857-4810-9ef4-4cdeb6d4aecb	1	1	V0055	f
eced37b3-1545-45d8-a719-eb079bc3b9d1	2023-10-21 14:21:05.401773+01	2023-10-21 14:21:05.401792+01	923ef874-2857-4810-9ef4-4cdeb6d4aecb	1	1	V0056	f
7b879ed0-1fad-4af1-8559-ebdae3155b86	2023-10-21 14:25:12.867598+01	2023-10-21 14:25:12.867638+01	923ef874-2857-4810-9ef4-4cdeb6d4aecb	1	1	V0057	f
e622b305-464e-4449-826c-9e4b161bbda8	2023-10-21 14:31:35.372639+01	2023-10-21 14:31:35.372662+01	923ef874-2857-4810-9ef4-4cdeb6d4aecb	1	1	V0058	f
c32c0390-c21a-45e0-9d92-aeec4f51b115	2023-10-21 14:37:37.25416+01	2023-10-21 14:37:37.254189+01	923ef874-2857-4810-9ef4-4cdeb6d4aecb	1	1	V0059	f
d20634a8-3fda-4dcd-964b-fe9148037c2f	2023-10-21 14:45:32.897307+01	2023-10-21 14:45:32.897355+01	923ef874-2857-4810-9ef4-4cdeb6d4aecb	1	1	V0060	f
490e266f-e985-4f2b-9ba3-957a47635076	2023-10-21 14:46:05.381155+01	2023-10-21 14:46:05.381175+01	923ef874-2857-4810-9ef4-4cdeb6d4aecb	1	1	V0061	f
3dfba6c9-cd3d-43f4-b0d6-6f8de51ce035	2023-10-21 14:56:03.781653+01	2023-10-21 14:56:03.781687+01	923ef874-2857-4810-9ef4-4cdeb6d4aecb	1	1	V0062	f
a6f95fb3-e2e8-4be5-aab5-49a1d6195fa1	2023-10-21 15:40:01.334274+01	2023-10-21 15:40:01.334316+01	923ef874-2857-4810-9ef4-4cdeb6d4aecb	1	1	V0063	f
fb834831-9ac2-419e-863c-6eb3337ec70a	2023-10-21 15:42:18.255204+01	2023-10-21 15:42:18.255239+01	923ef874-2857-4810-9ef4-4cdeb6d4aecb	1	1	V0064	f
412f1288-4752-4c39-9302-c43331e48617	2023-10-22 19:28:22.205052+01	2023-10-22 19:28:22.205082+01	923ef874-2857-4810-9ef4-4cdeb6d4aecb	1	1	V0065	f
16657991-e53c-4b8c-a012-2121a31935c3	2024-02-05 17:09:00.849218+00	2024-02-05 17:09:00.849264+00	923ef874-2857-4810-9ef4-4cdeb6d4aecb	1	1	V0066	f
9329c678-3375-4fac-aeab-0159a38de3f9	2024-02-05 20:15:05.739351+00	2024-02-05 20:15:05.739372+00	923ef874-2857-4810-9ef4-4cdeb6d4aecb	1	1	V0067	f
bdc009bd-0dce-4a42-9308-de9af1581f4d	2024-02-25 15:58:10.619498+00	2024-02-25 15:58:10.62111+00	923ef874-2857-4810-9ef4-4cdeb6d4aecb	1	1	V0068	f
\.


--
-- Data for Name: bazaar_event; Type: TABLE DATA; Schema: public; Owner: c1losa
--

COPY public.bazaar_event (id, name, date, is_active, is_closed, notes, fee_value_default, fee_value_percentage, x_created, x_modified, x_user_id) FROM stdin;
b04448d7-5de2-4a17-8a76-f81a8119a4e3	Bazárek děti jaro 2023	2023-05-12 07:00:00+01	f	t		100	5	2023-09-19 12:47:28.916807+01	2023-09-19 12:47:28.916807+01	1
6e9b7c18-6e47-44b9-b381-f116261cc171	Bazarek podzim 2023	2023-09-21 07:00:00+01	f	t		100	5	2023-10-17 17:30:31.389086+01	2023-10-17 17:30:31.389093+01	1
923ef874-2857-4810-9ef4-4cdeb6d4aecb	Bazar dospělí podzim 2023	2023-10-20 08:00:00+01	t	f		20	10	2023-10-18 21:51:27.324093+01	2023-10-18 21:51:27.324101+01	1
\.


--
-- Data for Name: bazaar_eventseller; Type: TABLE DATA; Schema: public; Owner: c1losa
--

COPY public.bazaar_eventseller (id, is_no_fees, total_sold_items, total_sales_amount, total_fees, x_created, x_modified, event_id, seller_id, x_user_id, identifier) FROM stdin;
f67ab275-465f-4b80-a1d0-203f71579a50	f	0	0	0	2023-10-18 19:19:53.859349+01	2023-10-18 19:19:53.859349+01	923ef874-2857-4810-9ef4-4cdeb6d4aecb	a73c0a6d-efbb-4c21-a66b-1366453e04d1	1	26
fc7499ba-9432-472e-a82c-e0b7b14d1a14	f	0	0	0	2023-10-18 19:19:57.424072+01	2023-10-18 19:19:57.424072+01	923ef874-2857-4810-9ef4-4cdeb6d4aecb	06a20e0a-f952-4733-b032-70afc8362474	1	49
756bcda1-73d5-409e-8a3c-7588359f9bf1	f	0	0	0	2023-10-18 19:19:59.094167+01	2023-10-18 19:19:59.094167+01	923ef874-2857-4810-9ef4-4cdeb6d4aecb	e937bb7b-1982-4541-9d44-ecc5e0f37eaa	1	59
f3f8ea3e-4620-4741-9301-068ee9357250	f	6	930	113	2023-10-18 19:19:53.618887+01	2023-10-18 19:19:53.618887+01	923ef874-2857-4810-9ef4-4cdeb6d4aecb	797578f1-d765-423a-9ad2-4a4285ce76a7	1	24
8f068ab6-ae03-44fc-ab48-5109caba762f	f	16	2300	250	2023-10-18 19:19:57.074156+01	2023-10-18 19:19:57.074156+01	923ef874-2857-4810-9ef4-4cdeb6d4aecb	90664263-fcec-4be5-af4a-912aed9baac6	1	48
7e7ccd84-4e4f-47d8-abba-e9efefc22d8a	f	10	570	77	2023-10-18 19:25:02.033374+01	2023-10-18 19:25:02.033374+01	923ef874-2857-4810-9ef4-4cdeb6d4aecb	7bf2b394-33be-438f-870d-91fd8d507c5b	1	67
412e2b36-b967-4f95-bcd3-b68fc2d31cc9	f	5	1120	132	2023-10-18 19:19:56.274076+01	2023-10-18 19:19:56.274076+01	923ef874-2857-4810-9ef4-4cdeb6d4aecb	0d9889cd-345f-4d14-83e8-31b8a4773bc2	1	43
ff42c112-65d2-4a67-b39a-7e49873ce1ee	f	2	350	55	2023-10-18 19:19:55.694326+01	2023-10-18 19:19:55.694326+01	923ef874-2857-4810-9ef4-4cdeb6d4aecb	1d130a52-4e91-4c04-85b5-1dd5abcfcdca	1	39
fd0fc819-d0f9-44de-9cf0-7cfea531e8f7	f	1	35	23	2023-10-18 19:19:58.954343+01	2023-10-18 19:19:58.954343+01	923ef874-2857-4810-9ef4-4cdeb6d4aecb	cee3e4bb-b0c3-429d-ac42-c3335dc1439f	1	58
04ce5ed1-af07-4513-8406-d7536a7fdfd7	f	7	830	103	2023-10-18 19:19:56.673963+01	2023-10-18 19:19:56.673963+01	923ef874-2857-4810-9ef4-4cdeb6d4aecb	adcc22aa-ee09-442d-a89e-02b8da2139a0	1	46
36601f9c-25d4-467f-bc46-b0f7881f67d9	f	2	250	45	2023-10-18 19:19:58.298996+01	2023-10-18 19:19:58.298996+01	923ef874-2857-4810-9ef4-4cdeb6d4aecb	0fe666ad-354f-4a0b-9e56-958ff5b8c51f	1	54
5c68dfae-f749-4c95-b02b-62b30fd1d74b	f	11	2110	231	2023-10-18 19:25:02.593221+01	2023-10-18 19:25:02.593221+01	923ef874-2857-4810-9ef4-4cdeb6d4aecb	cdbc33f5-64d2-4450-aa2d-7fa16dedfd11	1	71
729d2922-67b1-4888-8297-dbcf15af79ca	t	11	520	0	2023-10-21 08:26:26.744205+01	2023-10-21 08:26:26.744213+01	923ef874-2857-4810-9ef4-4cdeb6d4aecb	8707292e-5371-4acf-b509-b5814894f926	1	69
27baaa29-ebc0-4086-a1f7-6f687b297de2	t	7	610	0	2023-10-21 08:24:34.665759+01	2023-10-21 08:24:34.665767+01	923ef874-2857-4810-9ef4-4cdeb6d4aecb	3fe0e836-08ca-4d8e-958b-a145779fb337	1	3
f372a214-c1ab-4049-91b0-65c44318046e	f	12	1400	160	2023-10-18 19:19:55.833858+01	2023-10-18 19:19:55.833858+01	923ef874-2857-4810-9ef4-4cdeb6d4aecb	082b6b6c-e4ec-4fbf-9ede-0b04ed195b5e	1	40
c5c7f262-d7e0-40f6-a614-6dac56b546a7	f	5	1173	137	2023-10-18 19:19:52.318983+01	2023-10-18 19:19:52.318983+01	923ef874-2857-4810-9ef4-4cdeb6d4aecb	bf1a835f-d060-4a8b-a7d8-ea57f81b9a8d	1	15
8fb4d722-b63f-4a4f-b5b5-26ad27e87e49	f	18	1100	130	2023-10-18 19:25:03.313011+01	2023-10-18 19:25:03.313011+01	923ef874-2857-4810-9ef4-4cdeb6d4aecb	3c7b78ae-28d2-4ff1-a88f-cacfe9b0bd89	1	75
1998416f-0b8c-4b87-bd1c-01ec5d58f746	f	3	250	45	2023-10-18 19:19:57.834011+01	2023-10-18 19:19:57.834011+01	923ef874-2857-4810-9ef4-4cdeb6d4aecb	f5958812-b3ca-41c7-9ca8-7faa5be78d14	1	51
992d9160-40f2-4a56-95a0-fb89748881b0	f	7	320	52	2023-10-18 19:19:52.174065+01	2023-10-18 19:19:52.174065+01	923ef874-2857-4810-9ef4-4cdeb6d4aecb	0cb2604b-57da-4ab1-939c-04589082b887	1	14
95b67d8c-843e-49df-9155-1cbd0188d78c	f	10	878	107	2023-10-18 19:19:54.633924+01	2023-10-18 19:19:54.633924+01	923ef874-2857-4810-9ef4-4cdeb6d4aecb	8fc104eb-0938-4cf1-844f-c3ffc083f933	1	32
b396a727-0f97-48db-be94-dd6b10c69037	f	2	450	65	2023-10-18 19:19:53.454225+01	2023-10-18 19:19:53.454225+01	923ef874-2857-4810-9ef4-4cdeb6d4aecb	aca6146e-fce6-42d0-a12a-3b56600c5d3b	1	23
c324e28f-6f7a-45fd-b2b9-231d5eccc4db	f	11	565	76	2023-10-18 19:19:52.733752+01	2023-10-18 19:19:52.733752+01	923ef874-2857-4810-9ef4-4cdeb6d4aecb	efdca923-0fb0-4c6b-a920-8e2f10128fdc	1	18
9ad231fa-af09-47e4-9cb6-570fa327f943	t	7	830	0	2023-10-21 08:24:53.081341+01	2023-10-21 08:24:53.08135+01	923ef874-2857-4810-9ef4-4cdeb6d4aecb	b591674a-3770-4c8a-925a-eb7fe2d1b11d	1	21
bc5d7ba8-ec37-438a-b532-e7bf9b92ad54	f	7	920	112	2023-10-18 19:25:03.492921+01	2023-10-18 19:25:03.492921+01	923ef874-2857-4810-9ef4-4cdeb6d4aecb	b167a12d-daab-4b4c-a344-fdd7d40afac9	1	76
ee8cbd82-fb96-4ec9-8696-2eab7a609553	f	16	835	103	2023-10-18 19:19:56.533899+01	2023-10-18 19:19:56.533899+01	923ef874-2857-4810-9ef4-4cdeb6d4aecb	f7e6af3f-eead-4692-977b-2a23a4c42187	1	45
b99128da-0f66-49d0-ab09-57f7dabb1f3d	t	38	2670	36	2023-10-21 08:25:11.712053+01	2023-10-21 08:25:11.712061+01	923ef874-2857-4810-9ef4-4cdeb6d4aecb	7e039e2a-98a7-45a7-8958-8015c1f440e2	1	47
6c9b87a1-2ed3-474a-91b0-282c5cbebd6f	f	6	520	72	2023-10-18 19:19:52.894243+01	2023-10-18 19:19:52.894243+01	923ef874-2857-4810-9ef4-4cdeb6d4aecb	2599b1ae-7e2c-455b-af45-8b6c1b950395	1	19
627bafed-07ce-462f-abc9-50e26a850428	f	2	100	30	2023-10-18 21:16:46.848521+01	2023-10-18 21:16:46.848528+01	923ef874-2857-4810-9ef4-4cdeb6d4aecb	2da299cb-6ac7-4043-be30-87a05aff6d54	1	22
dc1c65ae-2429-440e-a9d7-8704f85002fa	f	4	670	87	2023-10-18 19:19:50.679332+01	2023-10-18 19:19:50.679332+01	923ef874-2857-4810-9ef4-4cdeb6d4aecb	18f8c726-2a29-46e7-8016-1a2fdbdae533	1	4
0d0535e4-11ac-4a28-8c28-edfd6028b927	f	7	280	48	2023-10-18 19:19:52.599028+01	2023-10-18 19:19:52.599028+01	923ef874-2857-4810-9ef4-4cdeb6d4aecb	8ab87bb6-1af9-459b-b8a6-9c9af397560d	1	17
4f481558-09e0-4b70-bb23-3d786d382390	f	9	760	96	2023-10-18 19:25:01.532977+01	2023-10-18 19:25:01.532977+01	923ef874-2857-4810-9ef4-4cdeb6d4aecb	04c144b6-31f5-4d04-bef9-548db197ddb1	1	63
bef73fff-6d15-4e49-b55d-aa226febf00b	f	9	1180	138	2023-10-18 19:25:01.213186+01	2023-10-18 19:25:01.213186+01	923ef874-2857-4810-9ef4-4cdeb6d4aecb	918de9cd-5de9-49ec-aeb6-af049d6115af	1	61
682a020a-aeb3-4a65-8812-dc0462e30a24	f	2	90	29	2023-10-18 19:19:54.494014+01	2023-10-18 19:19:54.494014+01	923ef874-2857-4810-9ef4-4cdeb6d4aecb	fc0aed9e-253a-48b3-bf85-660c997f49c9	1	31
cb1d4ad0-295d-442f-961c-014253e8a4c6	f	5	480	68	2023-10-18 19:19:55.999186+01	2023-10-18 19:19:55.999186+01	923ef874-2857-4810-9ef4-4cdeb6d4aecb	e3560434-8ea8-4c99-ad3f-1a29ac7f813f	1	41
845d61d6-604b-4505-be8e-7b659da85e1c	f	8	1100	130	2023-10-18 19:25:01.692887+01	2023-10-18 19:25:01.692887+01	923ef874-2857-4810-9ef4-4cdeb6d4aecb	e746d432-3d05-4077-83bd-6e9b47e93adf	1	65
4b69a723-2c52-4434-92e8-f7ffef0f41eb	f	3	445	64	2023-10-18 19:19:51.428964+01	2023-10-18 19:19:51.428964+01	923ef874-2857-4810-9ef4-4cdeb6d4aecb	0a0ba789-90a4-498a-bab8-643237a99087	1	9
43a88bd2-6356-4b14-a931-c585e11da701	f	9	510	71	2023-10-18 19:19:52.074073+01	2023-10-18 19:19:52.074073+01	923ef874-2857-4810-9ef4-4cdeb6d4aecb	1277fa68-403a-4517-b7d4-0e16ee79643b	1	13
ef527472-f721-4479-a6b3-38164a15f1bf	f	8	410	61	2023-10-18 19:19:58.793969+01	2023-10-18 19:19:58.793969+01	923ef874-2857-4810-9ef4-4cdeb6d4aecb	592ef8ba-693d-4825-882d-f13e99551dc8	1	57
dd7598dc-098a-43e9-a8a3-90d7c8b720ba	f	9	690	89	2023-10-18 19:19:58.134484+01	2023-10-18 19:19:58.134484+01	923ef874-2857-4810-9ef4-4cdeb6d4aecb	20c68f3e-ce43-4558-80e7-01b59289df33	1	53
5acfedf9-350b-424f-9df1-c2913284021a	f	6	740	94	2023-10-18 19:19:51.154169+01	2023-10-18 19:19:51.154169+01	923ef874-2857-4810-9ef4-4cdeb6d4aecb	23a044cf-5a77-4271-b0fb-61820eb84bcf	1	7
d34920b7-7d32-4a4f-856f-73f5424334e3	f	4	450	65	2023-10-18 19:19:54.934134+01	2023-10-18 19:19:54.934134+01	923ef874-2857-4810-9ef4-4cdeb6d4aecb	24ccb31b-f714-4b91-809b-8ffd2d955917	1	34
92844628-0a12-4fd3-98f2-d118aceaaee3	t	13	1240	0	2023-10-21 08:24:40.575169+01	2023-10-21 08:24:40.575184+01	923ef874-2857-4810-9ef4-4cdeb6d4aecb	4fa36a57-200b-4aa2-9cca-d59fa253c2be	1	5
321366ef-747f-4862-a924-c123d745cf08	f	7	695	89	2023-10-18 19:19:55.384145+01	2023-10-18 19:19:55.384145+01	923ef874-2857-4810-9ef4-4cdeb6d4aecb	c0aa39b3-3aed-4583-870e-71eb7b4f9491	1	37
55e296b2-b9d3-477f-8e5d-3bc83351f28f	t	2	90	25	2023-10-21 08:26:15.748671+01	2023-10-21 08:26:15.74868+01	923ef874-2857-4810-9ef4-4cdeb6d4aecb	728342e4-9edc-407d-bd3a-b215e8047290	1	62
b97f07c8-673a-4664-9f4c-c079faa9e981	f	6	860	106	2023-10-18 19:25:02.453206+01	2023-10-18 19:25:02.453206+01	923ef874-2857-4810-9ef4-4cdeb6d4aecb	e73d4a8d-310f-4015-99b7-12594fcbb2a7	1	70
60346318-7d35-48f0-b61d-35704503a91e	f	14	330	53	2023-10-18 19:19:57.993953+01	2023-10-18 19:19:57.993953+01	923ef874-2857-4810-9ef4-4cdeb6d4aecb	02ee66c6-e498-4f31-8302-0545b75e2e42	1	52
5a57ad32-b6e0-439c-b254-45c40994bfa5	f	5	505	70	2023-10-18 19:19:54.369001+01	2023-10-18 19:19:54.369001+01	923ef874-2857-4810-9ef4-4cdeb6d4aecb	9a657900-9998-4b58-9f7d-3118d69ecdba	1	30
6473ccb8-05de-44de-a586-b56a7c37f84b	f	4	420	62	2023-10-18 19:19:50.353935+01	2023-10-18 19:19:50.353935+01	923ef874-2857-4810-9ef4-4cdeb6d4aecb	084882f9-203b-4858-85a0-21e1fc49ef24	1	2
90947043-c03a-446e-a6b9-491d42908da3	f	5	650	85	2023-10-18 19:19:55.25413+01	2023-10-18 19:19:55.25413+01	923ef874-2857-4810-9ef4-4cdeb6d4aecb	3e304446-4aec-48f1-9abc-0047310f76c3	1	36
7ad6a3b4-a35f-443d-bff6-ee8d48cb59ab	f	1	60	26	2023-10-18 19:25:02.743718+01	2023-10-18 19:25:02.743718+01	923ef874-2857-4810-9ef4-4cdeb6d4aecb	6b915b60-fa89-4d39-906c-1a4d5ae8c9d0	1	72
c6c976c1-da03-4bb9-ae3e-a56711825d3e	f	3	180	38	2023-10-18 19:19:56.134645+01	2023-10-18 19:19:56.134645+01	923ef874-2857-4810-9ef4-4cdeb6d4aecb	c000d374-31f3-40cc-b558-19e6c688e723	1	42
f92a5564-0f03-4082-97e6-691361da04e4	f	1	50	25	2023-10-18 19:25:02.177792+01	2023-10-18 19:25:02.177792+01	923ef874-2857-4810-9ef4-4cdeb6d4aecb	8eb11a8c-3256-43dd-8b3b-c0038adcdce1	1	68
f5f394a8-abcb-4a09-adb8-cfa3276c10a5	f	9	720	92	2023-10-18 19:19:55.094216+01	2023-10-18 19:19:55.094216+01	923ef874-2857-4810-9ef4-4cdeb6d4aecb	b5b0ef31-fa17-4f5b-a241-8715ead2f017	1	35
91bc1c29-071c-4b4c-b0d4-44f4f31b5f20	f	10	850	105	2023-10-18 19:19:56.414261+01	2023-10-18 19:19:56.414261+01	923ef874-2857-4810-9ef4-4cdeb6d4aecb	74e3e086-30ef-45f7-8526-2f402ceeb13d	1	44
1cd6b019-3410-4de7-a09e-2cae19c46935	f	4	165	36	2023-10-18 19:19:50.95407+01	2023-10-18 19:19:50.95407+01	923ef874-2857-4810-9ef4-4cdeb6d4aecb	8a00330d-c9bf-40f7-9106-30894740c304	1	6
1e9d8e0f-1af8-47d3-b871-fde847ceb0bf	f	8	1850	205	2023-10-18 19:19:57.633834+01	2023-10-18 19:19:57.633834+01	923ef874-2857-4810-9ef4-4cdeb6d4aecb	6d393426-d133-42f2-ae70-6af863fbb08e	1	50
872b6a69-3453-4d27-8db2-211b20bd4aa8	f	15	1150	135	2023-10-18 19:19:54.099018+01	2023-10-18 19:19:54.099018+01	923ef874-2857-4810-9ef4-4cdeb6d4aecb	e5272122-7466-4840-a43e-3c86c09263f1	1	28
5849797f-5917-4cd7-b5af-87f0ca0d62e2	f	4	850	105	2023-10-18 19:19:54.238795+01	2023-10-18 19:19:54.238795+01	923ef874-2857-4810-9ef4-4cdeb6d4aecb	54d26b4a-9c98-4c41-b9c4-06d7ef71e225	1	29
d61c3181-bd8d-4150-8ce5-f80e72cd7b3e	f	0	0	0	2023-10-18 19:25:07.712661+01	2023-10-18 19:25:07.712661+01	923ef874-2857-4810-9ef4-4cdeb6d4aecb	f07b0d5f-a444-458d-8a56-545b941cc3b0	1	101
e76bfd0f-9cbf-482c-b826-5c38f30b25a9	f	2	490	69	2023-10-18 19:19:53.739877+01	2023-10-18 19:19:53.739877+01	923ef874-2857-4810-9ef4-4cdeb6d4aecb	cacdedce-875a-4be8-bcfd-d95274f743da	1	25
ad57bf75-9df3-405b-a2ab-bcd644e262dd	f	6	500	70	2023-10-18 19:25:03.793095+01	2023-10-18 19:25:03.793095+01	923ef874-2857-4810-9ef4-4cdeb6d4aecb	d734b6be-7886-492b-8bea-95b74b3cf58a	1	78
81c34ab8-e00f-4dc5-8ed4-7dc8daffa7fc	f	5	1220	142	2023-10-21 08:42:38.013381+01	2023-10-21 08:42:38.013395+01	923ef874-2857-4810-9ef4-4cdeb6d4aecb	4bc409bb-7a9d-497e-be6a-8e5f07d649fb	1	111
ce7b4ffa-3fba-4876-b205-979ed496cd15	f	7	730	93	2023-10-18 19:19:58.603915+01	2023-10-18 19:19:58.603915+01	923ef874-2857-4810-9ef4-4cdeb6d4aecb	a3704cc6-54fb-4ad8-a4e5-240a8ad81cca	1	56
79ea2e0d-2757-41f5-977a-353411143c42	f	10	385	58	2023-10-18 19:19:51.814101+01	2023-10-18 19:19:51.814101+01	923ef874-2857-4810-9ef4-4cdeb6d4aecb	a243a0db-2501-4b1c-9fae-380519a416ca	1	11
6eb08255-fa97-4e0a-b7bd-6f4ed7f1096e	f	12	970	117	2023-10-18 19:25:05.872896+01	2023-10-18 19:25:05.872896+01	923ef874-2857-4810-9ef4-4cdeb6d4aecb	fd5f85bf-c3d2-4311-a540-e7c47562f6f1	1	92
b6431602-149c-4a13-94b6-10bb2b9d7595	f	12	1160	136	2023-10-18 19:25:04.092756+01	2023-10-18 19:25:04.092756+01	923ef874-2857-4810-9ef4-4cdeb6d4aecb	898c0238-505a-42a1-84c6-8f9681d3bd18	1	81
727f107d-4c2c-4f56-ba9e-7a794a720e28	f	4	250	45	2023-10-18 19:25:03.953085+01	2023-10-18 19:25:03.953085+01	923ef874-2857-4810-9ef4-4cdeb6d4aecb	54e5ba0b-70eb-4f5f-a1df-34b4b077fd79	1	79
7084dacc-c379-4559-8026-ec4e0a336c2a	f	8	1310	151	2023-10-18 19:25:05.693526+01	2023-10-18 19:25:05.693526+01	923ef874-2857-4810-9ef4-4cdeb6d4aecb	6fe1df0b-6a51-4e97-9fe4-1123279a6791	1	91
b481e9e5-c18c-425f-ad51-4cd53ea4b3f5	f	2	150	35	2023-10-18 19:25:04.352986+01	2023-10-18 19:25:04.352986+01	923ef874-2857-4810-9ef4-4cdeb6d4aecb	81228834-0eb1-4af9-a093-eadcdfa64076	1	83
20cc9ba0-f2a0-4400-9547-5c888877be81	t	14	870	100	2023-10-18 21:51:56.600074+01	2023-10-18 21:51:56.600081+01	923ef874-2857-4810-9ef4-4cdeb6d4aecb	6dd1f0e5-cd0a-49c1-b1c6-aaa2502fb0f4	1	73
aba1d38e-d2c0-4d04-97e9-8dd1cc2f4c85	f	7	1050	125	2023-10-18 19:25:01.852907+01	2023-10-18 19:25:01.852907+01	923ef874-2857-4810-9ef4-4cdeb6d4aecb	ca52bba3-1db5-4e63-a566-bcb49065d9ac	1	66
70571738-5c33-493e-b09b-499dd5596e49	f	13	1400	160	2023-10-18 19:25:05.173495+01	2023-10-18 19:25:05.173495+01	923ef874-2857-4810-9ef4-4cdeb6d4aecb	491d98f0-0a54-4749-9a58-ab415243c6a8	1	88
602471bc-c88e-4ac8-820d-1bb9e0d055d4	f	3	440	64	2023-10-21 08:31:32.843486+01	2023-10-21 08:31:32.843502+01	923ef874-2857-4810-9ef4-4cdeb6d4aecb	0e5d9c72-a26f-4c2d-b8ec-406d544154df	1	110
c85bd1df-abe4-49ca-bc27-6b5cdb4c3977	f	6	970	117	2023-10-21 08:48:00.573119+01	2023-10-21 08:48:00.573137+01	923ef874-2857-4810-9ef4-4cdeb6d4aecb	4215caa9-5af7-46cd-9824-59f71c83c60b	1	112
ed093ebe-d324-4c00-82a2-3c665ad25e43	f	4	235	43	2023-10-21 09:37:14.346925+01	2023-10-21 09:37:14.346938+01	923ef874-2857-4810-9ef4-4cdeb6d4aecb	37227efe-ece2-4eed-82e3-8f8d1cf21135	1	64
262fb541-d78d-4382-a50f-d50e41a0bbc1	t	9	760	0	2023-10-21 08:25:37.965613+01	2023-10-21 08:25:37.965621+01	923ef874-2857-4810-9ef4-4cdeb6d4aecb	e7a72261-cbfe-40ff-ac65-af62dbda9a43	1	86
67349adf-98a1-4a7e-8e0d-70c95e81faf0	f	13	1370	157	2023-10-18 19:19:52.453926+01	2023-10-18 19:19:52.453926+01	923ef874-2857-4810-9ef4-4cdeb6d4aecb	1fd1c41e-2629-480f-97f1-cceefd760853	1	16
4be762e7-6240-4995-9fa4-1af55470993b	f	2	120	32	2023-10-18 19:25:04.233413+01	2023-10-18 19:25:04.233413+01	923ef874-2857-4810-9ef4-4cdeb6d4aecb	a0434e29-2c51-4528-836f-3725e2641e6d	1	82
1f301def-7871-4f31-ac50-7f159429217d	f	15	1050	125	2023-10-18 19:29:05.021896+01	2023-10-18 19:29:05.021896+01	923ef874-2857-4810-9ef4-4cdeb6d4aecb	ca7296f0-55e7-4691-b221-b5f65f1ec3e3	1	107
915264df-1dde-4a7d-a17a-e6c43b0a5423	f	10	1300	150	2023-10-21 08:35:33.492165+01	2023-10-21 08:35:33.492178+01	923ef874-2857-4810-9ef4-4cdeb6d4aecb	991dcee7-d3bf-4eea-9060-53c63767c09c	1	60
6b4ed45f-4fb7-49b1-8801-6f82aa1d4375	t	42	2303	40	2023-10-21 08:24:48.460188+01	2023-10-21 08:24:48.460196+01	923ef874-2857-4810-9ef4-4cdeb6d4aecb	9a91de4a-a9c6-4527-baea-f98eb329f24f	1	20
23e50784-57f1-4621-8445-ba79b8539699	f	1	60	26	2023-10-18 19:29:04.362018+01	2023-10-18 19:29:04.362018+01	923ef874-2857-4810-9ef4-4cdeb6d4aecb	70dd68c3-5d23-449a-9ad0-ee4b4f3efd7d	1	103
aba512de-7315-430b-a307-33d86b1d83e2	f	7	400	60	2023-10-18 19:25:05.012896+01	2023-10-18 19:25:05.012896+01	923ef874-2857-4810-9ef4-4cdeb6d4aecb	52c7ebf9-e3dd-4f83-b2ae-603ff7bcc4f9	1	87
67a1481b-a1b3-4011-8699-3f39eca8bc71	t	12	760	0	2023-10-18 19:36:18.494775+01	2023-10-18 19:36:18.494775+01	923ef874-2857-4810-9ef4-4cdeb6d4aecb	219344a2-4772-444e-a543-d5407820950f	1	1
f72c8b00-6d71-4c66-8490-0552f810b961	f	4	410	61	2023-10-18 19:25:04.573148+01	2023-10-18 19:25:04.573148+01	923ef874-2857-4810-9ef4-4cdeb6d4aecb	93c800ca-da4a-4414-a03b-00cc60977ad6	1	84
f4bca2fb-fd5c-4196-9ebc-ed3687dc4294	f	5	680	88	2023-10-18 19:29:05.152115+01	2023-10-18 19:29:05.152115+01	923ef874-2857-4810-9ef4-4cdeb6d4aecb	d4d4faa9-76aa-4a2f-914c-019e63e29c1a	1	108
4034f7a8-fc55-4a47-bcea-fcfc8636a3ba	f	15	2600	280	2023-10-18 19:25:07.562846+01	2023-10-18 19:25:07.562846+01	923ef874-2857-4810-9ef4-4cdeb6d4aecb	97452bc8-5914-4f9c-af16-53ec8a080f0c	1	100
5bd32cdc-930d-46bf-ba98-ecab82cd2373	f	3	280	48	2023-10-18 19:29:04.202304+01	2023-10-18 19:29:04.202304+01	923ef874-2857-4810-9ef4-4cdeb6d4aecb	294c25f1-4a4e-4fa4-bf7a-f16e2c6b6512	1	102
67ab6e66-f479-4857-8fa5-423a525e5e82	t	17	1715	0	2023-10-18 19:36:21.677513+01	2023-10-18 19:36:21.677513+01	923ef874-2857-4810-9ef4-4cdeb6d4aecb	02602a30-32cb-4c5e-ad90-735699f2bbec	1	12
0a5d835d-99dd-46dc-97c3-588c4c3270d0	f	12	1880	208	2023-10-18 19:19:55.523823+01	2023-10-18 19:19:55.523823+01	923ef874-2857-4810-9ef4-4cdeb6d4aecb	179431a5-d0d2-4182-a004-fc863f421730	1	38
28187923-eb64-4c41-be30-7659d43020d8	f	12	1855	205	2023-10-18 19:19:54.774652+01	2023-10-18 19:19:54.774652+01	923ef874-2857-4810-9ef4-4cdeb6d4aecb	4385e334-d6dc-456a-a90c-6df03e63b87f	1	33
84fb87b3-af8c-40e2-999d-9524b69caba9	f	17	1020	122	2023-10-18 19:19:53.973933+01	2023-10-18 19:19:53.973933+01	923ef874-2857-4810-9ef4-4cdeb6d4aecb	cc3d50e8-c4c7-4f69-b3e2-2b837e9f5f32	1	27
19e9e3fc-45c7-4a35-bcba-60f017a44df7	f	17	2600	280	2023-10-18 19:25:06.913072+01	2023-10-18 19:25:06.913072+01	923ef874-2857-4810-9ef4-4cdeb6d4aecb	8ef86fd5-33ba-494c-883c-5f57e63dbb47	1	97
e3e61c83-7b95-403b-8787-939fb7752b9a	f	10	1020	122	2023-10-18 19:19:51.294006+01	2023-10-18 19:19:51.294006+01	923ef874-2857-4810-9ef4-4cdeb6d4aecb	3d2500dd-a2a2-4425-8eda-8953ed1dc626	1	8
2b500115-3ced-4a3b-b7b0-912d851c3923	f	4	300	50	2023-10-18 19:19:58.473993+01	2023-10-18 19:19:58.473993+01	923ef874-2857-4810-9ef4-4cdeb6d4aecb	5a9c9920-5a12-4455-9f8c-0d52f50f9394	1	55
7c8f71c5-6eb7-4efd-9f6b-0db5d626fca0	t	4	280	21	2023-10-21 08:23:19.829141+01	2023-10-21 08:23:19.829149+01	923ef874-2857-4810-9ef4-4cdeb6d4aecb	dc10fe45-21b6-49ac-a4bb-80cd85b709ed	1	77
26c43d01-b66f-4cab-b4ce-312a82218497	f	4	340	54	2023-10-18 19:25:06.768229+01	2023-10-18 19:25:06.768229+01	923ef874-2857-4810-9ef4-4cdeb6d4aecb	b9176af1-c85b-49cb-8c89-9763263c9021	1	96
49589b1e-fd4c-414c-b1b1-dcaa83b24e11	f	3	45	24	2023-10-18 19:29:04.652547+01	2023-10-18 19:29:04.652547+01	923ef874-2857-4810-9ef4-4cdeb6d4aecb	bfd97b91-e895-4088-8eb1-0b50b0b8df04	1	105
fe7e9b9f-6854-4ba8-9da4-c5e4462f536e	f	6	475	67	2023-10-18 19:25:04.712785+01	2023-10-18 19:25:04.712785+01	923ef874-2857-4810-9ef4-4cdeb6d4aecb	85b702d3-be71-4980-90c3-48971d840409	1	85
52782bc1-68c7-4361-ab65-5743be5793d2	f	7	380	58	2023-10-18 19:29:04.832024+01	2023-10-18 19:29:04.832024+01	923ef874-2857-4810-9ef4-4cdeb6d4aecb	2708f256-2a2e-40ed-a499-8169905c4b54	1	106
d76436f0-2a28-4afc-acec-1795eacda732	f	6	610	81	2023-10-18 19:25:06.033194+01	2023-10-18 19:25:06.033194+01	923ef874-2857-4810-9ef4-4cdeb6d4aecb	609ad555-71fa-414f-b534-1cd394962902	1	93
68308b07-51bb-4acc-993c-fcbca837b4ee	f	7	970	117	2023-10-18 19:29:04.512032+01	2023-10-18 19:29:04.512032+01	923ef874-2857-4810-9ef4-4cdeb6d4aecb	5a02d6e9-0f57-4f1a-8115-321df492cfa0	1	104
305cf67a-754e-45ea-a907-3b30b0852369	f	3	210	41	2023-10-18 19:25:06.272794+01	2023-10-18 19:25:06.272794+01	923ef874-2857-4810-9ef4-4cdeb6d4aecb	f7964108-2a04-459e-9152-105491f522f8	1	94
599156db-ad6d-4bac-b1a1-e41af22061f7	f	28	2865	306	2023-10-21 08:53:13.887751+01	2023-10-21 08:53:13.887764+01	923ef874-2857-4810-9ef4-4cdeb6d4aecb	859cc0e3-c9d8-4f29-a5a4-18e81d3ada1b	1	80
89caa3f2-fa80-43a7-b128-d0f71efdd5dc	f	11	680	88	2023-10-18 19:25:05.317969+01	2023-10-18 19:25:05.317969+01	923ef874-2857-4810-9ef4-4cdeb6d4aecb	ff565a2a-0dc9-4e85-b518-1ae4374bd3f0	1	89
4d884509-0e12-4d21-8d47-835057a86152	f	2	100	30	2023-10-18 19:25:07.413135+01	2023-10-18 19:25:07.413135+01	923ef874-2857-4810-9ef4-4cdeb6d4aecb	f3e66248-3654-4b95-a843-c7731f5e75b8	1	99
b4b08698-fd3d-4e5d-987a-bb3cea58ce44	f	8	600	80	2023-10-18 19:25:05.537908+01	2023-10-18 19:25:05.537908+01	923ef874-2857-4810-9ef4-4cdeb6d4aecb	0f59f549-ff53-4a67-ac8d-0cc4d249850f	1	90
1f616756-6c59-4f8d-b32b-2e21aa4075a6	f	2	130	33	2023-10-21 10:37:24.270954+01	2023-10-21 10:37:24.270967+01	923ef874-2857-4810-9ef4-4cdeb6d4aecb	df527e86-879a-4599-9b20-b12357038dc6	1	114
8e33f3aa-4b9f-45d0-93bc-251b493a3bde	f	20	1120	132	2023-10-18 19:25:03.07862+01	2023-10-18 19:25:03.07862+01	923ef874-2857-4810-9ef4-4cdeb6d4aecb	b8ed548f-fa62-43ac-a999-99bf392f03e0	1	74
a059cb42-d863-4018-ba42-6fce13657306	f	12	1470	167	2023-10-18 19:19:51.568933+01	2023-10-18 19:19:51.568933+01	923ef874-2857-4810-9ef4-4cdeb6d4aecb	7dc8b781-36c1-4db8-bb38-f5162e6e1421	1	10
8f15b347-a35d-492f-8763-2556803b8811	f	13	630	83	2023-10-18 19:25:06.578091+01	2023-10-18 19:25:06.578091+01	923ef874-2857-4810-9ef4-4cdeb6d4aecb	2710bd03-c5c7-40a5-92d0-00ab6ca04350	1	95
f34f912f-d647-44b1-88ac-3097f416295e	f	8	900	110	2023-10-20 19:16:27.971693+01	2023-10-20 19:16:27.97171+01	923ef874-2857-4810-9ef4-4cdeb6d4aecb	ba38d243-6e19-49a4-ade8-3a74dd360299	1	109
ad7034ee-fc05-4756-85ba-582efd305ce8	f	7	975	117	2023-10-18 19:25:07.233123+01	2023-10-18 19:25:07.233123+01	923ef874-2857-4810-9ef4-4cdeb6d4aecb	b91b8db4-20a2-4bbd-b08f-483b60cc9ea8	1	98
\.


--
-- Data for Name: bazaar_eventuser; Type: TABLE DATA; Schema: public; Owner: c1losa
--

COPY public.bazaar_eventuser (id, x_created, x_modified, event_id, user_id, x_user_id) FROM stdin;
a9b542b8-c8fa-4824-8919-b8f0dab182cc	2023-10-16 20:34:14.096402+01	2023-10-16 20:34:14.096424+01	6e9b7c18-6e47-44b9-b381-f116261cc171	1	1
\.


--
-- Data for Name: bazaar_item; Type: TABLE DATA; Schema: public; Owner: c1losa
--

COPY public.bazaar_item (id, size, price, x_created, x_modified, cart_id, event_seller_id, x_user_id) FROM stdin;
a243a894-2a23-4a9f-abae-c3fe3ec54ff3		180	2023-10-21 08:19:00.963004+01	2023-10-21 08:19:00.963018+01	1ee13958-d332-474d-9351-508bc4011900	89caa3f2-fa80-43a7-b128-d0f71efdd5dc	1
001190a4-0afb-4a65-8f14-626a3661825b	-	70	2023-10-21 08:29:28.497653+01	2023-10-21 08:29:28.497667+01	33ee51ea-fb48-4ad8-b75c-1b44808052b5	91bc1c29-071c-4b4c-b0d4-44f4f31b5f20	1
acd55c87-060a-425c-a863-ca7dc9debe4d		100	2023-10-21 08:29:28.506522+01	2023-10-21 08:29:28.50654+01	33ee51ea-fb48-4ad8-b75c-1b44808052b5	79ea2e0d-2757-41f5-977a-353411143c42	1
dd151505-80d7-49f4-968b-591d44199a33	S	100	2023-10-21 08:29:28.51443+01	2023-10-21 08:29:28.514444+01	33ee51ea-fb48-4ad8-b75c-1b44808052b5	ee8cbd82-fb96-4ec9-8696-2eab7a609553	1
24626439-dd56-4b9a-bd59-1ee48088427d		50	2023-10-21 08:29:28.52296+01	2023-10-21 08:29:28.522975+01	33ee51ea-fb48-4ad8-b75c-1b44808052b5	8e33f3aa-4b9f-45d0-93bc-251b493a3bde	1
7c4787d8-ad44-4a2b-953e-9c1e21ad8737		80	2023-10-21 08:31:28.3537+01	2023-10-21 08:31:28.353718+01	838e6bae-8f5b-492b-95b5-96a9a7913de0	67a1481b-a1b3-4011-8699-3f39eca8bc71	1
a495e314-1a25-49a9-9203-66fd033079f9		60	2023-10-21 08:31:28.361411+01	2023-10-21 08:31:28.361425+01	838e6bae-8f5b-492b-95b5-96a9a7913de0	4f481558-09e0-4b70-bb23-3d786d382390	1
b4813b57-ea5f-45c8-ae7c-693de0b1eb14		90	2023-10-21 08:31:32.813279+01	2023-10-21 08:31:32.813293+01	81119180-f2de-4375-91f2-79b8261b0dda	b99128da-0f66-49d0-ab09-57f7dabb1f3d	1
6755c2fc-7be6-421e-8bfe-1d0dc647f97a		100	2023-10-21 08:31:32.8211+01	2023-10-21 08:31:32.821116+01	81119180-f2de-4375-91f2-79b8261b0dda	ad57bf75-9df3-405b-a2ab-bcd644e262dd	1
5487deca-a00f-4434-98ee-395218bf30cd		80	2023-10-21 08:31:32.829408+01	2023-10-21 08:31:32.829421+01	81119180-f2de-4375-91f2-79b8261b0dda	67349adf-98a1-4a7e-8e0d-70c95e81faf0	1
54298448-dde6-4806-bf47-c1c6fb010194		120	2023-10-21 08:31:32.848444+01	2023-10-21 08:31:32.848468+01	81119180-f2de-4375-91f2-79b8261b0dda	602471bc-c88e-4ac8-820d-1bb9e0d055d4	1
d3ef0545-cb59-40d6-a609-38a06cccf3b4		100	2023-10-21 08:31:32.858069+01	2023-10-21 08:31:32.858084+01	81119180-f2de-4375-91f2-79b8261b0dda	ce7b4ffa-3fba-4876-b205-979ed496cd15	1
13604eaf-5565-4509-85b1-b349d0dc4a6c	-	20	2023-10-21 08:31:32.870498+01	2023-10-21 08:31:32.870516+01	81119180-f2de-4375-91f2-79b8261b0dda	60346318-7d35-48f0-b61d-35704503a91e	1
e5d924fa-184f-4403-a481-29ad016490e0		40	2023-10-21 08:33:21.690465+01	2023-10-21 08:33:21.69048+01	fa76da86-f774-40e1-929d-5fe69561ac7b	729d2922-67b1-4888-8297-dbcf15af79ca	1
5a4c2920-9e2b-4e51-bca1-5efda3404936	0	320	2023-10-21 08:35:17.776607+01	2023-10-21 08:35:17.776614+01	d9ea835a-c43d-4915-abb2-1e8e0d041faa	845d61d6-604b-4505-be8e-7b659da85e1c	1
c6ee2e8b-7233-4bcf-a2fd-fe01c5de674f	0	50	2023-10-21 08:35:17.7841+01	2023-10-21 08:35:17.784107+01	d9ea835a-c43d-4915-abb2-1e8e0d041faa	89caa3f2-fa80-43a7-b128-d0f71efdd5dc	1
073d9604-ac13-488d-ae74-a083d389ae5b	0	150	2023-10-21 08:35:17.790681+01	2023-10-21 08:35:17.790688+01	d9ea835a-c43d-4915-abb2-1e8e0d041faa	d34920b7-7d32-4a4f-856f-73f5424334e3	1
0349836e-21cc-40e5-b89f-400b3db4f804		300	2023-10-21 08:35:48.760639+01	2023-10-21 08:35:48.760656+01	52625e7c-8a1e-43d7-84c9-fc788e76c0e1	b6431602-149c-4a13-94b6-10bb2b9d7595	1
9ff9d453-28e0-489d-989a-53dfd75e1a2e		30	2023-10-21 08:37:00.543517+01	2023-10-21 08:37:00.543533+01	3d4c8dee-4e38-4261-a048-1c10d16611e8	70571738-5c33-493e-b09b-499dd5596e49	1
01235c1d-59c4-472a-9d69-794356f9862f		20	2023-10-21 08:37:00.552517+01	2023-10-21 08:37:00.552533+01	3d4c8dee-4e38-4261-a048-1c10d16611e8	8fb4d722-b63f-4a4f-b5b5-26ad27e87e49	1
aac606e4-229a-4604-a387-1ec53c7cfd93		60	2023-10-21 08:37:00.560674+01	2023-10-21 08:37:00.560691+01	3d4c8dee-4e38-4261-a048-1c10d16611e8	8fb4d722-b63f-4a4f-b5b5-26ad27e87e49	1
52781a66-49ba-45a9-9e57-62ea141a5da7		40	2023-10-21 08:37:00.568618+01	2023-10-21 08:37:00.568634+01	3d4c8dee-4e38-4261-a048-1c10d16611e8	8e33f3aa-4b9f-45d0-93bc-251b493a3bde	1
d881f4f5-66f4-4512-9ce6-463f77648e24		50	2023-10-21 08:37:00.576469+01	2023-10-21 08:37:00.576485+01	3d4c8dee-4e38-4261-a048-1c10d16611e8	89caa3f2-fa80-43a7-b128-d0f71efdd5dc	1
a46e7c08-4387-4a43-a2d1-82b1a67c793f		40	2023-10-21 08:39:42.194665+01	2023-10-21 08:39:42.194678+01	463ef49c-1ff7-479f-b0c4-51f65f38802e	aba512de-7315-430b-a307-33d86b1d83e2	1
02553270-5f02-4080-ae9c-5c6a7e6ab1ab		25	2023-10-21 08:39:42.203583+01	2023-10-21 08:39:42.203596+01	463ef49c-1ff7-479f-b0c4-51f65f38802e	c324e28f-6f7a-45fd-b2b9-231d5eccc4db	1
ce17a85a-4800-409e-84e8-384e6fbf0442		50	2023-10-21 08:39:42.211643+01	2023-10-21 08:39:42.211658+01	463ef49c-1ff7-479f-b0c4-51f65f38802e	67a1481b-a1b3-4011-8699-3f39eca8bc71	1
ab05d96a-7ca8-4381-8c0f-bad14b2fa9ed		50	2023-10-21 08:39:42.218443+01	2023-10-21 08:39:42.218459+01	463ef49c-1ff7-479f-b0c4-51f65f38802e	90947043-c03a-446e-a6b9-491d42908da3	1
acdc92fc-0c0b-45b2-ab80-6e13a36887d5		100	2023-10-21 08:39:42.226612+01	2023-10-21 08:39:42.226627+01	463ef49c-1ff7-479f-b0c4-51f65f38802e	19e9e3fc-45c7-4a35-bcba-60f017a44df7	1
bbc2080e-6eb8-4c19-b385-8d5f22dabdd9		50	2023-10-21 08:41:33.613009+01	2023-10-21 08:41:33.613023+01	e64f0240-e99d-40f6-9cb5-0fc70d9fe68b	9ad231fa-af09-47e4-9cb6-570fa327f943	1
b2a6cc0d-2695-4238-b1bf-1a65d8ab0080		50	2023-10-21 08:43:42.450785+01	2023-10-21 08:43:42.450803+01	c371a6d9-425e-4744-8550-90891dc128da	a059cb42-d863-4018-ba42-6fce13657306	1
98f7ffbf-5dd4-4034-b87b-a0b5d5e49951		200	2023-10-21 08:43:42.461583+01	2023-10-21 08:43:42.461598+01	c371a6d9-425e-4744-8550-90891dc128da	4034f7a8-fc55-4a47-bcea-fcfc8636a3ba	1
01ed39c3-80bb-45a3-9923-6e10a0393c51	s	150	2023-10-21 08:43:42.469557+01	2023-10-21 08:43:42.469572+01	c371a6d9-425e-4744-8550-90891dc128da	915264df-1dde-4a7d-a17a-e6c43b0a5423	1
97573664-9b45-4d20-835e-df7f89d47394		60	2023-10-21 08:43:42.477631+01	2023-10-21 08:43:42.477646+01	c371a6d9-425e-4744-8550-90891dc128da	4f481558-09e0-4b70-bb23-3d786d382390	1
b6fae4a9-9643-4b5a-bdf5-da8e7865f5f5		100	2023-10-21 08:43:42.485813+01	2023-10-21 08:43:42.485828+01	c371a6d9-425e-4744-8550-90891dc128da	68308b07-51bb-4acc-993c-fcbca837b4ee	1
8b71b2ac-0dc3-488b-8846-eff63bad9bed		80	2023-10-21 08:43:42.49423+01	2023-10-21 08:43:42.494244+01	c371a6d9-425e-4744-8550-90891dc128da	b4b08698-fd3d-4e5d-987a-bb3cea58ce44	1
75e7923b-3e1e-419a-89b0-efd5525f6c66		100	2023-10-21 08:43:42.502905+01	2023-10-21 08:43:42.502918+01	c371a6d9-425e-4744-8550-90891dc128da	ad7034ee-fc05-4756-85ba-582efd305ce8	1
c342738b-ced1-4188-b056-c77c7cada1b3		60	2023-10-21 08:43:42.511095+01	2023-10-21 08:43:42.51111+01	c371a6d9-425e-4744-8550-90891dc128da	7e7ccd84-4e4f-47d8-abba-e9efefc22d8a	1
d43e824b-35ba-4fc0-bc9b-3eb1179ab687	-	250	2023-10-21 09:34:25.44577+01	2023-10-21 09:34:25.445776+01	b425c32a-6b34-46d6-b9e9-cefe235486ac	67ab6e66-f479-4857-8fa5-423a525e5e82	1
e2a365ab-5cf0-4395-baad-965b88a3ac5d	-	200	2023-10-21 09:34:37.06542+01	2023-10-21 09:34:37.065426+01	58f7723e-6c39-433e-b5a9-1d6bd2c6be0c	6b4ed45f-4fb7-49b1-8801-6f82aa1d4375	1
5357a61e-90f5-4278-b98c-9e799d640de6	-	50	2023-10-21 09:34:37.071507+01	2023-10-21 09:34:37.071514+01	58f7723e-6c39-433e-b5a9-1d6bd2c6be0c	8e33f3aa-4b9f-45d0-93bc-251b493a3bde	1
7bb0ac92-7648-47d8-8deb-f25c87459d83	-	150	2023-10-21 09:34:46.375719+01	2023-10-21 09:34:46.375725+01	28459630-936c-403f-81b6-e787690443b0	95b67d8c-843e-49df-9155-1cbd0188d78c	1
6ca15d32-eb95-47d4-b9b9-5a3548342b0c	-	200	2023-10-21 09:34:46.382897+01	2023-10-21 09:34:46.382903+01	28459630-936c-403f-81b6-e787690443b0	4034f7a8-fc55-4a47-bcea-fcfc8636a3ba	1
bc5ff164-05d9-480c-94f3-fb5624b224b1	-	100	2023-10-21 09:35:00.822902+01	2023-10-21 09:35:00.822909+01	2d9e1349-32fa-4d24-9feb-befe15b301c9	ad57bf75-9df3-405b-a2ab-bcd644e262dd	1
9b146661-d13f-4027-b872-2d3b5e4c62c2	-	400	2023-10-21 09:35:00.830365+01	2023-10-21 09:35:00.830373+01	2d9e1349-32fa-4d24-9feb-befe15b301c9	67349adf-98a1-4a7e-8e0d-70c95e81faf0	1
61086610-f0a3-47a8-a10c-0d820afad766	-	150	2023-10-21 09:35:00.837339+01	2023-10-21 09:35:00.837347+01	2d9e1349-32fa-4d24-9feb-befe15b301c9	872b6a69-3453-4d27-8db2-211b20bd4aa8	1
0e11e152-9449-48b8-9159-a76ab054bdcc	-	150	2023-10-21 09:35:00.844482+01	2023-10-21 09:35:00.84449+01	2d9e1349-32fa-4d24-9feb-befe15b301c9	872b6a69-3453-4d27-8db2-211b20bd4aa8	1
809d932e-ddbf-45eb-8f9c-b9f1204de178	-	50	2023-10-21 09:35:12.743964+01	2023-10-21 09:35:12.743971+01	521f4e5f-6347-4aef-919c-98729a6944ae	92844628-0a12-4fd3-98f2-d118aceaaee3	1
d85ae731-21b3-4558-817b-26a5117b94af	-	50	2023-10-21 09:35:12.749916+01	2023-10-21 09:35:12.749922+01	521f4e5f-6347-4aef-919c-98729a6944ae	92844628-0a12-4fd3-98f2-d118aceaaee3	1
85cae04f-80ca-42fc-a07d-21d79432b885	-	80	2023-10-21 09:35:12.755667+01	2023-10-21 09:35:12.755673+01	521f4e5f-6347-4aef-919c-98729a6944ae	c6c976c1-da03-4bb9-ae3e-a56711825d3e	1
a7174897-6211-472a-ab84-1c5a257d3ea1	-	50	2023-10-21 09:35:12.762453+01	2023-10-21 09:35:12.76246+01	521f4e5f-6347-4aef-919c-98729a6944ae	915264df-1dde-4a7d-a17a-e6c43b0a5423	1
ad91a44d-f22f-44c2-8a25-476f3bde4a99	-	100	2023-10-21 09:35:12.7693+01	2023-10-21 09:35:12.769306+01	521f4e5f-6347-4aef-919c-98729a6944ae	19e9e3fc-45c7-4a35-bcba-60f017a44df7	1
20d83a9d-7cfc-4448-9453-e8bcf7ab2cec	-	100	2023-10-21 09:35:12.77618+01	2023-10-21 09:35:12.776187+01	521f4e5f-6347-4aef-919c-98729a6944ae	68308b07-51bb-4acc-993c-fcbca837b4ee	1
099c7e61-49a5-476b-8e45-ab928555ab6a	-	90	2023-10-21 09:35:12.783012+01	2023-10-21 09:35:12.783019+01	521f4e5f-6347-4aef-919c-98729a6944ae	b99128da-0f66-49d0-ab09-57f7dabb1f3d	1
1e04fa2b-2bd8-4b24-8aa3-875a06755c68	-	10	2023-10-21 09:47:55.031958+01	2023-10-21 09:47:55.031964+01	f0b26f4b-01a1-466b-97e6-d47b25cd668b	60346318-7d35-48f0-b61d-35704503a91e	1
c534aa85-698a-4a11-bcba-93b2bfe991f5	-	80	2023-10-21 09:47:55.039233+01	2023-10-21 09:47:55.03924+01	f0b26f4b-01a1-466b-97e6-d47b25cd668b	727f107d-4c2c-4f56-ba9e-7a794a720e28	1
d96e9c03-7bb8-4bf9-83df-3a0b99122006	-	170	2023-10-21 09:47:55.04586+01	2023-10-21 09:47:55.045866+01	f0b26f4b-01a1-466b-97e6-d47b25cd668b	f72c8b00-6d71-4c66-8490-0552f810b961	1
be03e45f-878e-435a-a212-c3732274e4f1	-	50	2023-10-21 09:47:55.052462+01	2023-10-21 09:47:55.052469+01	f0b26f4b-01a1-466b-97e6-d47b25cd668b	67349adf-98a1-4a7e-8e0d-70c95e81faf0	1
5dfea9a7-6138-49ce-ad54-42288154b948	-	200	2023-10-21 09:47:55.059062+01	2023-10-21 09:47:55.059069+01	f0b26f4b-01a1-466b-97e6-d47b25cd668b	67349adf-98a1-4a7e-8e0d-70c95e81faf0	1
141d350b-cfbb-49da-9bbd-242aae5bb78e	-	20	2023-10-21 09:47:55.065729+01	2023-10-21 09:47:55.065735+01	f0b26f4b-01a1-466b-97e6-d47b25cd668b	8f15b347-a35d-492f-8763-2556803b8811	1
36c93944-7b9e-449f-a1cf-24e5625939c4	-	100	2023-10-21 09:47:55.072383+01	2023-10-21 09:47:55.07239+01	f0b26f4b-01a1-466b-97e6-d47b25cd668b	f34f912f-d647-44b1-88ac-3097f416295e	1
d4179f17-7223-4cb8-b078-5580a5bc2a54	-	190	2023-10-21 09:47:55.079106+01	2023-10-21 09:47:55.079111+01	f0b26f4b-01a1-466b-97e6-d47b25cd668b	81c34ab8-e00f-4dc5-8ed4-7dc8daffa7fc	1
95f66db2-da0b-40fd-9189-5e531e119559	-	10	2023-10-21 09:48:26.452808+01	2023-10-21 09:48:26.452814+01	8047f19c-ebf1-45d6-ace8-a06069b62c3a	60346318-7d35-48f0-b61d-35704503a91e	1
f9a7134c-edf5-4d3a-8afd-ce80d381d949	-	50	2023-10-21 09:48:26.460565+01	2023-10-21 09:48:26.460572+01	8047f19c-ebf1-45d6-ace8-a06069b62c3a	ce7b4ffa-3fba-4876-b205-979ed496cd15	1
f386cc7e-642b-4296-86a5-651ca4d3c687	-	60	2023-10-21 09:48:26.467783+01	2023-10-21 09:48:26.467789+01	8047f19c-ebf1-45d6-ace8-a06069b62c3a	ee8cbd82-fb96-4ec9-8696-2eab7a609553	1
b5addbda-5697-4294-985c-7eaf4656e2dd		200	2023-10-21 08:44:49.230761+01	2023-10-21 08:44:49.230775+01	f1d6d11a-05e9-4f72-abab-e464c3557ab8	dc1c65ae-2429-440e-a9d7-8704f85002fa	1
ef03dc40-4012-4fad-a999-ce384cb625d8		200	2023-10-21 08:44:49.240357+01	2023-10-21 08:44:49.240374+01	f1d6d11a-05e9-4f72-abab-e464c3557ab8	6b4ed45f-4fb7-49b1-8801-6f82aa1d4375	1
6726dfcf-5178-4ef3-bb5d-3bccb1c276fe		50	2023-10-21 08:44:49.247294+01	2023-10-21 08:44:49.247309+01	f1d6d11a-05e9-4f72-abab-e464c3557ab8	60346318-7d35-48f0-b61d-35704503a91e	1
ccf16f5f-b34e-4129-ac9c-36851fe7cad8		40	2023-10-21 08:44:49.256024+01	2023-10-21 08:44:49.256046+01	f1d6d11a-05e9-4f72-abab-e464c3557ab8	6473ccb8-05de-44de-a586-b56a7c37f84b	1
c76a9fdf-3b33-4db8-82ed-5bb3f15334b3		100	2023-10-21 08:44:49.264526+01	2023-10-21 08:44:49.264542+01	f1d6d11a-05e9-4f72-abab-e464c3557ab8	bef73fff-6d15-4e49-b55d-aa226febf00b	1
4f4e978d-3003-40d9-a8fc-038382389ba1		200	2023-10-21 08:44:49.272327+01	2023-10-21 08:44:49.272341+01	f1d6d11a-05e9-4f72-abab-e464c3557ab8	1f301def-7871-4f31-ac50-7f159429217d	1
5facf9b8-fe58-438d-b8b4-6f9bae53a329		200	2023-10-21 08:44:49.280135+01	2023-10-21 08:44:49.280149+01	f1d6d11a-05e9-4f72-abab-e464c3557ab8	70571738-5c33-493e-b09b-499dd5596e49	1
04a3d1c1-81ff-485d-a2d7-bcc0d39e2403		70	2023-10-21 08:44:49.287871+01	2023-10-21 08:44:49.287885+01	f1d6d11a-05e9-4f72-abab-e464c3557ab8	dd7598dc-098a-43e9-a8a3-90d7c8b720ba	1
9d9ca8cb-89de-4c7b-9ca2-765ca4d8d38d		100	2023-10-21 08:44:49.295713+01	2023-10-21 08:44:49.295728+01	f1d6d11a-05e9-4f72-abab-e464c3557ab8	b481e9e5-c18c-425f-ad51-4cd53ea4b3f5	1
ddb072b6-f59e-48e0-861d-6c9f8117f00a		70	2023-10-21 08:44:49.303862+01	2023-10-21 08:44:49.303877+01	f1d6d11a-05e9-4f72-abab-e464c3557ab8	68308b07-51bb-4acc-993c-fcbca837b4ee	1
f3acf94d-a15e-45c9-911c-1b30c9d22c7c		20	2023-10-21 08:45:18.789084+01	2023-10-21 08:45:18.789097+01	91265647-0199-421c-8551-5ea776a0431f	70571738-5c33-493e-b09b-499dd5596e49	1
528fac19-57ce-4f01-8f7d-e6976bfaeb26		50	2023-10-21 08:45:18.797961+01	2023-10-21 08:45:18.797978+01	91265647-0199-421c-8551-5ea776a0431f	727f107d-4c2c-4f56-ba9e-7a794a720e28	1
1928cb97-77fd-4480-9bff-3ae799c20894		50	2023-10-21 08:45:18.806271+01	2023-10-21 08:45:18.806287+01	91265647-0199-421c-8551-5ea776a0431f	0d0535e4-11ac-4a28-8c28-edfd6028b927	1
8f906b72-997a-47ad-a518-c2c684b58a71		50	2023-10-21 08:45:18.814442+01	2023-10-21 08:45:18.814458+01	91265647-0199-421c-8551-5ea776a0431f	b6431602-149c-4a13-94b6-10bb2b9d7595	1
84ce6aa8-2a0d-4922-9beb-b9007b2bd413		300	2023-10-21 08:47:21.797557+01	2023-10-21 08:47:21.79757+01	ed1ff598-fca6-4a98-aa53-0123f3a67c45	4034f7a8-fc55-4a47-bcea-fcfc8636a3ba	1
5310d83e-949c-4efa-be15-e5482115ff4d		70	2023-10-21 08:47:21.806396+01	2023-10-21 08:47:21.806412+01	ed1ff598-fca6-4a98-aa53-0123f3a67c45	8f068ab6-ae03-44fc-ab48-5109caba762f	1
436bf019-cc07-4ab1-a13a-a1eeac5a848f		60	2023-10-21 08:48:00.530594+01	2023-10-21 08:48:00.530611+01	300f75bf-96d0-4fc9-a3d2-972c16b7e740	0d0535e4-11ac-4a28-8c28-edfd6028b927	1
ca0af135-a55a-4166-9f5c-2f5c92056640		200	2023-10-21 08:48:00.540089+01	2023-10-21 08:48:00.540108+01	300f75bf-96d0-4fc9-a3d2-972c16b7e740	845d61d6-604b-4505-be8e-7b659da85e1c	1
d52f67af-b17a-41f1-ba19-8e6c1dcef0c4		200	2023-10-21 08:48:00.548718+01	2023-10-21 08:48:00.548743+01	300f75bf-96d0-4fc9-a3d2-972c16b7e740	915264df-1dde-4a7d-a17a-e6c43b0a5423	1
99de8ecd-6822-44c4-b77d-8f5b70401183		50	2023-10-21 08:48:00.557663+01	2023-10-21 08:48:00.557691+01	300f75bf-96d0-4fc9-a3d2-972c16b7e740	84fb87b3-af8c-40e2-999d-9524b69caba9	1
8537629f-69a9-4004-a52b-d732daaf6540		150	2023-10-21 08:48:00.575253+01	2023-10-21 08:48:00.575267+01	300f75bf-96d0-4fc9-a3d2-972c16b7e740	c85bd1df-abe4-49ca-bc27-6b5cdb4c3977	1
3c109f3e-9ba8-495f-83b2-b300f00c00fd		30	2023-10-21 08:48:00.582391+01	2023-10-21 08:48:00.58241+01	300f75bf-96d0-4fc9-a3d2-972c16b7e740	992d9160-40f2-4a56-95a0-fb89748881b0	1
1c1623ff-c057-4003-a342-55ac76815079		30	2023-10-21 08:49:46.99514+01	2023-10-21 08:49:46.995153+01	36dfa4df-2796-4ffb-83dc-0b84bc2e447f	8f15b347-a35d-492f-8763-2556803b8811	1
af863a04-bcfd-4a06-8fab-78fcf1927df3		40	2023-10-21 08:49:47.004046+01	2023-10-21 08:49:47.004062+01	36dfa4df-2796-4ffb-83dc-0b84bc2e447f	872b6a69-3453-4d27-8db2-211b20bd4aa8	1
deff3355-aa7a-40e3-9be7-5d7cd2c6a065		40	2023-10-21 08:49:47.012111+01	2023-10-21 08:49:47.012131+01	36dfa4df-2796-4ffb-83dc-0b84bc2e447f	e3e61c83-7b95-403b-8787-939fb7752b9a	1
863cbf32-23b0-44f5-9401-6d02b3ea85cc		15	2023-10-21 08:49:47.020271+01	2023-10-21 08:49:47.020285+01	36dfa4df-2796-4ffb-83dc-0b84bc2e447f	79ea2e0d-2757-41f5-977a-353411143c42	1
c04dcd6a-58f9-4507-9c3c-0ff8f539cdf6		60	2023-10-21 08:49:47.028574+01	2023-10-21 08:49:47.028597+01	36dfa4df-2796-4ffb-83dc-0b84bc2e447f	79ea2e0d-2757-41f5-977a-353411143c42	1
e462ec28-eaae-41e3-aeb8-97fa94578f52		15	2023-10-21 08:49:47.036831+01	2023-10-21 08:49:47.036848+01	36dfa4df-2796-4ffb-83dc-0b84bc2e447f	79ea2e0d-2757-41f5-977a-353411143c42	1
6afe3b7a-30a4-4fc8-98ea-c75cc9a14182		100	2023-10-21 08:49:47.04546+01	2023-10-21 08:49:47.045476+01	36dfa4df-2796-4ffb-83dc-0b84bc2e447f	26c43d01-b66f-4cab-b4ce-312a82218497	1
84304daa-b290-4851-a9c7-068d3b5f6c6c		35	2023-10-21 08:49:47.053977+01	2023-10-21 08:49:47.053993+01	36dfa4df-2796-4ffb-83dc-0b84bc2e447f	e3e61c83-7b95-403b-8787-939fb7752b9a	1
8940c7f1-78ea-4e98-8949-66c8086ec47c		30	2023-10-21 08:50:39.47057+01	2023-10-21 08:50:39.470592+01	8a2ad781-262f-446b-a08d-d72bd4877868	6b4ed45f-4fb7-49b1-8801-6f82aa1d4375	1
84125f01-a97d-448b-8a34-823f47efc502		35	2023-10-21 08:50:39.48702+01	2023-10-21 08:50:39.487041+01	8a2ad781-262f-446b-a08d-d72bd4877868	ef527472-f721-4479-a6b3-38164a15f1bf	1
3f59f25f-2ff0-4c46-b6ee-2e5da4d797fb		50	2023-10-21 08:50:39.507557+01	2023-10-21 08:50:39.507574+01	8a2ad781-262f-446b-a08d-d72bd4877868	8f15b347-a35d-492f-8763-2556803b8811	1
71401efe-dd30-4f94-a18e-d8af524dd663		50	2023-10-21 08:50:39.518533+01	2023-10-21 08:50:39.518549+01	8a2ad781-262f-446b-a08d-d72bd4877868	9ad231fa-af09-47e4-9cb6-570fa327f943	1
28bb7211-c94b-43ae-a134-3fdd413ffa04		100	2023-10-21 08:50:39.531285+01	2023-10-21 08:50:39.531301+01	8a2ad781-262f-446b-a08d-d72bd4877868	ad57bf75-9df3-405b-a2ab-bcd644e262dd	1
a34eaf24-9acd-448d-8821-1eea2f930693		150	2023-10-21 08:50:39.539194+01	2023-10-21 08:50:39.539211+01	8a2ad781-262f-446b-a08d-d72bd4877868	729d2922-67b1-4888-8297-dbcf15af79ca	1
68a65aca-4a27-4f0a-911e-b044ee447791		220	2023-10-21 08:50:57.576645+01	2023-10-21 08:50:57.576659+01	6b199af7-7e56-449b-8b7c-0db44dbdfaf3	412e2b36-b967-4f95-bcd3-b68fc2d31cc9	1
0ca7b298-7ed1-4f8e-81b8-7b5f512b255b		50	2023-10-21 08:50:57.585192+01	2023-10-21 08:50:57.585206+01	6b199af7-7e56-449b-8b7c-0db44dbdfaf3	d76436f0-2a28-4afc-acec-1795eacda732	1
2d66aead-d86e-43e1-9c5a-ad70583640a0		50	2023-10-21 08:53:04.298056+01	2023-10-21 08:53:04.29807+01	f3385bb3-483e-4289-83f2-186af2280144	19e9e3fc-45c7-4a35-bcba-60f017a44df7	1
4fbc64fd-517a-4483-afb3-6869731c17f6		100	2023-10-21 08:53:04.307045+01	2023-10-21 08:53:04.307059+01	f3385bb3-483e-4289-83f2-186af2280144	19e9e3fc-45c7-4a35-bcba-60f017a44df7	1
197d307a-4971-41c0-bfc2-eb4bfa2c1d5b		250	2023-10-21 08:53:04.314814+01	2023-10-21 08:53:04.314828+01	f3385bb3-483e-4289-83f2-186af2280144	872b6a69-3453-4d27-8db2-211b20bd4aa8	1
0809609a-9db6-4a2d-8698-5e7cd706e1cd		50	2023-10-21 08:53:13.847149+01	2023-10-21 08:53:13.847163+01	c9af74cc-bd3d-477b-9e0b-fd4a95a0531c	52782bc1-68c7-4361-ab65-5743be5793d2	1
bb18a53c-07ab-48bc-9997-458e6d53dd22		170	2023-10-21 08:53:13.856758+01	2023-10-21 08:53:13.856776+01	c9af74cc-bd3d-477b-9e0b-fd4a95a0531c	e3e61c83-7b95-403b-8787-939fb7752b9a	1
ac61cc15-a9c1-401c-8e30-4a8aaf9d8fd1		120	2023-10-21 08:53:13.865122+01	2023-10-21 08:53:13.865138+01	c9af74cc-bd3d-477b-9e0b-fd4a95a0531c	0a5d835d-99dd-46dc-97c3-588c4c3270d0	1
849527ff-734b-466c-99b3-e9f68067b42a		70	2023-10-21 08:53:13.873435+01	2023-10-21 08:53:13.873451+01	c9af74cc-bd3d-477b-9e0b-fd4a95a0531c	0a5d835d-99dd-46dc-97c3-588c4c3270d0	1
25078dcc-6bb7-4f51-b1d7-1af21212645d		50	2023-10-21 08:53:13.889703+01	2023-10-21 08:53:13.889722+01	c9af74cc-bd3d-477b-9e0b-fd4a95a0531c	599156db-ad6d-4bac-b1a1-e41af22061f7	1
901e394f-8bd7-4539-82e3-87b28146d3d3		50	2023-10-21 08:53:13.896946+01	2023-10-21 08:53:13.896961+01	c9af74cc-bd3d-477b-9e0b-fd4a95a0531c	599156db-ad6d-4bac-b1a1-e41af22061f7	1
8b26d74f-c6bc-4703-8be4-de5551516167		180	2023-10-21 08:53:13.905182+01	2023-10-21 08:53:13.905198+01	c9af74cc-bd3d-477b-9e0b-fd4a95a0531c	0a5d835d-99dd-46dc-97c3-588c4c3270d0	1
60bb6430-adf2-4d13-81cf-6f9112dd9606		50	2023-10-21 08:53:13.91318+01	2023-10-21 08:53:13.913195+01	c9af74cc-bd3d-477b-9e0b-fd4a95a0531c	89caa3f2-fa80-43a7-b128-d0f71efdd5dc	1
3da67292-5c29-4712-b0f5-5a3a7e10b3a7		70	2023-10-21 08:53:13.921163+01	2023-10-21 08:53:13.921178+01	c9af74cc-bd3d-477b-9e0b-fd4a95a0531c	c5c7f262-d7e0-40f6-a614-6dac56b546a7	1
6b65eb3a-e754-4509-8cb3-86430f5e5ba1		50	2023-10-21 08:53:38.114525+01	2023-10-21 08:53:38.114539+01	c168f97f-1633-4529-b68f-cbc44da8d257	67ab6e66-f479-4857-8fa5-423a525e5e82	1
f2886e32-4ccc-4f55-91bd-0a1e65a6d90e		50	2023-10-21 08:53:38.122199+01	2023-10-21 08:53:38.122215+01	c168f97f-1633-4529-b68f-cbc44da8d257	bc5d7ba8-ec37-438a-b532-e7bf9b92ad54	1
5050c5c7-121c-4c8d-ba92-526695cd2d4a		80	2023-10-21 08:53:38.130239+01	2023-10-21 08:53:38.130254+01	c168f97f-1633-4529-b68f-cbc44da8d257	845d61d6-604b-4505-be8e-7b659da85e1c	1
d65dbe54-3759-4874-8c91-7e97978523ff		50	2023-10-21 08:54:17.064203+01	2023-10-21 08:54:17.064224+01	5047377d-593d-4409-826e-dbff65606f09	6eb08255-fa97-4e0a-b7bd-6f4ed7f1096e	1
dc7c136b-b909-4c89-9c05-8b123cd8f405		25	2023-10-21 08:54:17.073439+01	2023-10-21 08:54:17.073454+01	5047377d-593d-4409-826e-dbff65606f09	c324e28f-6f7a-45fd-b2b9-231d5eccc4db	1
7e9e7e34-c881-4326-b238-fd8303ff44fb		250	2023-10-21 08:54:46.986359+01	2023-10-21 08:54:46.986375+01	460ce848-135b-4b40-9892-697da5affb41	f3f8ea3e-4620-4741-9301-068ee9357250	1
61fdbf07-8f03-4f76-94ee-b29862323a90		150	2023-10-21 08:54:46.99521+01	2023-10-21 08:54:46.995231+01	460ce848-135b-4b40-9892-697da5affb41	a059cb42-d863-4018-ba42-6fce13657306	1
25995bef-2b8a-4161-b294-68208d3d6f86		100	2023-10-21 08:55:02.147117+01	2023-10-21 08:55:02.147135+01	f1b80217-495e-4a0c-94ba-43547129b6fb	f34f912f-d647-44b1-88ac-3097f416295e	1
6fb7cf1f-1cc1-4bc7-805c-18efa2bc25a9		50	2023-10-21 08:55:02.159399+01	2023-10-21 08:55:02.159419+01	f1b80217-495e-4a0c-94ba-43547129b6fb	67a1481b-a1b3-4011-8699-3f39eca8bc71	1
95bd12fb-7e3f-4ca4-9ab6-5672cb1cd526		100	2023-10-21 08:55:02.166862+01	2023-10-21 08:55:02.16688+01	f1b80217-495e-4a0c-94ba-43547129b6fb	f34f912f-d647-44b1-88ac-3097f416295e	1
f4abadc2-9831-4158-b69a-6cd4800b5757		85	2023-10-21 08:55:15.584665+01	2023-10-21 08:55:15.584678+01	098ed64c-8d7f-490a-8a35-a77de944636e	ee8cbd82-fb96-4ec9-8696-2eab7a609553	1
b3ef642b-0d41-49f3-be5b-7868a99d6483		50	2023-10-21 08:55:56.507715+01	2023-10-21 08:55:56.507729+01	4ce51ff9-b994-4dc1-9a22-ecad31df63de	599156db-ad6d-4bac-b1a1-e41af22061f7	1
a594f525-7bfc-4e6c-bed5-8b970274188c		20	2023-10-21 08:58:03.371916+01	2023-10-21 08:58:03.371932+01	481c6db9-e515-4f88-b605-71e0a061b62b	84fb87b3-af8c-40e2-999d-9524b69caba9	1
a1d730b9-3d2f-432a-a0c5-750f16e03c46		90	2023-10-21 08:58:03.381936+01	2023-10-21 08:58:03.381954+01	481c6db9-e515-4f88-b605-71e0a061b62b	4be762e7-6240-4995-9fa4-1af55470993b	1
0f1fef1b-a896-4d78-8a89-667c780d2a58		30	2023-10-21 09:00:21.186917+01	2023-10-21 09:00:21.186934+01	ef77c84b-90b7-4aab-ae8f-91faa000cc61	4be762e7-6240-4995-9fa4-1af55470993b	1
32283b44-5cc5-4b9a-8ccb-41c9ab853af5		50	2023-10-21 09:00:21.19613+01	2023-10-21 09:00:21.19615+01	ef77c84b-90b7-4aab-ae8f-91faa000cc61	8e33f3aa-4b9f-45d0-93bc-251b493a3bde	1
6fc0980b-71d7-4306-a028-bc1500006035		50	2023-10-21 09:00:21.204283+01	2023-10-21 09:00:21.2043+01	ef77c84b-90b7-4aab-ae8f-91faa000cc61	27baaa29-ebc0-4086-a1f7-6f687b297de2	1
c0678d26-56fe-4ee1-8d6c-4358f40970d1		35	2023-10-21 09:00:21.211886+01	2023-10-21 09:00:21.211903+01	ef77c84b-90b7-4aab-ae8f-91faa000cc61	ee8cbd82-fb96-4ec9-8696-2eab7a609553	1
b271c046-b357-45c4-81e5-b03728c87314		100	2023-10-21 09:00:21.220453+01	2023-10-21 09:00:21.220469+01	ef77c84b-90b7-4aab-ae8f-91faa000cc61	e3e61c83-7b95-403b-8787-939fb7752b9a	1
43a9dc77-45c1-4884-878f-d9fb047b59d8		80	2023-10-21 09:00:21.228801+01	2023-10-21 09:00:21.22882+01	ef77c84b-90b7-4aab-ae8f-91faa000cc61	599156db-ad6d-4bac-b1a1-e41af22061f7	1
786a6cdb-e5de-43be-8047-ab9086effc0b		130	2023-10-21 09:00:21.236895+01	2023-10-21 09:00:21.23691+01	ef77c84b-90b7-4aab-ae8f-91faa000cc61	f5f394a8-abcb-4a09-adb8-cfa3276c10a5	1
75a5afe5-8ce7-4863-8ab4-323559d645f1		70	2023-10-21 09:00:21.244878+01	2023-10-21 09:00:21.244897+01	ef77c84b-90b7-4aab-ae8f-91faa000cc61	8fb4d722-b63f-4a4f-b5b5-26ad27e87e49	1
bb99bea5-9ff2-41b1-85a7-28aa434cfde3		50	2023-10-21 09:01:38.077307+01	2023-10-21 09:01:38.077323+01	a3f03fb8-4d37-41f8-bafe-df05b970c2fd	43a88bd2-6356-4b14-a931-c585e11da701	1
1036ff82-7e09-4972-a7eb-5c00cc2c3608		60	2023-10-21 09:01:38.087767+01	2023-10-21 09:01:38.087785+01	a3f03fb8-4d37-41f8-bafe-df05b970c2fd	727f107d-4c2c-4f56-ba9e-7a794a720e28	1
7c368bd5-4351-4b46-8049-8d9b3f61cd68		200	2023-10-21 09:01:38.096092+01	2023-10-21 09:01:38.096111+01	a3f03fb8-4d37-41f8-bafe-df05b970c2fd	ff42c112-65d2-4a67-b39a-7e49873ce1ee	1
fbd2e11a-c339-4305-a5f5-050d32aa5da1		50	2023-10-21 09:01:38.104506+01	2023-10-21 09:01:38.104521+01	a3f03fb8-4d37-41f8-bafe-df05b970c2fd	ee8cbd82-fb96-4ec9-8696-2eab7a609553	1
1176f0ef-4444-4193-a183-430feb79eb56		300	2023-10-21 09:01:38.112559+01	2023-10-21 09:01:38.112577+01	a3f03fb8-4d37-41f8-bafe-df05b970c2fd	aba1d38e-d2c0-4d04-97e9-8dd1cc2f4c85	1
4d831a3b-6bba-48db-8f2f-28cc7990a87d		280	2023-10-21 09:01:38.120609+01	2023-10-21 09:01:38.120623+01	a3f03fb8-4d37-41f8-bafe-df05b970c2fd	0a5d835d-99dd-46dc-97c3-588c4c3270d0	1
563ec49c-878d-459d-940e-d0749bbd17b2		200	2023-10-21 09:01:38.128462+01	2023-10-21 09:01:38.128479+01	a3f03fb8-4d37-41f8-bafe-df05b970c2fd	7084dacc-c379-4559-8026-ec4e0a336c2a	1
09f7e7c1-deb8-4d2f-90ad-e012137712ff		90	2023-10-21 09:07:25.064991+01	2023-10-21 09:07:25.065008+01	e7b3ab5b-8f99-46e8-a4de-6c4c41e2835c	599156db-ad6d-4bac-b1a1-e41af22061f7	1
08933dad-1eb1-4b77-ace9-ca4409c580d6		100	2023-10-21 09:07:25.075196+01	2023-10-21 09:07:25.075211+01	e7b3ab5b-8f99-46e8-a4de-6c4c41e2835c	4f481558-09e0-4b70-bb23-3d786d382390	1
cc038c17-2917-43e4-b19d-da6aabd3161c		40	2023-10-21 09:07:25.083313+01	2023-10-21 09:07:25.083327+01	e7b3ab5b-8f99-46e8-a4de-6c4c41e2835c	20cc9ba0-f2a0-4400-9547-5c888877be81	1
4a99ea93-fe16-467b-9063-0ae29d7faf3a		40	2023-10-21 09:07:25.090331+01	2023-10-21 09:07:25.090346+01	e7b3ab5b-8f99-46e8-a4de-6c4c41e2835c	20cc9ba0-f2a0-4400-9547-5c888877be81	1
c76cb4bb-aedb-46de-b744-f573d269d60a		100	2023-10-21 09:07:25.097306+01	2023-10-21 09:07:25.097325+01	e7b3ab5b-8f99-46e8-a4de-6c4c41e2835c	4f481558-09e0-4b70-bb23-3d786d382390	1
99a31b5a-0043-4d9a-8b90-6e2ffa696a70		200	2023-10-21 09:07:25.105533+01	2023-10-21 09:07:25.105549+01	e7b3ab5b-8f99-46e8-a4de-6c4c41e2835c	f372a214-c1ab-4049-91b0-65c44318046e	1
3aea79b6-b28d-402d-ace5-2918e6c312f5		50	2023-10-21 09:08:49.663196+01	2023-10-21 09:08:49.66321+01	9f483c65-6caf-4a74-b833-05ac56c443ba	262fb541-d78d-4382-a50f-d50e41a0bbc1	1
8700db68-f305-4b50-ac6b-4ca424483d54		90	2023-10-21 09:08:49.671062+01	2023-10-21 09:08:49.671076+01	9f483c65-6caf-4a74-b833-05ac56c443ba	70571738-5c33-493e-b09b-499dd5596e49	1
f38817d2-9092-42b6-9cd8-ba82c81dae50		70	2023-10-21 09:08:49.679176+01	2023-10-21 09:08:49.679194+01	9f483c65-6caf-4a74-b833-05ac56c443ba	67ab6e66-f479-4857-8fa5-423a525e5e82	1
9f217ff8-d8c0-44d2-98bf-abdf10106662		50	2023-10-21 09:13:44.19559+01	2023-10-21 09:13:44.195603+01	8c16f802-e2e0-4ad6-ae67-119a36798b3e	67a1481b-a1b3-4011-8699-3f39eca8bc71	1
01fc7c3a-7a7d-4c23-b3a2-27c4e4b4249a		50	2023-10-21 09:13:44.203902+01	2023-10-21 09:13:44.203916+01	8c16f802-e2e0-4ad6-ae67-119a36798b3e	91bc1c29-071c-4b4c-b0d4-44f4f31b5f20	1
073905eb-7aed-4b0b-84e0-58e6253e575b		40	2023-10-21 09:13:44.212413+01	2023-10-21 09:13:44.212432+01	8c16f802-e2e0-4ad6-ae67-119a36798b3e	8e33f3aa-4b9f-45d0-93bc-251b493a3bde	1
ead2a980-2a5a-4b04-95a2-1f6eb70388ea		40	2023-10-21 09:13:44.220871+01	2023-10-21 09:13:44.220885+01	8c16f802-e2e0-4ad6-ae67-119a36798b3e	8e33f3aa-4b9f-45d0-93bc-251b493a3bde	1
45497923-198f-4bf6-be8f-f75ec84fb070		10	2023-10-21 09:13:44.229307+01	2023-10-21 09:13:44.229322+01	8c16f802-e2e0-4ad6-ae67-119a36798b3e	599156db-ad6d-4bac-b1a1-e41af22061f7	1
4a1432ea-77ae-461a-a58a-f134563ba553		40	2023-10-21 09:13:44.237413+01	2023-10-21 09:13:44.237429+01	8c16f802-e2e0-4ad6-ae67-119a36798b3e	ef527472-f721-4479-a6b3-38164a15f1bf	1
ab787e07-7cb0-483a-941a-5b34f0b8dbe2		20	2023-10-21 09:13:44.245962+01	2023-10-21 09:13:44.245998+01	8c16f802-e2e0-4ad6-ae67-119a36798b3e	599156db-ad6d-4bac-b1a1-e41af22061f7	1
e2906f19-8616-4059-9569-0f0e96846e1a		150	2023-10-21 09:14:33.696106+01	2023-10-21 09:14:33.69612+01	b2b0c89b-4c6e-420d-b058-170de12f4f82	92844628-0a12-4fd3-98f2-d118aceaaee3	1
c7b01848-14ec-49be-9424-aaa3f70f1514		60	2023-10-21 09:14:33.703741+01	2023-10-21 09:14:33.703756+01	b2b0c89b-4c6e-420d-b058-170de12f4f82	27baaa29-ebc0-4086-a1f7-6f687b297de2	1
0a8bc955-40bf-4ee5-b254-3c88975eae45		60	2023-10-21 09:14:33.710403+01	2023-10-21 09:14:33.710418+01	b2b0c89b-4c6e-420d-b058-170de12f4f82	a059cb42-d863-4018-ba42-6fce13657306	1
7c737bd0-baeb-4bc8-ab36-896fc2369308		40	2023-10-21 09:14:33.718387+01	2023-10-21 09:14:33.718402+01	b2b0c89b-4c6e-420d-b058-170de12f4f82	1f301def-7871-4f31-ac50-7f159429217d	1
d27111d5-38b5-4cc9-95fa-d02c010556e4		220	2023-10-21 09:14:33.726552+01	2023-10-21 09:14:33.72657+01	b2b0c89b-4c6e-420d-b058-170de12f4f82	8fb4d722-b63f-4a4f-b5b5-26ad27e87e49	1
c218f05f-e190-44de-b7f3-f7cb9182ddb9		190	2023-10-21 09:14:33.734421+01	2023-10-21 09:14:33.734435+01	b2b0c89b-4c6e-420d-b058-170de12f4f82	c5c7f262-d7e0-40f6-a614-6dac56b546a7	1
4da35e63-308a-4111-ad07-4afbc63f03dc		70	2023-10-21 09:14:33.742412+01	2023-10-21 09:14:33.742425+01	b2b0c89b-4c6e-420d-b058-170de12f4f82	26c43d01-b66f-4cab-b4ce-312a82218497	1
718c391b-c88f-4fe7-ada4-ef772ad840e2		50	2023-10-21 09:15:34.45063+01	2023-10-21 09:15:34.450646+01	d263baa7-bccc-4744-974d-dc4fbc9ba84b	8fb4d722-b63f-4a4f-b5b5-26ad27e87e49	1
f1868f64-e746-41a8-9700-1203ab7bff00		350	2023-10-21 09:15:34.45942+01	2023-10-21 09:15:34.459435+01	d263baa7-bccc-4744-974d-dc4fbc9ba84b	7084dacc-c379-4559-8026-ec4e0a336c2a	1
50ff8731-6865-44f7-a9c5-9040c7fd0a9a		100	2023-10-21 09:15:34.467305+01	2023-10-21 09:15:34.467318+01	d263baa7-bccc-4744-974d-dc4fbc9ba84b	8f15b347-a35d-492f-8763-2556803b8811	1
37804168-74b0-4d36-9898-4404fa07487c		150	2023-10-21 09:15:34.475048+01	2023-10-21 09:15:34.475061+01	d263baa7-bccc-4744-974d-dc4fbc9ba84b	84fb87b3-af8c-40e2-999d-9524b69caba9	1
0777c9d9-4f0c-4b2a-890e-723a3deb3de1		110	2023-10-21 09:15:34.482783+01	2023-10-21 09:15:34.482798+01	d263baa7-bccc-4744-974d-dc4fbc9ba84b	28187923-eb64-4c41-be30-7659d43020d8	1
17af1763-6715-44ee-8188-97fc4ac4b118		200	2023-10-21 09:15:34.490613+01	2023-10-21 09:15:34.490629+01	d263baa7-bccc-4744-974d-dc4fbc9ba84b	81c34ab8-e00f-4dc5-8ed4-7dc8daffa7fc	1
6370bf4e-f0b8-45f7-bffa-c548eca6c370		150	2023-10-21 09:15:34.498552+01	2023-10-21 09:15:34.498565+01	d263baa7-bccc-4744-974d-dc4fbc9ba84b	d34920b7-7d32-4a4f-856f-73f5424334e3	1
b4048da3-c754-433a-8a2f-8b4a647e3436		400	2023-10-21 09:15:34.506566+01	2023-10-21 09:15:34.506579+01	d263baa7-bccc-4744-974d-dc4fbc9ba84b	0a5d835d-99dd-46dc-97c3-588c4c3270d0	1
8d9e6431-d3cb-4a46-a071-a629c7152e1d		100	2023-10-21 09:15:59.415272+01	2023-10-21 09:15:59.415287+01	9966e3d8-5e95-4ee7-80ef-9d316312e4de	8f068ab6-ae03-44fc-ab48-5109caba762f	1
2dbf78dc-60e1-49db-a1fe-efe7ea5576db		120	2023-10-21 09:18:27.872307+01	2023-10-21 09:18:27.872321+01	1d953697-0b9e-49a5-913b-6e68d163660f	67ab6e66-f479-4857-8fa5-423a525e5e82	1
64aef0b9-59de-495e-9e38-42cd71f6b51d		100	2023-10-21 09:18:27.879951+01	2023-10-21 09:18:27.879965+01	1d953697-0b9e-49a5-913b-6e68d163660f	ad57bf75-9df3-405b-a2ab-bcd644e262dd	1
490a9d82-6345-4270-b7e6-b3206b610f3b		100	2023-10-21 09:18:27.8879+01	2023-10-21 09:18:27.887914+01	1d953697-0b9e-49a5-913b-6e68d163660f	c324e28f-6f7a-45fd-b2b9-231d5eccc4db	1
de1a901e-5c65-4e62-9fda-10f2f4fe83e1		120	2023-10-21 09:18:27.895721+01	2023-10-21 09:18:27.895735+01	1d953697-0b9e-49a5-913b-6e68d163660f	f72c8b00-6d71-4c66-8490-0552f810b961	1
7bb09e54-67e8-4343-96db-4f78bcfe75a8		80	2023-10-21 09:18:27.903521+01	2023-10-21 09:18:27.903535+01	1d953697-0b9e-49a5-913b-6e68d163660f	8e33f3aa-4b9f-45d0-93bc-251b493a3bde	1
fe27e0e8-3d2a-4937-b66a-4f08c0ea8165		100	2023-10-21 09:18:27.911293+01	2023-10-21 09:18:27.911307+01	1d953697-0b9e-49a5-913b-6e68d163660f	19e9e3fc-45c7-4a35-bcba-60f017a44df7	1
df587f31-7957-4f3d-abba-add8b2284479		100	2023-10-21 09:18:27.919588+01	2023-10-21 09:18:27.919601+01	1d953697-0b9e-49a5-913b-6e68d163660f	bef73fff-6d15-4e49-b55d-aa226febf00b	1
3618b5ee-a4ed-4e6d-9726-1b891ec08bd2		250	2023-10-21 09:18:27.927416+01	2023-10-21 09:18:27.92743+01	1d953697-0b9e-49a5-913b-6e68d163660f	19e9e3fc-45c7-4a35-bcba-60f017a44df7	1
52956242-3c5e-4cb0-ae1a-914f88b11c33		40	2023-10-21 09:18:27.935265+01	2023-10-21 09:18:27.935279+01	1d953697-0b9e-49a5-913b-6e68d163660f	dd7598dc-098a-43e9-a8a3-90d7c8b720ba	1
e47bf8f8-6cbf-4681-813c-13654b679873		150	2023-10-21 09:18:40.47597+01	2023-10-21 09:18:40.475985+01	a5f499ec-2f90-48cd-923f-4477686778d8	95b67d8c-843e-49df-9155-1cbd0188d78c	1
ffcfd674-c050-4c8c-b893-4952ef4ec7ae		60	2023-10-21 09:18:40.484543+01	2023-10-21 09:18:40.484558+01	a5f499ec-2f90-48cd-923f-4477686778d8	4f481558-09e0-4b70-bb23-3d786d382390	1
1e36a2cb-8fbd-4cbf-925c-d8b77a680994		55	2023-10-21 09:18:40.492476+01	2023-10-21 09:18:40.492491+01	a5f499ec-2f90-48cd-923f-4477686778d8	67ab6e66-f479-4857-8fa5-423a525e5e82	1
2023df84-5bd2-4003-97ad-b8756059b60c		40	2023-10-21 09:18:40.499269+01	2023-10-21 09:18:40.499284+01	a5f499ec-2f90-48cd-923f-4477686778d8	b4b08698-fd3d-4e5d-987a-bb3cea58ce44	1
358e1eb8-b0fe-4a1d-aec2-53c8aef6086d		50	2023-10-21 09:18:40.507043+01	2023-10-21 09:18:40.507058+01	a5f499ec-2f90-48cd-923f-4477686778d8	52782bc1-68c7-4361-ab65-5743be5793d2	1
07c6ba86-9c58-4ac2-8698-f450a6b06589		20	2023-10-21 09:18:40.514836+01	2023-10-21 09:18:40.51485+01	a5f499ec-2f90-48cd-923f-4477686778d8	6b4ed45f-4fb7-49b1-8801-6f82aa1d4375	1
06f11687-e09d-4ca9-b78e-d0c72cd5c19f		70	2023-10-21 09:18:55.388531+01	2023-10-21 09:18:55.388547+01	5920bbe1-8b78-4a34-b2ac-b56505b0ab5a	cb1d4ad0-295d-442f-961c-014253e8a4c6	1
2ad69f80-dccb-4cfe-8b04-99cf96decd24		40	2023-10-21 09:18:55.397612+01	2023-10-21 09:18:55.397626+01	5920bbe1-8b78-4a34-b2ac-b56505b0ab5a	1f301def-7871-4f31-ac50-7f159429217d	1
5bd55afb-5654-4852-bcdc-98ae6cf6bc62		40	2023-10-21 09:18:55.405618+01	2023-10-21 09:18:55.405632+01	5920bbe1-8b78-4a34-b2ac-b56505b0ab5a	20cc9ba0-f2a0-4400-9547-5c888877be81	1
9ff86e79-73c8-4ded-8277-dc97181ccbd9		50	2023-10-21 09:18:55.412513+01	2023-10-21 09:18:55.412526+01	5920bbe1-8b78-4a34-b2ac-b56505b0ab5a	67349adf-98a1-4a7e-8e0d-70c95e81faf0	1
06617df5-8c53-4fa0-9e8d-34a6489514eb		50	2023-10-21 09:20:22.74708+01	2023-10-21 09:20:22.747094+01	63bed170-777a-4fe3-9aee-568118637193	89caa3f2-fa80-43a7-b128-d0f71efdd5dc	1
a4e667d9-3b12-44c6-b1d4-c1d160d3a46d		70	2023-10-21 09:21:55.379659+01	2023-10-21 09:21:55.379681+01	7c621ead-7417-4454-b9ee-4a28bbba61de	ef527472-f721-4479-a6b3-38164a15f1bf	1
4d26c92b-d73c-4c82-b00c-96c21a40f7a7		70	2023-10-21 09:21:55.388865+01	2023-10-21 09:21:55.388879+01	7c621ead-7417-4454-b9ee-4a28bbba61de	70571738-5c33-493e-b09b-499dd5596e49	1
776fbdeb-ba43-4f96-8541-af5d9eaaede8		70	2023-10-21 09:21:55.39693+01	2023-10-21 09:21:55.396945+01	7c621ead-7417-4454-b9ee-4a28bbba61de	95b67d8c-843e-49df-9155-1cbd0188d78c	1
d9988924-16e9-4da0-b306-b00ff28ad054		120	2023-10-21 09:23:29.671546+01	2023-10-21 09:23:29.671559+01	b95bb5b5-5ae7-421e-9f3e-0b21a19157d7	67ab6e66-f479-4857-8fa5-423a525e5e82	1
f3985783-5a91-464f-9b9e-fdffe4beab67		40	2023-10-21 09:23:29.679246+01	2023-10-21 09:23:29.67926+01	b95bb5b5-5ae7-421e-9f3e-0b21a19157d7	1998416f-0b8c-4b87-bd1c-01ec5d58f746	1
fd239d33-3591-4b14-8d26-23ce90f25b15		30	2023-10-21 09:23:29.687497+01	2023-10-21 09:23:29.68751+01	b95bb5b5-5ae7-421e-9f3e-0b21a19157d7	89caa3f2-fa80-43a7-b128-d0f71efdd5dc	1
e3da875c-7b3d-4cca-ab71-36a3be6f592d		70	2023-10-21 09:23:29.69563+01	2023-10-21 09:23:29.695645+01	b95bb5b5-5ae7-421e-9f3e-0b21a19157d7	0a5d835d-99dd-46dc-97c3-588c4c3270d0	1
fff4a28f-c5aa-4753-ada7-458727fa9ff3		30	2023-10-21 09:23:29.703953+01	2023-10-21 09:23:29.703967+01	b95bb5b5-5ae7-421e-9f3e-0b21a19157d7	89caa3f2-fa80-43a7-b128-d0f71efdd5dc	1
198467cb-36ac-4bb9-89a0-ba1a1e2a2513		50	2023-10-21 09:23:29.712281+01	2023-10-21 09:23:29.712294+01	b95bb5b5-5ae7-421e-9f3e-0b21a19157d7	b396a727-0f97-48db-be94-dd6b10c69037	1
51d49953-3a0c-41d9-b8c6-41d3986aeba9		10	2023-10-21 09:23:29.720836+01	2023-10-21 09:23:29.720851+01	b95bb5b5-5ae7-421e-9f3e-0b21a19157d7	60346318-7d35-48f0-b61d-35704503a91e	1
2953351d-4020-4d3f-88cb-99f8d535a5b6		60	2023-10-21 09:23:29.729286+01	2023-10-21 09:23:29.7293+01	b95bb5b5-5ae7-421e-9f3e-0b21a19157d7	8fb4d722-b63f-4a4f-b5b5-26ad27e87e49	1
0739e467-d55c-4862-80bc-6ce7949b7f1f		50	2023-10-21 09:23:29.737066+01	2023-10-21 09:23:29.73708+01	b95bb5b5-5ae7-421e-9f3e-0b21a19157d7	20cc9ba0-f2a0-4400-9547-5c888877be81	1
fd1958e0-b3b0-4b80-87ea-5d3b76be051b		50	2023-10-21 09:25:48.590086+01	2023-10-21 09:25:48.590099+01	b6757330-4032-4ede-bec7-8ef02a572c22	872b6a69-3453-4d27-8db2-211b20bd4aa8	1
fa1ebaf6-da33-43c1-8211-e99ec4ef54c6		30	2023-10-21 09:25:48.599303+01	2023-10-21 09:25:48.599318+01	b6757330-4032-4ede-bec7-8ef02a572c22	89caa3f2-fa80-43a7-b128-d0f71efdd5dc	1
cf26d7fe-016d-477a-8e55-70644c442ac3		70	2023-10-21 09:25:48.607281+01	2023-10-21 09:25:48.607296+01	b6757330-4032-4ede-bec7-8ef02a572c22	872b6a69-3453-4d27-8db2-211b20bd4aa8	1
49fd10b2-6a30-4060-9719-da0fff14bd8b		100	2023-10-21 09:25:48.61526+01	2023-10-21 09:25:48.615275+01	b6757330-4032-4ede-bec7-8ef02a572c22	4034f7a8-fc55-4a47-bcea-fcfc8636a3ba	1
87e2b628-4a05-417b-bbfa-0974ec3b6f33	-	70	2023-10-21 09:30:13.728477+01	2023-10-21 09:30:13.728483+01	8d0efabb-663f-4508-b0e8-d6360073c615	b99128da-0f66-49d0-ab09-57f7dabb1f3d	1
cbbad153-625e-4f5c-9f7a-f23d06df1502		60	2023-10-21 09:30:47.173631+01	2023-10-21 09:30:47.173646+01	807830d9-053f-490c-86ee-92962e6a567d	f72c8b00-6d71-4c66-8490-0552f810b961	1
eedd1209-7c35-4970-af9a-9f22fde33e93		200	2023-10-21 09:30:47.182246+01	2023-10-21 09:30:47.182262+01	807830d9-053f-490c-86ee-92962e6a567d	aba1d38e-d2c0-4d04-97e9-8dd1cc2f4c85	1
cef6586e-1ca1-4c93-a603-864733aaf66f		30	2023-10-21 09:30:47.190752+01	2023-10-21 09:30:47.190769+01	807830d9-053f-490c-86ee-92962e6a567d	b99128da-0f66-49d0-ab09-57f7dabb1f3d	1
2f0e7659-1fbc-482e-87bc-579e31b00db9		40	2023-10-21 09:30:47.198047+01	2023-10-21 09:30:47.198065+01	807830d9-053f-490c-86ee-92962e6a567d	20cc9ba0-f2a0-4400-9547-5c888877be81	1
b55c9fb0-58b9-45f4-9a68-3a8762fc998d		100	2023-10-21 09:30:47.205029+01	2023-10-21 09:30:47.205048+01	807830d9-053f-490c-86ee-92962e6a567d	f372a214-c1ab-4049-91b0-65c44318046e	1
bdc1b78c-5bb9-442a-9df4-d09941592d03		30	2023-10-21 09:30:47.213259+01	2023-10-21 09:30:47.213277+01	807830d9-053f-490c-86ee-92962e6a567d	1f301def-7871-4f31-ac50-7f159429217d	1
40b1d4a9-f0f6-401b-9666-644999a064e3		250	2023-10-21 09:30:47.221674+01	2023-10-21 09:30:47.221697+01	807830d9-053f-490c-86ee-92962e6a567d	f3f8ea3e-4620-4741-9301-068ee9357250	1
1c0e71b3-ef1e-452e-a5e6-9eaf67e7befa		50	2023-10-21 09:31:19.738027+01	2023-10-21 09:31:19.738042+01	af23ed08-c331-40de-9849-787b8bcc7844	d76436f0-2a28-4afc-acec-1795eacda732	1
597e16f4-5923-4472-b72e-37ec5ae3e825		50	2023-10-21 09:31:19.746935+01	2023-10-21 09:31:19.746952+01	af23ed08-c331-40de-9849-787b8bcc7844	04ce5ed1-af07-4513-8406-d7536a7fdfd7	1
c006b1a4-00d6-44b4-8bd2-52a1d630509c		40	2023-10-21 09:31:19.754995+01	2023-10-21 09:31:19.755011+01	af23ed08-c331-40de-9849-787b8bcc7844	ef527472-f721-4479-a6b3-38164a15f1bf	1
9f10ff98-4012-4287-a3bd-25190ab707e1		300	2023-10-21 09:31:55.153051+01	2023-10-21 09:31:55.153066+01	e13691f2-12ce-4522-9989-523c54bb6a51	4034f7a8-fc55-4a47-bcea-fcfc8636a3ba	1
aab67e7f-2eb3-4fc4-b501-ac09d6b4b35a		150	2023-10-21 09:31:55.162017+01	2023-10-21 09:31:55.162031+01	e13691f2-12ce-4522-9989-523c54bb6a51	27baaa29-ebc0-4086-a1f7-6f687b297de2	1
9f383527-e0f3-4b05-9de8-67e2dcbcda2c		70	2023-10-21 09:33:03.249082+01	2023-10-21 09:33:03.249098+01	1b1bd1bd-2990-4a02-909d-e75014edb3ad	ef527472-f721-4479-a6b3-38164a15f1bf	1
d0718c71-bf94-4d4d-8652-96643f2f499e		30	2023-10-21 09:33:03.258375+01	2023-10-21 09:33:03.258393+01	1b1bd1bd-2990-4a02-909d-e75014edb3ad	262fb541-d78d-4382-a50f-d50e41a0bbc1	1
12836995-b380-404a-a1d8-e1fb6efc5492		350	2023-10-21 09:33:43.944866+01	2023-10-21 09:33:43.944889+01	6e8e6d3f-382d-4dac-9e72-be0997f38a6a	915264df-1dde-4a7d-a17a-e6c43b0a5423	1
e75f9624-861e-4097-b643-64fbaa348144		300	2023-10-21 09:33:43.954717+01	2023-10-21 09:33:43.954736+01	6e8e6d3f-382d-4dac-9e72-be0997f38a6a	4034f7a8-fc55-4a47-bcea-fcfc8636a3ba	1
f9437882-0dfb-4f62-92ce-7881d5bf4c76		90	2023-10-21 09:33:43.963347+01	2023-10-21 09:33:43.963368+01	6e8e6d3f-382d-4dac-9e72-be0997f38a6a	b97f07c8-673a-4664-9f4c-c079faa9e981	1
505924bd-ea5f-4c9e-b150-6c9a741c28c2		10	2023-10-21 09:33:55.341545+01	2023-10-21 09:33:55.341559+01	42964b9f-1b9b-43d7-9d9d-2257c6c6a5fc	599156db-ad6d-4bac-b1a1-e41af22061f7	1
2302853d-d51b-4310-9961-b20429ddb1b4		380	2023-10-21 09:33:55.35076+01	2023-10-21 09:33:55.350774+01	42964b9f-1b9b-43d7-9d9d-2257c6c6a5fc	81c34ab8-e00f-4dc5-8ed4-7dc8daffa7fc	1
bd3a94d8-852e-4c61-8b67-ed387393d219		90	2023-10-21 09:33:55.358682+01	2023-10-21 09:33:55.358695+01	42964b9f-1b9b-43d7-9d9d-2257c6c6a5fc	599156db-ad6d-4bac-b1a1-e41af22061f7	1
53f34a4d-4bf1-4275-8724-141d47c4e625		100	2023-10-21 09:33:55.366742+01	2023-10-21 09:33:55.366756+01	42964b9f-1b9b-43d7-9d9d-2257c6c6a5fc	4034f7a8-fc55-4a47-bcea-fcfc8636a3ba	1
a963925b-82fd-4217-aba9-e4457494c2df		50	2023-10-21 09:33:55.375015+01	2023-10-21 09:33:55.375037+01	42964b9f-1b9b-43d7-9d9d-2257c6c6a5fc	67ab6e66-f479-4857-8fa5-423a525e5e82	1
2175f18c-d496-47e2-8bb3-02a263cb2738		40	2023-10-21 09:33:55.381848+01	2023-10-21 09:33:55.381863+01	42964b9f-1b9b-43d7-9d9d-2257c6c6a5fc	872b6a69-3453-4d27-8db2-211b20bd4aa8	1
bfe13892-44da-491a-a5b5-c4c5741ac468		50	2023-10-21 09:33:55.390088+01	2023-10-21 09:33:55.390108+01	42964b9f-1b9b-43d7-9d9d-2257c6c6a5fc	f5f394a8-abcb-4a09-adb8-cfa3276c10a5	1
36bd3dad-a7c1-4e5e-8f8e-7182bd3385c3		60	2023-10-21 09:33:55.39846+01	2023-10-21 09:33:55.398477+01	42964b9f-1b9b-43d7-9d9d-2257c6c6a5fc	4f481558-09e0-4b70-bb23-3d786d382390	1
b6350e79-85eb-4777-8d24-b3fa149d75cb		90	2023-10-21 09:33:55.407206+01	2023-10-21 09:33:55.407224+01	42964b9f-1b9b-43d7-9d9d-2257c6c6a5fc	dd7598dc-098a-43e9-a8a3-90d7c8b720ba	1
13c0aed6-c110-408f-b4ac-82af8326476c		100	2023-10-21 09:33:55.415381+01	2023-10-21 09:33:55.415397+01	42964b9f-1b9b-43d7-9d9d-2257c6c6a5fc	67349adf-98a1-4a7e-8e0d-70c95e81faf0	1
e02037e6-3381-4667-989a-416173eb0ffe		200	2023-10-21 09:33:55.423281+01	2023-10-21 09:33:55.423297+01	42964b9f-1b9b-43d7-9d9d-2257c6c6a5fc	599156db-ad6d-4bac-b1a1-e41af22061f7	1
ffb6f245-4224-44bc-98c5-b47284e5cfdb		30	2023-10-21 09:33:55.431175+01	2023-10-21 09:33:55.431191+01	42964b9f-1b9b-43d7-9d9d-2257c6c6a5fc	dd7598dc-098a-43e9-a8a3-90d7c8b720ba	1
26a852a8-c889-40f6-b0a1-7e56aa175003		75	2023-10-21 09:33:55.439267+01	2023-10-21 09:33:55.439285+01	42964b9f-1b9b-43d7-9d9d-2257c6c6a5fc	fe7e9b9f-6854-4ba8-9da4-c5e4462f536e	1
be78c4dd-d17b-4f24-a2d4-b47a0a89c6e7		20	2023-10-21 09:33:55.44729+01	2023-10-21 09:33:55.447306+01	42964b9f-1b9b-43d7-9d9d-2257c6c6a5fc	ee8cbd82-fb96-4ec9-8696-2eab7a609553	1
19821dc6-2d20-4dd3-8da2-96335a2ee44e		200	2023-10-21 09:33:55.455204+01	2023-10-21 09:33:55.455221+01	42964b9f-1b9b-43d7-9d9d-2257c6c6a5fc	28187923-eb64-4c41-be30-7659d43020d8	1
460695fd-0ce0-4e2c-8dff-943d1276806d		180	2023-10-21 09:33:55.463596+01	2023-10-21 09:33:55.463613+01	42964b9f-1b9b-43d7-9d9d-2257c6c6a5fc	28187923-eb64-4c41-be30-7659d43020d8	1
19a9ecc6-9970-437a-97c9-eec846c7f2c3		100	2023-10-21 09:33:55.471756+01	2023-10-21 09:33:55.471774+01	42964b9f-1b9b-43d7-9d9d-2257c6c6a5fc	e3e61c83-7b95-403b-8787-939fb7752b9a	1
889b5ae9-a962-4031-8bc1-dad14dba1ee0		90	2023-10-21 09:34:20.978601+01	2023-10-21 09:34:20.978617+01	35132d05-70d2-43b6-8068-5714237ad4a7	7e7ccd84-4e4f-47d8-abba-e9efefc22d8a	1
e08f823c-73af-49ae-b49f-2b0bc5ef6dd8		150	2023-10-21 09:34:20.987609+01	2023-10-21 09:34:20.987625+01	35132d05-70d2-43b6-8068-5714237ad4a7	19e9e3fc-45c7-4a35-bcba-60f017a44df7	1
48855cb3-a851-470f-bc39-cd04fd2e7689		100	2023-10-21 09:34:20.995636+01	2023-10-21 09:34:20.995649+01	35132d05-70d2-43b6-8068-5714237ad4a7	92844628-0a12-4fd3-98f2-d118aceaaee3	1
6302302f-37cd-4d97-b25b-cc4d53de58db		60	2023-10-21 09:34:21.002462+01	2023-10-21 09:34:21.002477+01	35132d05-70d2-43b6-8068-5714237ad4a7	a059cb42-d863-4018-ba42-6fce13657306	1
608eeb14-abe4-4801-af0e-ced2f9a7e365	-	40	2023-10-21 09:34:25.451795+01	2023-10-21 09:34:25.451802+01	b425c32a-6b34-46d6-b9e9-cefe235486ac	8e33f3aa-4b9f-45d0-93bc-251b493a3bde	1
de0429eb-f3e3-4bcf-9180-816079dbc5cb	-	40	2023-10-21 09:34:25.458626+01	2023-10-21 09:34:25.458633+01	b425c32a-6b34-46d6-b9e9-cefe235486ac	8e33f3aa-4b9f-45d0-93bc-251b493a3bde	1
15a9d792-dbe1-4923-9101-a0d4b15cd97f	-	30	2023-10-21 09:34:25.46558+01	2023-10-21 09:34:25.465586+01	b425c32a-6b34-46d6-b9e9-cefe235486ac	b99128da-0f66-49d0-ab09-57f7dabb1f3d	1
d838ac8d-fc21-4a62-8ec4-a505d8b17f79	-	60	2023-10-21 09:34:25.471262+01	2023-10-21 09:34:25.471268+01	b425c32a-6b34-46d6-b9e9-cefe235486ac	b99128da-0f66-49d0-ab09-57f7dabb1f3d	1
62a4d084-1543-4b71-ba83-e0a39a051e41	-	100	2023-10-21 09:35:00.851921+01	2023-10-21 09:35:00.85193+01	2d9e1349-32fa-4d24-9feb-befe15b301c9	bef73fff-6d15-4e49-b55d-aa226febf00b	1
a1118f2e-749c-4dbf-88b9-6ee85e354bb2	-	250	2023-10-21 09:35:00.859932+01	2023-10-21 09:35:00.85994+01	2d9e1349-32fa-4d24-9feb-befe15b301c9	dc1c65ae-2429-440e-a9d7-8704f85002fa	1
be9af63d-5d40-489e-a927-6ca23a9d93af	-	100	2023-10-21 09:35:00.867308+01	2023-10-21 09:35:00.867315+01	2d9e1349-32fa-4d24-9feb-befe15b301c9	2b500115-3ced-4a3b-b7b0-912d851c3923	1
1e27c915-b567-4320-9d52-b16d31839253	-	40	2023-10-21 09:35:12.788813+01	2023-10-21 09:35:12.788821+01	521f4e5f-6347-4aef-919c-98729a6944ae	8f068ab6-ae03-44fc-ab48-5109caba762f	1
eb0b7ec1-7be5-47ac-b52f-4bafaf861306		25	2023-10-21 09:36:56.157332+01	2023-10-21 09:36:56.157346+01	daae94c8-1362-41ad-9fcf-2f4dc7971d11	b99128da-0f66-49d0-ab09-57f7dabb1f3d	1
dbed8995-3c4d-470c-96ec-b63a9ffa85ac		200	2023-10-21 09:37:14.322784+01	2023-10-21 09:37:14.322797+01	001f475d-4bfd-4d18-9ab5-b3f49d15dea4	1f301def-7871-4f31-ac50-7f159429217d	1
b8b834eb-e760-46e7-a526-7e08e844ab18		40	2023-10-21 09:37:14.332249+01	2023-10-21 09:37:14.332265+01	001f475d-4bfd-4d18-9ab5-b3f49d15dea4	8e33f3aa-4b9f-45d0-93bc-251b493a3bde	1
4793f714-dab6-4232-96a3-552a5d7b1221		10	2023-10-21 09:37:14.34895+01	2023-10-21 09:37:14.348963+01	001f475d-4bfd-4d18-9ab5-b3f49d15dea4	ed093ebe-d324-4c00-82a2-3c665ad25e43	1
0b659ced-2f6c-4c80-8fe6-72f67d247ca8		100	2023-10-21 09:37:14.355893+01	2023-10-21 09:37:14.355914+01	001f475d-4bfd-4d18-9ab5-b3f49d15dea4	f4bca2fb-fd5c-4196-9ebc-ed3687dc4294	1
15b0695c-d1ad-4d65-a60e-71aa3394ef96		150	2023-10-21 09:37:14.364912+01	2023-10-21 09:37:14.364929+01	001f475d-4bfd-4d18-9ab5-b3f49d15dea4	f5f394a8-abcb-4a09-adb8-cfa3276c10a5	1
adcc5621-ddae-4a87-816d-4ea60f32c1fa		100	2023-10-21 09:37:14.374487+01	2023-10-21 09:37:14.374502+01	001f475d-4bfd-4d18-9ab5-b3f49d15dea4	8f068ab6-ae03-44fc-ab48-5109caba762f	1
ee1fa999-0d1d-4192-b8ed-f4d8534d87f8		200	2023-10-21 09:37:14.382406+01	2023-10-21 09:37:14.382422+01	001f475d-4bfd-4d18-9ab5-b3f49d15dea4	4034f7a8-fc55-4a47-bcea-fcfc8636a3ba	1
6ceeba02-2f8a-4043-a33e-1487f84b1400		25	2023-10-21 09:37:44.684075+01	2023-10-21 09:37:44.68409+01	0c0c908d-ae51-42ac-8b1b-6780f2bceafd	c324e28f-6f7a-45fd-b2b9-231d5eccc4db	1
e588f1c6-b457-4e95-9801-11932d4cc7dd		80	2023-10-21 09:37:44.693635+01	2023-10-21 09:37:44.693649+01	0c0c908d-ae51-42ac-8b1b-6780f2bceafd	04ce5ed1-af07-4513-8406-d7536a7fdfd7	1
ac4397e4-8b0e-448a-8ef1-ca2ded644b14		50	2023-10-21 09:37:44.702097+01	2023-10-21 09:37:44.702111+01	0c0c908d-ae51-42ac-8b1b-6780f2bceafd	52782bc1-68c7-4361-ab65-5743be5793d2	1
6aaca9cd-7f63-4672-978f-83b702e69b53		260	2023-10-21 09:39:21.322479+01	2023-10-21 09:39:21.322493+01	a64228e5-f65f-4878-8633-3ccc0d9d415d	5849797f-5917-4cd7-b5af-87f0ca0d62e2	1
0943b25f-6d3b-4293-8df9-24b582ed384e		60	2023-10-21 09:39:21.332365+01	2023-10-21 09:39:21.332383+01	a64228e5-f65f-4878-8633-3ccc0d9d415d	321366ef-747f-4862-a924-c123d745cf08	1
0e088fdb-ff6c-4aa2-8629-29513b097e6c		60	2023-10-21 09:39:21.340656+01	2023-10-21 09:39:21.34069+01	a64228e5-f65f-4878-8633-3ccc0d9d415d	321366ef-747f-4862-a924-c123d745cf08	1
a79aa47c-c8f1-4bd5-a89e-7d23e5d2f3f8		70	2023-10-21 09:39:21.349001+01	2023-10-21 09:39:21.349015+01	a64228e5-f65f-4878-8633-3ccc0d9d415d	6b4ed45f-4fb7-49b1-8801-6f82aa1d4375	1
ba4dd0e5-fb22-40a0-b2a4-823688553d52		70	2023-10-21 09:39:21.356166+01	2023-10-21 09:39:21.356179+01	a64228e5-f65f-4878-8633-3ccc0d9d415d	872b6a69-3453-4d27-8db2-211b20bd4aa8	1
49a03673-fa46-4fe0-af18-dc842d4f3b9d		70	2023-10-21 09:40:59.443273+01	2023-10-21 09:40:59.443288+01	80935ac9-4a89-4217-a404-3ca914a62c11	8e33f3aa-4b9f-45d0-93bc-251b493a3bde	1
148637bf-c88d-402d-92a8-a2ae451e293d		150	2023-10-21 09:40:59.452384+01	2023-10-21 09:40:59.452415+01	80935ac9-4a89-4217-a404-3ca914a62c11	36601f9c-25d4-467f-bc46-b0f7881f67d9	1
4df2fdad-ddbb-43ee-89f9-6675f34f80f2		200	2023-10-21 09:40:59.460408+01	2023-10-21 09:40:59.460423+01	80935ac9-4a89-4217-a404-3ca914a62c11	90947043-c03a-446e-a6b9-491d42908da3	1
554ee500-0bbf-4bdb-af73-634abade9d19		50	2023-10-21 09:40:59.46837+01	2023-10-21 09:40:59.468386+01	80935ac9-4a89-4217-a404-3ca914a62c11	1f301def-7871-4f31-ac50-7f159429217d	1
c3a5cb71-fa3a-4a0c-ab88-68c3d72ec384		100	2023-10-21 09:40:59.476454+01	2023-10-21 09:40:59.476479+01	80935ac9-4a89-4217-a404-3ca914a62c11	4034f7a8-fc55-4a47-bcea-fcfc8636a3ba	1
550bd1c1-966f-4df5-bbfd-0d4b2254f01a		250	2023-10-21 09:40:59.484675+01	2023-10-21 09:40:59.484692+01	80935ac9-4a89-4217-a404-3ca914a62c11	262fb541-d78d-4382-a50f-d50e41a0bbc1	1
280f1c6f-58cb-4dca-ac82-295ed5e6d12a		250	2023-10-21 09:40:59.491733+01	2023-10-21 09:40:59.491752+01	80935ac9-4a89-4217-a404-3ca914a62c11	bef73fff-6d15-4e49-b55d-aa226febf00b	1
16f57f52-a257-43d2-9157-58561460b93f		120	2023-10-21 09:40:59.49996+01	2023-10-21 09:40:59.499977+01	80935ac9-4a89-4217-a404-3ca914a62c11	8fb4d722-b63f-4a4f-b5b5-26ad27e87e49	1
eedfe678-b707-4188-950e-ac62bc84daf8		150	2023-10-21 09:40:59.508024+01	2023-10-21 09:40:59.50804+01	80935ac9-4a89-4217-a404-3ca914a62c11	19e9e3fc-45c7-4a35-bcba-60f017a44df7	1
0b34caf9-e5d9-4d29-9b89-6ae02ce25210		150	2023-10-21 09:40:59.51613+01	2023-10-21 09:40:59.516148+01	80935ac9-4a89-4217-a404-3ca914a62c11	b99128da-0f66-49d0-ab09-57f7dabb1f3d	1
d22ae382-c5f3-4fae-840e-3321c4995402		40	2023-10-21 09:41:03.929978+01	2023-10-21 09:41:03.929993+01	5aacfa5a-ad36-4646-adfe-9c65c7948fa4	1f301def-7871-4f31-ac50-7f159429217d	1
3c906207-dea0-40ee-b22b-fbb5accfece5		50	2023-10-21 09:41:03.939111+01	2023-10-21 09:41:03.939127+01	5aacfa5a-ad36-4646-adfe-9c65c7948fa4	ed093ebe-d324-4c00-82a2-3c665ad25e43	1
8d86da57-baf8-45fb-b7fb-f88a1955a4c0		270	2023-10-21 09:41:03.947709+01	2023-10-21 09:41:03.947725+01	5aacfa5a-ad36-4646-adfe-9c65c7948fa4	5c68dfae-f749-4c95-b02b-62b30fd1d74b	1
a2575840-36ee-4f0a-a8bf-d9a4a6a0caaf		160	2023-10-21 09:41:03.955931+01	2023-10-21 09:41:03.95595+01	5aacfa5a-ad36-4646-adfe-9c65c7948fa4	bc5d7ba8-ec37-438a-b532-e7bf9b92ad54	1
65300b5b-2e72-40c9-8e9b-1a8f823e7a33		40	2023-10-21 09:41:03.964532+01	2023-10-21 09:41:03.964549+01	5aacfa5a-ad36-4646-adfe-9c65c7948fa4	0d0535e4-11ac-4a28-8c28-edfd6028b927	1
a4eb6dd0-378d-41ef-a26e-f58fdc9b4df4		30	2023-10-21 09:43:36.134059+01	2023-10-21 09:43:36.134082+01	b8b48448-37d5-41d2-8090-6a274c620aff	0d0535e4-11ac-4a28-8c28-edfd6028b927	1
a383a029-0c16-4022-b40c-4c5fa0ad6305		30	2023-10-21 09:43:36.143591+01	2023-10-21 09:43:36.143606+01	b8b48448-37d5-41d2-8090-6a274c620aff	6b4ed45f-4fb7-49b1-8801-6f82aa1d4375	1
91b3dade-f12b-42ca-9e60-1811c1e9a876		50	2023-10-21 09:43:36.150513+01	2023-10-21 09:43:36.150527+01	b8b48448-37d5-41d2-8090-6a274c620aff	04ce5ed1-af07-4513-8406-d7536a7fdfd7	1
7fcc697a-9a16-497b-b837-4464c1461f46		20	2023-10-21 09:43:36.158539+01	2023-10-21 09:43:36.158552+01	b8b48448-37d5-41d2-8090-6a274c620aff	70571738-5c33-493e-b09b-499dd5596e49	1
22390dcb-7622-49fb-8d15-5fd88779f6f0		50	2023-10-21 09:43:36.166691+01	2023-10-21 09:43:36.166706+01	b8b48448-37d5-41d2-8090-6a274c620aff	91bc1c29-071c-4b4c-b0d4-44f4f31b5f20	1
4a8ad5be-834c-43ff-8f4b-ee19cec9bace		180	2023-10-21 09:43:36.174608+01	2023-10-21 09:43:36.174623+01	b8b48448-37d5-41d2-8090-6a274c620aff	5acfedf9-350b-424f-9df1-c2913284021a	1
5a103199-85b6-4ca4-9502-08b897e54eb2		120	2023-10-21 09:43:36.182737+01	2023-10-21 09:43:36.182751+01	b8b48448-37d5-41d2-8090-6a274c620aff	8f068ab6-ae03-44fc-ab48-5109caba762f	1
0c7e25ac-3f65-4231-b316-d63668f05289		50	2023-10-21 09:43:36.190668+01	2023-10-21 09:43:36.190682+01	b8b48448-37d5-41d2-8090-6a274c620aff	ee8cbd82-fb96-4ec9-8696-2eab7a609553	1
8ec6a969-33bf-4332-8a5c-41834ebc36d4		200	2023-10-21 09:43:36.199497+01	2023-10-21 09:43:36.199511+01	b8b48448-37d5-41d2-8090-6a274c620aff	7084dacc-c379-4559-8026-ec4e0a336c2a	1
da7d715d-a505-4948-8cd0-05c53027d9b1		190	2023-10-21 09:43:36.207301+01	2023-10-21 09:43:36.207315+01	b8b48448-37d5-41d2-8090-6a274c620aff	aba1d38e-d2c0-4d04-97e9-8dd1cc2f4c85	1
0475609b-52fe-4c42-9924-9df9be9e917b		30	2023-10-21 09:43:36.21571+01	2023-10-21 09:43:36.215724+01	b8b48448-37d5-41d2-8090-6a274c620aff	20cc9ba0-f2a0-4400-9547-5c888877be81	1
65e2d037-e384-4b88-b5f7-46f39730b465		30	2023-10-21 09:43:36.222684+01	2023-10-21 09:43:36.222698+01	b8b48448-37d5-41d2-8090-6a274c620aff	ce7b4ffa-3fba-4876-b205-979ed496cd15	1
f4a69cad-3836-449c-b214-2bf163a86bf5		50	2023-10-21 09:43:36.230685+01	2023-10-21 09:43:36.2307+01	b8b48448-37d5-41d2-8090-6a274c620aff	8f15b347-a35d-492f-8763-2556803b8811	1
eb5626be-68a5-40d4-8408-5617fe7bc9bc		30	2023-10-21 09:43:36.238601+01	2023-10-21 09:43:36.238615+01	b8b48448-37d5-41d2-8090-6a274c620aff	84fb87b3-af8c-40e2-999d-9524b69caba9	1
842de28a-c8ed-4ef2-b307-8dab43744ba1		80	2023-10-21 09:43:36.246568+01	2023-10-21 09:43:36.246582+01	b8b48448-37d5-41d2-8090-6a274c620aff	a059cb42-d863-4018-ba42-6fce13657306	1
e95af70e-f268-42c2-ab59-9f00cf1bf2a7		200	2023-10-21 09:43:36.254673+01	2023-10-21 09:43:36.254687+01	b8b48448-37d5-41d2-8090-6a274c620aff	fe7e9b9f-6854-4ba8-9da4-c5e4462f536e	1
2be31faf-aa80-4619-8db6-07b4978017f8		150	2023-10-21 09:43:45.848187+01	2023-10-21 09:43:45.848201+01	a3a79ac2-f837-498d-aa9c-75e8c11d4be4	f34f912f-d647-44b1-88ac-3097f416295e	1
3c54516a-30f3-4242-bbc6-6722b2dd5860		50	2023-10-21 09:43:45.857294+01	2023-10-21 09:43:45.85731+01	a3a79ac2-f837-498d-aa9c-75e8c11d4be4	6b4ed45f-4fb7-49b1-8801-6f82aa1d4375	1
92a21b05-06f1-4bc6-b71b-9dcdb38e164f		40	2023-10-21 09:43:45.86451+01	2023-10-21 09:43:45.864525+01	a3a79ac2-f837-498d-aa9c-75e8c11d4be4	b99128da-0f66-49d0-ab09-57f7dabb1f3d	1
1a5ace01-3ee9-4496-8219-60921c88d2fa		50	2023-10-21 09:43:45.87173+01	2023-10-21 09:43:45.871745+01	a3a79ac2-f837-498d-aa9c-75e8c11d4be4	992d9160-40f2-4a56-95a0-fb89748881b0	1
feab2316-e253-410f-ac86-1fc923bca484		150	2023-10-21 09:43:52.116236+01	2023-10-21 09:43:52.116251+01	a76b3a40-4e0e-4f7d-a96c-15153e71e4ff	5c68dfae-f749-4c95-b02b-62b30fd1d74b	1
724f50c1-690c-47a4-8686-181d7dff5082		210	2023-10-21 09:43:52.125353+01	2023-10-21 09:43:52.125371+01	a76b3a40-4e0e-4f7d-a96c-15153e71e4ff	4b69a723-2c52-4434-92e8-f7ffef0f41eb	1
f70d5acb-ba4c-41cd-90b7-6604a696391f		250	2023-10-21 09:43:52.13341+01	2023-10-21 09:43:52.133425+01	a76b3a40-4e0e-4f7d-a96c-15153e71e4ff	81c34ab8-e00f-4dc5-8ed4-7dc8daffa7fc	1
a8731907-c977-4301-91d2-e4e3bb86a61b		200	2023-10-21 09:43:52.141342+01	2023-10-21 09:43:52.141358+01	a76b3a40-4e0e-4f7d-a96c-15153e71e4ff	04ce5ed1-af07-4513-8406-d7536a7fdfd7	1
7fbd52f6-ffee-42f5-8fc1-dd0873239a0c		50	2023-10-21 09:43:52.149338+01	2023-10-21 09:43:52.149354+01	a76b3a40-4e0e-4f7d-a96c-15153e71e4ff	b4b08698-fd3d-4e5d-987a-bb3cea58ce44	1
86161735-a5c0-475a-877b-00744d7bc637		50	2023-10-21 09:43:52.157229+01	2023-10-21 09:43:52.157244+01	a76b3a40-4e0e-4f7d-a96c-15153e71e4ff	8e33f3aa-4b9f-45d0-93bc-251b493a3bde	1
4cd8183c-0641-4383-b229-5e0150983ac0		170	2023-10-21 09:43:52.165203+01	2023-10-21 09:43:52.165218+01	a76b3a40-4e0e-4f7d-a96c-15153e71e4ff	5acfedf9-350b-424f-9df1-c2913284021a	1
b1365198-dab6-4aec-b793-91ffbd311566		50	2023-10-21 09:45:55.68784+01	2023-10-21 09:45:55.687854+01	16f9a571-0598-4caf-9532-901afce38f9a	6b4ed45f-4fb7-49b1-8801-6f82aa1d4375	1
22b07281-25c4-4aa3-b917-058e3a8a2316		70	2023-10-21 09:45:55.695769+01	2023-10-21 09:45:55.695784+01	16f9a571-0598-4caf-9532-901afce38f9a	26c43d01-b66f-4cab-b4ce-312a82218497	1
28e371dd-b585-4e76-b47d-293f14d6485a		60	2023-10-21 09:45:55.70426+01	2023-10-21 09:45:55.704276+01	16f9a571-0598-4caf-9532-901afce38f9a	b6431602-149c-4a13-94b6-10bb2b9d7595	1
e7c5f4d3-b18f-457a-8d69-1d5892b30367		90	2023-10-21 09:45:55.712454+01	2023-10-21 09:45:55.712469+01	16f9a571-0598-4caf-9532-901afce38f9a	6eb08255-fa97-4e0a-b7bd-6f4ed7f1096e	1
cabc8f69-54ff-4aab-9f98-b596fe77b083		30	2023-10-21 09:45:55.720398+01	2023-10-21 09:45:55.720413+01	16f9a571-0598-4caf-9532-901afce38f9a	84fb87b3-af8c-40e2-999d-9524b69caba9	1
93850f1c-40fa-45d0-a834-28503111421c		30	2023-10-21 09:45:55.728536+01	2023-10-21 09:45:55.72855+01	16f9a571-0598-4caf-9532-901afce38f9a	aba1d38e-d2c0-4d04-97e9-8dd1cc2f4c85	1
6ed87696-5352-479d-927e-231e91c7c81c		40	2023-10-21 09:45:55.736532+01	2023-10-21 09:45:55.736546+01	16f9a571-0598-4caf-9532-901afce38f9a	7084dacc-c379-4559-8026-ec4e0a336c2a	1
76c9d883-7b35-4059-8206-3be6a9bae1d0		90	2023-10-21 09:45:55.744553+01	2023-10-21 09:45:55.744569+01	16f9a571-0598-4caf-9532-901afce38f9a	412e2b36-b967-4f95-bcd3-b68fc2d31cc9	1
e84c4d5d-10aa-446b-972b-2da78b1fbaf2		170	2023-10-21 09:45:55.752529+01	2023-10-21 09:45:55.752543+01	16f9a571-0598-4caf-9532-901afce38f9a	70571738-5c33-493e-b09b-499dd5596e49	1
5aa455be-9544-46c0-b969-8afd3b953168	-	50	2023-10-21 09:47:55.086053+01	2023-10-21 09:47:55.086059+01	f0b26f4b-01a1-466b-97e6-d47b25cd668b	5acfedf9-350b-424f-9df1-c2913284021a	1
0ed8d87f-4f24-44af-9cbb-147f4328799c	-	80	2023-10-21 09:47:55.092782+01	2023-10-21 09:47:55.092789+01	f0b26f4b-01a1-466b-97e6-d47b25cd668b	1f301def-7871-4f31-ac50-7f159429217d	1
777a824a-698f-47e1-977c-e31dd4896211		70	2023-10-21 09:47:55.860977+01	2023-10-21 09:47:55.860991+01	ab31c6af-5f5c-4f90-bd4e-69068fc24e2d	b6431602-149c-4a13-94b6-10bb2b9d7595	1
df5bad10-16af-4480-8790-84570af4af81		100	2023-10-21 09:47:55.870084+01	2023-10-21 09:47:55.870101+01	ab31c6af-5f5c-4f90-bd4e-69068fc24e2d	b99128da-0f66-49d0-ab09-57f7dabb1f3d	1
a54e2de3-81fb-482e-9a31-00991d0ce024		150	2023-10-21 09:47:55.877335+01	2023-10-21 09:47:55.877349+01	ab31c6af-5f5c-4f90-bd4e-69068fc24e2d	5849797f-5917-4cd7-b5af-87f0ca0d62e2	1
5211b777-1b42-45b6-8d29-613dca53fdb5	-	400	2023-10-21 09:49:00.15538+01	2023-10-21 09:49:00.155386+01	9d4eb97e-75e4-4f2b-8e13-7371c67e9bfa	92844628-0a12-4fd3-98f2-d118aceaaee3	1
22dc5dcd-3c8e-4e07-acc1-b961459f1d48		30	2023-10-21 09:51:26.234194+01	2023-10-21 09:51:26.23421+01	ab383cd5-19ac-4851-8d8e-ae1a9102b6e2	6eb08255-fa97-4e0a-b7bd-6f4ed7f1096e	1
d5cfe1f4-b6f5-4f92-bfe6-5cfdeab3c7b7		80	2023-10-21 09:51:26.24379+01	2023-10-21 09:51:26.24381+01	ab383cd5-19ac-4851-8d8e-ae1a9102b6e2	5c68dfae-f749-4c95-b02b-62b30fd1d74b	1
4ca936de-748e-4af0-b4db-d03b20d82f24		20	2023-10-21 09:51:26.252447+01	2023-10-21 09:51:26.252473+01	ab383cd5-19ac-4851-8d8e-ae1a9102b6e2	60346318-7d35-48f0-b61d-35704503a91e	1
479cfe46-af4f-4662-a406-0c15d7f2d044		300	2023-10-21 09:51:26.264084+01	2023-10-21 09:51:26.264113+01	ab383cd5-19ac-4851-8d8e-ae1a9102b6e2	68308b07-51bb-4acc-993c-fcbca837b4ee	1
61dd55ed-f5e4-461a-b542-b21b18895be1		30	2023-10-21 09:51:26.276796+01	2023-10-21 09:51:26.276824+01	ab383cd5-19ac-4851-8d8e-ae1a9102b6e2	67349adf-98a1-4a7e-8e0d-70c95e81faf0	1
c04ad8c2-34b1-4f91-b9e0-6349cafe5405		120	2023-10-21 09:52:46.9175+01	2023-10-21 09:52:46.917514+01	3c703cf5-b3e5-4856-ab2a-77b6fb61cd34	6c9b87a1-2ed3-474a-91b0-282c5cbebd6f	1
509a06ae-edcf-4c9f-bd03-10ad44007dfc		50	2023-10-21 09:52:46.926848+01	2023-10-21 09:52:46.926864+01	3c703cf5-b3e5-4856-ab2a-77b6fb61cd34	91bc1c29-071c-4b4c-b0d4-44f4f31b5f20	1
7ea651f9-f006-44fd-babc-64f34c9ac6cb		90	2023-10-21 09:52:46.935786+01	2023-10-21 09:52:46.9358+01	3c703cf5-b3e5-4856-ab2a-77b6fb61cd34	8e33f3aa-4b9f-45d0-93bc-251b493a3bde	1
ecba69c6-8867-4ff7-8c8b-e1a17cc179b0		400	2023-10-21 09:52:46.943718+01	2023-10-21 09:52:46.943733+01	3c703cf5-b3e5-4856-ab2a-77b6fb61cd34	412e2b36-b967-4f95-bcd3-b68fc2d31cc9	1
80be1f97-0c2f-4a72-9b65-2a6aaf790650		40	2023-10-21 09:53:28.964928+01	2023-10-21 09:53:28.964946+01	0da8e122-8ce9-4b8b-8daa-017f72e3ef65	8e33f3aa-4b9f-45d0-93bc-251b493a3bde	1
c47fd92f-da9b-442b-9d80-adf0b002a6e3		100	2023-10-21 09:53:28.974284+01	2023-10-21 09:53:28.974299+01	0da8e122-8ce9-4b8b-8daa-017f72e3ef65	599156db-ad6d-4bac-b1a1-e41af22061f7	1
698f0da8-d1a9-41f6-80d4-508252d4621a		120	2023-10-21 09:53:28.982983+01	2023-10-21 09:53:28.982999+01	0da8e122-8ce9-4b8b-8daa-017f72e3ef65	599156db-ad6d-4bac-b1a1-e41af22061f7	1
af5bdbad-9081-44ac-bb56-e3d105a84e61		45	2023-10-21 09:53:28.991451+01	2023-10-21 09:53:28.991465+01	0da8e122-8ce9-4b8b-8daa-017f72e3ef65	c324e28f-6f7a-45fd-b2b9-231d5eccc4db	1
07d5be13-d065-4ba1-a76a-85ef806bb7fd		60	2023-10-21 09:53:38.850826+01	2023-10-21 09:53:38.850839+01	7fa0f58d-a62c-4c7a-a199-f94b3317feff	f72c8b00-6d71-4c66-8490-0552f810b961	1
c924b8fc-5eb9-4625-96d9-1f9fc4dc9e01		40	2023-10-21 09:53:38.860316+01	2023-10-21 09:53:38.860335+01	7fa0f58d-a62c-4c7a-a199-f94b3317feff	729d2922-67b1-4888-8297-dbcf15af79ca	1
61f0514d-6a6e-44ca-b850-2dcfe0f82570		75	2023-10-21 09:53:38.867964+01	2023-10-21 09:53:38.867982+01	7fa0f58d-a62c-4c7a-a199-f94b3317feff	321366ef-747f-4862-a924-c123d745cf08	1
f8283ace-9313-4691-836a-7a5bea7780c7		140	2023-10-21 09:53:38.876577+01	2023-10-21 09:53:38.876596+01	7fa0f58d-a62c-4c7a-a199-f94b3317feff	321366ef-747f-4862-a924-c123d745cf08	1
c1c7b9d2-c138-4914-854b-17528ab640e0		100	2023-10-21 09:53:38.885104+01	2023-10-21 09:53:38.885124+01	7fa0f58d-a62c-4c7a-a199-f94b3317feff	90947043-c03a-446e-a6b9-491d42908da3	1
4232be7b-a7ac-4792-8daa-83dee08e7a65		60	2023-10-21 09:53:38.893267+01	2023-10-21 09:53:38.893285+01	7fa0f58d-a62c-4c7a-a199-f94b3317feff	6b4ed45f-4fb7-49b1-8801-6f82aa1d4375	1
dcd8a7db-dbd5-4708-9f26-371f1bdf8429		100	2023-10-21 09:55:49.777667+01	2023-10-21 09:55:49.777703+01	b48c1346-4bc0-4011-8983-934a7527964a	26c43d01-b66f-4cab-b4ce-312a82218497	1
ac1d27fe-b13d-4fc2-819a-230ca3a68201		200	2023-10-21 09:55:49.787554+01	2023-10-21 09:55:49.78757+01	b48c1346-4bc0-4011-8983-934a7527964a	c85bd1df-abe4-49ca-bc27-6b5cdb4c3977	1
0079ee2a-e9d3-4b54-b946-4bd5c93c44e7		60	2023-10-21 09:55:49.796086+01	2023-10-21 09:55:49.796102+01	b48c1346-4bc0-4011-8983-934a7527964a	c6c976c1-da03-4bb9-ae3e-a56711825d3e	1
ca57602c-4213-42a8-96bc-9d2ef3a37a84		120	2023-10-21 09:55:49.804093+01	2023-10-21 09:55:49.80411+01	b48c1346-4bc0-4011-8983-934a7527964a	1998416f-0b8c-4b87-bd1c-01ec5d58f746	1
c85aa03e-0b06-4073-8abd-b88435644876		30	2023-10-21 09:56:40.734867+01	2023-10-21 09:56:40.734882+01	61a07853-3db2-479d-a4d3-e715db5aac9c	bc5d7ba8-ec37-438a-b532-e7bf9b92ad54	1
70be3f98-9314-4b14-a5bc-14130a40ce05		50	2023-10-21 09:56:40.747769+01	2023-10-21 09:56:40.747788+01	61a07853-3db2-479d-a4d3-e715db5aac9c	79ea2e0d-2757-41f5-977a-353411143c42	1
9413c3ab-ba9c-4827-8cff-eb0ced2aaf9b		30	2023-10-21 09:56:40.757811+01	2023-10-21 09:56:40.757828+01	61a07853-3db2-479d-a4d3-e715db5aac9c	84fb87b3-af8c-40e2-999d-9524b69caba9	1
4e94579e-dc88-4ea0-b4a0-90e24f7d699b		50	2023-10-21 09:56:40.766147+01	2023-10-21 09:56:40.766163+01	61a07853-3db2-479d-a4d3-e715db5aac9c	8f068ab6-ae03-44fc-ab48-5109caba762f	1
ccff8c5a-8249-4863-90c4-05ad6f5f93e9		50	2023-10-21 09:56:40.774444+01	2023-10-21 09:56:40.77446+01	61a07853-3db2-479d-a4d3-e715db5aac9c	1f301def-7871-4f31-ac50-7f159429217d	1
61bf239d-9497-47fd-85d8-cb226c713dee		30	2023-10-21 09:56:40.782531+01	2023-10-21 09:56:40.782553+01	61a07853-3db2-479d-a4d3-e715db5aac9c	8fb4d722-b63f-4a4f-b5b5-26ad27e87e49	1
d96194a0-6b4b-4d89-9687-26d3d22adc56		50	2023-10-21 09:56:40.79078+01	2023-10-21 09:56:40.790793+01	61a07853-3db2-479d-a4d3-e715db5aac9c	5a57ad32-b6e0-439c-b254-45c40994bfa5	1
2984c5af-6289-4c5c-9aba-ecceb61e6fd8		20	2023-10-21 09:56:40.798472+01	2023-10-21 09:56:40.798485+01	61a07853-3db2-479d-a4d3-e715db5aac9c	b99128da-0f66-49d0-ab09-57f7dabb1f3d	1
573ab265-eda9-4182-b526-7789b7c1b152		150	2023-10-21 09:56:40.80557+01	2023-10-21 09:56:40.805584+01	61a07853-3db2-479d-a4d3-e715db5aac9c	321366ef-747f-4862-a924-c123d745cf08	1
46b91d2e-6b51-4b88-9c84-29572a2cc970		100	2023-10-21 09:56:52.829196+01	2023-10-21 09:56:52.82921+01	4d87424b-1730-46dc-81c7-c4d9b186680c	b6431602-149c-4a13-94b6-10bb2b9d7595	1
f89b4ecc-9d9d-47eb-8e46-50908a98177e		100	2023-10-21 09:56:52.838228+01	2023-10-21 09:56:52.838243+01	4d87424b-1730-46dc-81c7-c4d9b186680c	599156db-ad6d-4bac-b1a1-e41af22061f7	1
4078c9cd-1527-4803-b4b0-a89616127a3d		150	2023-10-21 09:56:59.480071+01	2023-10-21 09:56:59.480087+01	8f0ebd38-82f0-434a-b738-be5f16929d5b	43a88bd2-6356-4b14-a931-c585e11da701	1
1c913a42-489b-4133-ad95-885104920a3b		150	2023-10-21 09:56:59.490248+01	2023-10-21 09:56:59.490263+01	8f0ebd38-82f0-434a-b738-be5f16929d5b	5c68dfae-f749-4c95-b02b-62b30fd1d74b	1
ddf3c870-9f58-47ff-9dd7-579a2227113a		5	2023-10-21 09:56:59.498424+01	2023-10-21 09:56:59.498441+01	8f0ebd38-82f0-434a-b738-be5f16929d5b	49589b1e-fd4c-414c-b1b1-dcaa83b24e11	1
00550f90-5f82-44e3-aa75-738af37bcd78		50	2023-10-21 09:56:59.506504+01	2023-10-21 09:56:59.506519+01	8f0ebd38-82f0-434a-b738-be5f16929d5b	dd7598dc-098a-43e9-a8a3-90d7c8b720ba	1
371f2969-d9e9-44b6-8b22-c1b3a997bea7		140	2023-10-21 09:56:59.514585+01	2023-10-21 09:56:59.5146+01	8f0ebd38-82f0-434a-b738-be5f16929d5b	7084dacc-c379-4559-8026-ec4e0a336c2a	1
5bec6f36-981b-4825-a4cf-c2fe51d59301		110	2023-10-21 09:56:59.522747+01	2023-10-21 09:56:59.522763+01	8f0ebd38-82f0-434a-b738-be5f16929d5b	6c9b87a1-2ed3-474a-91b0-282c5cbebd6f	1
a339b25c-3d23-4f46-9703-a1fe3a06f191		80	2023-10-21 09:56:59.530775+01	2023-10-21 09:56:59.530791+01	8f0ebd38-82f0-434a-b738-be5f16929d5b	6b4ed45f-4fb7-49b1-8801-6f82aa1d4375	1
28729bad-903f-4c54-a1c3-16b22bf2a189		40	2023-10-21 09:56:59.537824+01	2023-10-21 09:56:59.537842+01	8f0ebd38-82f0-434a-b738-be5f16929d5b	6b4ed45f-4fb7-49b1-8801-6f82aa1d4375	1
b5e48169-2e16-4bdd-8459-3ddd2d0e27ae		120	2023-10-21 09:56:59.544996+01	2023-10-21 09:56:59.545013+01	8f0ebd38-82f0-434a-b738-be5f16929d5b	6b4ed45f-4fb7-49b1-8801-6f82aa1d4375	1
b4af946b-4452-45b2-8aae-0756024e6774		100	2023-10-21 09:57:19.606159+01	2023-10-21 09:57:19.606172+01	87647394-028d-4fdc-92bd-bdd557838ef6	845d61d6-604b-4505-be8e-7b659da85e1c	1
d40bbc05-04b5-4351-ae2d-54075fd4d771		50	2023-10-21 09:57:19.61517+01	2023-10-21 09:57:19.615184+01	87647394-028d-4fdc-92bd-bdd557838ef6	7c8f71c5-6eb7-4efd-9f6b-0db5d626fca0	1
892d052b-b123-48ec-ad5d-2df63a625d89		50	2023-10-21 09:57:19.622255+01	2023-10-21 09:57:19.622269+01	87647394-028d-4fdc-92bd-bdd557838ef6	627bafed-07ce-462f-abc9-50e26a850428	1
cc3cd53c-98e5-4625-8c47-a6a9bb39d9da		90	2023-10-21 09:57:19.630551+01	2023-10-21 09:57:19.630575+01	87647394-028d-4fdc-92bd-bdd557838ef6	b99128da-0f66-49d0-ab09-57f7dabb1f3d	1
ea09dac4-c189-4d71-bab9-24327b2f7588		20	2023-10-21 09:57:19.638181+01	2023-10-21 09:57:19.638195+01	87647394-028d-4fdc-92bd-bdd557838ef6	60346318-7d35-48f0-b61d-35704503a91e	1
2ea6f89c-460c-4851-8436-80d0de772629		120	2023-10-21 09:57:19.646507+01	2023-10-21 09:57:19.646521+01	87647394-028d-4fdc-92bd-bdd557838ef6	6eb08255-fa97-4e0a-b7bd-6f4ed7f1096e	1
ac204e71-1a89-450f-9b64-b13c42284b28		40	2023-10-21 09:57:19.654469+01	2023-10-21 09:57:19.654483+01	87647394-028d-4fdc-92bd-bdd557838ef6	c6c976c1-da03-4bb9-ae3e-a56711825d3e	1
428b17fd-b57d-4759-b516-2604c8394952		40	2023-10-21 09:57:19.66233+01	2023-10-21 09:57:19.662347+01	87647394-028d-4fdc-92bd-bdd557838ef6	8fb4d722-b63f-4a4f-b5b5-26ad27e87e49	1
062ccf85-0258-4f3c-883f-016ed3f4a183		150	2023-10-21 09:57:55.005582+01	2023-10-21 09:57:55.005597+01	69d8050a-8030-492a-9a1f-8c83dcc9f839	b4b08698-fd3d-4e5d-987a-bb3cea58ce44	1
e8874fa9-95ca-4850-91f4-c7a5fdd29c76		120	2023-10-21 09:57:55.014914+01	2023-10-21 09:57:55.014931+01	69d8050a-8030-492a-9a1f-8c83dcc9f839	1e9d8e0f-1af8-47d3-b871-fde847ceb0bf	1
f6fc8f48-8faa-450d-b07b-34b4c3895f7d		50	2023-10-21 09:58:29.937627+01	2023-10-21 09:58:29.937652+01	d7f307c0-b34c-4f7b-a01e-a1baf37c3595	872b6a69-3453-4d27-8db2-211b20bd4aa8	1
49bb317c-ebb5-445b-b5c2-6d99d5a97a4b		40	2023-10-21 09:58:29.952447+01	2023-10-21 09:58:29.952461+01	d7f307c0-b34c-4f7b-a01e-a1baf37c3595	872b6a69-3453-4d27-8db2-211b20bd4aa8	1
a4830494-62de-42c0-9d8a-d719524380b0		40	2023-10-21 09:58:29.970727+01	2023-10-21 09:58:29.970754+01	d7f307c0-b34c-4f7b-a01e-a1baf37c3595	c324e28f-6f7a-45fd-b2b9-231d5eccc4db	1
6986bb51-258e-4f50-98cb-d1be120af4fd		50	2023-10-21 09:58:29.979386+01	2023-10-21 09:58:29.9794+01	d7f307c0-b34c-4f7b-a01e-a1baf37c3595	f5f394a8-abcb-4a09-adb8-cfa3276c10a5	1
af84e473-01b4-46e0-a0ef-98e8c12f62bc		60	2023-10-21 09:58:29.991202+01	2023-10-21 09:58:29.991225+01	d7f307c0-b34c-4f7b-a01e-a1baf37c3595	872b6a69-3453-4d27-8db2-211b20bd4aa8	1
245523bf-475a-4b36-9175-08a7dfc4fba5		50	2023-10-21 10:01:51.843558+01	2023-10-21 10:01:51.843573+01	960f5d35-eafe-4b91-886e-8846736d47de	ee8cbd82-fb96-4ec9-8696-2eab7a609553	1
f334eb4b-3e11-4341-ba19-739c922d8c24		60	2023-10-21 10:02:07.20013+01	2023-10-21 10:02:07.200144+01	a319617d-4eec-44ae-9adb-19dd2f9e2279	4d884509-0e12-4d21-8d47-835057a86152	1
13688024-eb2d-4a6d-aae6-ce2e3c8a6f39		50	2023-10-21 10:02:43.350295+01	2023-10-21 10:02:43.350309+01	4ac120cf-7f98-4b01-b1e5-ef6fcc566063	84fb87b3-af8c-40e2-999d-9524b69caba9	1
9da8615b-367f-45bc-bf75-274ecb700bb7		80	2023-10-21 10:02:43.359294+01	2023-10-21 10:02:43.359309+01	4ac120cf-7f98-4b01-b1e5-ef6fcc566063	84fb87b3-af8c-40e2-999d-9524b69caba9	1
067ca64d-ee5e-4238-bf81-9623d4beadbe		400	2023-10-21 10:02:43.36748+01	2023-10-21 10:02:43.367494+01	4ac120cf-7f98-4b01-b1e5-ef6fcc566063	ad7034ee-fc05-4756-85ba-582efd305ce8	1
c7fcc7e3-de80-4f2a-9e35-23aa1717dd2f		90	2023-10-21 10:02:43.375647+01	2023-10-21 10:02:43.375662+01	4ac120cf-7f98-4b01-b1e5-ef6fcc566063	6b4ed45f-4fb7-49b1-8801-6f82aa1d4375	1
50665f27-9e83-4b6e-96b4-6ed1a2d1d955		60	2023-10-21 10:02:43.382768+01	2023-10-21 10:02:43.382782+01	4ac120cf-7f98-4b01-b1e5-ef6fcc566063	67a1481b-a1b3-4011-8699-3f39eca8bc71	1
55d0d455-5234-4092-a92c-a0c4f00aa97c		50	2023-10-21 10:03:07.981186+01	2023-10-21 10:03:07.981201+01	d40f95d1-7747-4494-9cf9-4a6d67a4b135	ee8cbd82-fb96-4ec9-8696-2eab7a609553	1
eb132d3d-ae4b-4fba-931f-b19d758a7564		50	2023-10-21 10:04:37.773349+01	2023-10-21 10:04:37.773363+01	bb6466a3-7ba4-44e7-9956-51e40e10fd9a	ee8cbd82-fb96-4ec9-8696-2eab7a609553	1
57afbaa0-5e0d-4fcd-8116-d57903d462fb		50	2023-10-21 10:04:37.782682+01	2023-10-21 10:04:37.782706+01	bb6466a3-7ba4-44e7-9956-51e40e10fd9a	599156db-ad6d-4bac-b1a1-e41af22061f7	1
4e00bd98-02ba-4152-a71c-642bd42c6cd5		50	2023-10-21 10:04:37.791913+01	2023-10-21 10:04:37.791934+01	bb6466a3-7ba4-44e7-9956-51e40e10fd9a	20cc9ba0-f2a0-4400-9547-5c888877be81	1
21219876-6d5d-4f7c-93a0-f886e02739a4		70	2023-10-21 10:04:37.798823+01	2023-10-21 10:04:37.798836+01	bb6466a3-7ba4-44e7-9956-51e40e10fd9a	ee8cbd82-fb96-4ec9-8696-2eab7a609553	1
e50931c8-2fdb-4a7d-b028-44e5368fd3b3		75	2023-10-21 10:04:37.806853+01	2023-10-21 10:04:37.806874+01	bb6466a3-7ba4-44e7-9956-51e40e10fd9a	28187923-eb64-4c41-be30-7659d43020d8	1
fc99e141-9922-42df-8b0c-d93398aa8760		100	2023-10-21 10:04:37.815871+01	2023-10-21 10:04:37.815887+01	bb6466a3-7ba4-44e7-9956-51e40e10fd9a	67349adf-98a1-4a7e-8e0d-70c95e81faf0	1
53e4b81c-532e-4d70-b600-4bbc5d4d2609		50	2023-10-21 10:04:37.824116+01	2023-10-21 10:04:37.82413+01	bb6466a3-7ba4-44e7-9956-51e40e10fd9a	d34920b7-7d32-4a4f-856f-73f5424334e3	1
08dc72ce-223a-404f-9c8e-8665359a84a8		20	2023-10-21 10:04:37.832391+01	2023-10-21 10:04:37.832404+01	bb6466a3-7ba4-44e7-9956-51e40e10fd9a	ee8cbd82-fb96-4ec9-8696-2eab7a609553	1
2392f4a8-6213-442b-ba01-3562757cf51f		50	2023-10-21 10:04:37.841105+01	2023-10-21 10:04:37.841121+01	bb6466a3-7ba4-44e7-9956-51e40e10fd9a	28187923-eb64-4c41-be30-7659d43020d8	1
260a04a7-7ca2-4ae4-a6cc-f4c26d7ea3da		250	2023-10-21 10:04:37.849473+01	2023-10-21 10:04:37.849488+01	bb6466a3-7ba4-44e7-9956-51e40e10fd9a	b97f07c8-673a-4664-9f4c-c079faa9e981	1
efd513ad-ed43-48f2-b1c6-dec416ba5a4d		200	2023-10-21 10:04:37.857697+01	2023-10-21 10:04:37.857711+01	bb6466a3-7ba4-44e7-9956-51e40e10fd9a	28187923-eb64-4c41-be30-7659d43020d8	1
2a634358-81f6-4f01-b6ca-8d03df660e4a		120	2023-10-21 10:05:15.115858+01	2023-10-21 10:05:15.115871+01	c258fc3a-20d8-43b5-8c47-945724ab7a4b	8f068ab6-ae03-44fc-ab48-5109caba762f	1
a724e733-8c57-4970-9d70-3807e07b4a69		200	2023-10-21 10:05:15.12441+01	2023-10-21 10:05:15.124424+01	c258fc3a-20d8-43b5-8c47-945724ab7a4b	4034f7a8-fc55-4a47-bcea-fcfc8636a3ba	1
cb7134b1-aa7c-4c84-afd7-de4a52d1b30f		100	2023-10-21 10:05:15.143392+01	2023-10-21 10:05:15.143409+01	c258fc3a-20d8-43b5-8c47-945724ab7a4b	7c8f71c5-6eb7-4efd-9f6b-0db5d626fca0	1
179245ba-7f21-4006-bb4c-7e29b53e4f47		120	2023-10-21 10:05:15.153761+01	2023-10-21 10:05:15.153776+01	c258fc3a-20d8-43b5-8c47-945724ab7a4b	95b67d8c-843e-49df-9155-1cbd0188d78c	1
e7e64b09-7c4c-49cb-86be-825bab980f63		90	2023-10-21 10:05:15.167945+01	2023-10-21 10:05:15.167962+01	c258fc3a-20d8-43b5-8c47-945724ab7a4b	cb1d4ad0-295d-442f-961c-014253e8a4c6	1
9360e2a2-f0f6-46f3-9e03-e0833f068774		40	2023-10-21 10:05:15.176051+01	2023-10-21 10:05:15.176066+01	c258fc3a-20d8-43b5-8c47-945724ab7a4b	b4b08698-fd3d-4e5d-987a-bb3cea58ce44	1
8db9eb00-786a-44c9-9df6-d3fb7ffa8640		150	2023-10-21 10:05:15.183904+01	2023-10-21 10:05:15.183919+01	c258fc3a-20d8-43b5-8c47-945724ab7a4b	5a57ad32-b6e0-439c-b254-45c40994bfa5	1
e605fbe7-6612-4007-a6c5-6a4d707d8a16		90	2023-10-21 10:07:40.616862+01	2023-10-21 10:07:40.616875+01	1a2e1796-4f76-43c8-841d-f177bc7d3e8a	5acfedf9-350b-424f-9df1-c2913284021a	1
71fc456c-ab38-4ed3-bf27-29afe50b4328		80	2023-10-21 10:07:40.625733+01	2023-10-21 10:07:40.625749+01	1a2e1796-4f76-43c8-841d-f177bc7d3e8a	1f301def-7871-4f31-ac50-7f159429217d	1
6ac99ef5-b8da-4036-9058-d41de3638eb2		20	2023-10-21 10:07:40.633795+01	2023-10-21 10:07:40.633809+01	1a2e1796-4f76-43c8-841d-f177bc7d3e8a	60346318-7d35-48f0-b61d-35704503a91e	1
66ecc491-4256-40ea-a107-d18fcbe67874		120	2023-10-21 10:07:40.641859+01	2023-10-21 10:07:40.641875+01	1a2e1796-4f76-43c8-841d-f177bc7d3e8a	b4b08698-fd3d-4e5d-987a-bb3cea58ce44	1
4360505b-c0fc-4b26-85f2-7ae354b076e7		100	2023-10-21 10:07:48.112492+01	2023-10-21 10:07:48.112506+01	b5b00473-143a-42d4-8036-b1c257ad7079	8f068ab6-ae03-44fc-ab48-5109caba762f	1
2fd44c19-b353-4482-b04e-2e720a7cd3d7		110	2023-10-21 10:07:48.122101+01	2023-10-21 10:07:48.122117+01	b5b00473-143a-42d4-8036-b1c257ad7079	6c9b87a1-2ed3-474a-91b0-282c5cbebd6f	1
cdd87988-e22b-4e15-9acf-d443c0c8d4b0		200	2023-10-21 10:07:48.130069+01	2023-10-21 10:07:48.130084+01	b5b00473-143a-42d4-8036-b1c257ad7079	ad7034ee-fc05-4756-85ba-582efd305ce8	1
f79234de-910e-4138-a69f-8a2de0e2e93f		30	2023-10-21 10:07:48.137871+01	2023-10-21 10:07:48.137888+01	b5b00473-143a-42d4-8036-b1c257ad7079	5bd32cdc-930d-46bf-ba98-ecab82cd2373	1
7c15abe8-a7b8-4f2e-9696-d5186a3f8a2d		70	2023-10-21 10:07:48.14557+01	2023-10-21 10:07:48.145584+01	b5b00473-143a-42d4-8036-b1c257ad7079	6c9b87a1-2ed3-474a-91b0-282c5cbebd6f	1
aa9d10b5-5801-4dd7-a295-1f7dd580fdec		40	2023-10-21 10:07:48.153333+01	2023-10-21 10:07:48.153349+01	b5b00473-143a-42d4-8036-b1c257ad7079	b4b08698-fd3d-4e5d-987a-bb3cea58ce44	1
1d5e3e18-7ade-4293-9098-de81c74415f9		50	2023-10-21 10:07:48.161202+01	2023-10-21 10:07:48.161216+01	b5b00473-143a-42d4-8036-b1c257ad7079	305cf67a-754e-45ea-a907-3b30b0852369	1
f9b8cfb2-82c5-4a75-85c8-c5bf01f0abe0		150	2023-10-21 10:07:48.169051+01	2023-10-21 10:07:48.169067+01	b5b00473-143a-42d4-8036-b1c257ad7079	d76436f0-2a28-4afc-acec-1795eacda732	1
74073fd8-4a59-463a-afe6-6db2b23c03ed		130	2023-10-21 10:07:48.177584+01	2023-10-21 10:07:48.177602+01	b5b00473-143a-42d4-8036-b1c257ad7079	a059cb42-d863-4018-ba42-6fce13657306	1
db9af7ab-6380-402a-9189-f644a8c4482a		3	2023-10-21 10:07:48.185672+01	2023-10-21 10:07:48.185689+01	b5b00473-143a-42d4-8036-b1c257ad7079	6b4ed45f-4fb7-49b1-8801-6f82aa1d4375	1
3ea11426-6ee1-476d-93ce-4f0f1adf56eb		100	2023-10-21 10:07:48.192427+01	2023-10-21 10:07:48.192443+01	b5b00473-143a-42d4-8036-b1c257ad7079	f372a214-c1ab-4049-91b0-65c44318046e	1
a40754ee-0f19-4243-bc98-9df3229d1b40		75	2023-10-21 10:08:40.345106+01	2023-10-21 10:08:40.345132+01	6705f935-0a99-4962-965c-af081be48cd9	67ab6e66-f479-4857-8fa5-423a525e5e82	1
11a8f26d-342b-4177-95ca-0db18cff560d		100	2023-10-21 10:08:40.353101+01	2023-10-21 10:08:40.353116+01	6705f935-0a99-4962-965c-af081be48cd9	5c68dfae-f749-4c95-b02b-62b30fd1d74b	1
68f77a2f-7b1e-4698-84ba-6f3b444ddff9		70	2023-10-21 10:08:40.361343+01	2023-10-21 10:08:40.36136+01	6705f935-0a99-4962-965c-af081be48cd9	8fb4d722-b63f-4a4f-b5b5-26ad27e87e49	1
baceca35-c579-4dab-bcf9-af4fa23350ef		50	2023-10-21 10:08:57.034688+01	2023-10-21 10:08:57.034701+01	2ab6a2ac-3e1e-4efc-af40-63aa98b67f17	f3f8ea3e-4620-4741-9301-068ee9357250	1
bc8656ba-a440-45c8-9333-1d182073d141		75	2023-10-21 10:08:57.043738+01	2023-10-21 10:08:57.043753+01	2ab6a2ac-3e1e-4efc-af40-63aa98b67f17	e3e61c83-7b95-403b-8787-939fb7752b9a	1
f833a3d2-8845-4fec-a475-3076c447e426		50	2023-10-21 10:08:57.051954+01	2023-10-21 10:08:57.051969+01	2ab6a2ac-3e1e-4efc-af40-63aa98b67f17	992d9160-40f2-4a56-95a0-fb89748881b0	1
89b48902-374a-407d-8984-ef86fd76d744		150	2023-10-21 10:08:57.060116+01	2023-10-21 10:08:57.06013+01	2ab6a2ac-3e1e-4efc-af40-63aa98b67f17	04ce5ed1-af07-4513-8406-d7536a7fdfd7	1
cd1be49f-28e3-43bc-a91a-1f29b99ce9ef		40	2023-10-21 10:08:57.068212+01	2023-10-21 10:08:57.068228+01	2ab6a2ac-3e1e-4efc-af40-63aa98b67f17	6b4ed45f-4fb7-49b1-8801-6f82aa1d4375	1
8d80623b-ab5f-4fc4-8a48-e0f030a0db4e		45	2023-10-21 10:08:57.075177+01	2023-10-21 10:08:57.07519+01	2ab6a2ac-3e1e-4efc-af40-63aa98b67f17	5a57ad32-b6e0-439c-b254-45c40994bfa5	1
f56e464e-2980-4291-bae6-a3fc414dc79c		10	2023-10-21 10:08:57.083596+01	2023-10-21 10:08:57.083611+01	2ab6a2ac-3e1e-4efc-af40-63aa98b67f17	b99128da-0f66-49d0-ab09-57f7dabb1f3d	1
ff80b474-295b-480a-8774-ce4caa31a1b0		150	2023-10-21 10:10:28.667626+01	2023-10-21 10:10:28.667639+01	08e63a83-7321-45c6-a60c-94fdf4699638	68308b07-51bb-4acc-993c-fcbca837b4ee	1
059b3284-1e27-463b-8753-b5d5059e1b9f		50	2023-10-21 10:10:28.676748+01	2023-10-21 10:10:28.676764+01	08e63a83-7321-45c6-a60c-94fdf4699638	92844628-0a12-4fd3-98f2-d118aceaaee3	1
002d0426-3ec4-409a-8527-cbda317d091e		200	2023-10-21 10:10:56.123365+01	2023-10-21 10:10:56.123378+01	3deed42e-953a-49cb-a393-4039c1cd4b95	5bd32cdc-930d-46bf-ba98-ecab82cd2373	1
bc31aa9b-f6ec-4141-bf7c-e03b7763f301		110	2023-10-21 10:10:56.133916+01	2023-10-21 10:10:56.133932+01	3deed42e-953a-49cb-a393-4039c1cd4b95	6eb08255-fa97-4e0a-b7bd-6f4ed7f1096e	1
6792e394-d9e9-456f-aa7a-5e0e1147e7b5		140	2023-10-21 10:10:56.14196+01	2023-10-21 10:10:56.141977+01	3deed42e-953a-49cb-a393-4039c1cd4b95	f4bca2fb-fd5c-4196-9ebc-ed3687dc4294	1
b0e2d951-bafd-4baf-ac66-874abd30b510		50	2023-10-21 10:10:56.149778+01	2023-10-21 10:10:56.149794+01	3deed42e-953a-49cb-a393-4039c1cd4b95	9ad231fa-af09-47e4-9cb6-570fa327f943	1
e33eca04-3b1a-4d0c-b5a0-e5e40b7bcc16		120	2023-10-21 10:13:19.880979+01	2023-10-21 10:13:19.880992+01	847eaa88-23ac-4b28-b90f-c3e940b4a479	5c68dfae-f749-4c95-b02b-62b30fd1d74b	1
cb8dc37e-2d37-4200-88cf-8943ea8d7a93		80	2023-10-21 10:13:19.88984+01	2023-10-21 10:13:19.889856+01	847eaa88-23ac-4b28-b90f-c3e940b4a479	67a1481b-a1b3-4011-8699-3f39eca8bc71	1
2d770491-0a4e-432a-b86b-c7e93e26fea2		125	2023-10-21 10:13:19.896585+01	2023-10-21 10:13:19.896599+01	847eaa88-23ac-4b28-b90f-c3e940b4a479	4b69a723-2c52-4434-92e8-f7ffef0f41eb	1
37bf7f27-4ed9-4eac-8ff0-c28b053c5e23		130	2023-10-21 10:13:19.904433+01	2023-10-21 10:13:19.904447+01	847eaa88-23ac-4b28-b90f-c3e940b4a479	bc5d7ba8-ec37-438a-b532-e7bf9b92ad54	1
c12c61d7-4a15-4130-a65c-ff603962b40e		70	2023-10-21 10:13:30.511527+01	2023-10-21 10:13:30.51154+01	7850609a-fd15-4dae-8cb1-db8e950f4eb6	8f15b347-a35d-492f-8763-2556803b8811	1
c03763c4-0ffc-4ac6-b8a4-0dfd00094ab6		30	2023-10-21 10:13:30.520316+01	2023-10-21 10:13:30.520332+01	7850609a-fd15-4dae-8cb1-db8e950f4eb6	6b4ed45f-4fb7-49b1-8801-6f82aa1d4375	1
0105859d-0d1a-44e6-b6bb-beb1766d7c4d		40	2023-10-21 10:13:30.527192+01	2023-10-21 10:13:30.527205+01	7850609a-fd15-4dae-8cb1-db8e950f4eb6	872b6a69-3453-4d27-8db2-211b20bd4aa8	1
0a6963fa-6f3e-46df-9fad-83a537543449		80	2023-10-21 10:13:30.535029+01	2023-10-21 10:13:30.535047+01	7850609a-fd15-4dae-8cb1-db8e950f4eb6	6b4ed45f-4fb7-49b1-8801-6f82aa1d4375	1
da0f3331-070e-4def-b0fe-1181af223c5c		30	2023-10-21 10:13:30.541756+01	2023-10-21 10:13:30.541769+01	7850609a-fd15-4dae-8cb1-db8e950f4eb6	6b4ed45f-4fb7-49b1-8801-6f82aa1d4375	1
18e04f75-e770-46d4-a4c3-e0e317f4cfe9		100	2023-10-21 10:13:30.548399+01	2023-10-21 10:13:30.548412+01	7850609a-fd15-4dae-8cb1-db8e950f4eb6	89caa3f2-fa80-43a7-b128-d0f71efdd5dc	1
9105fb02-572f-4e32-b92e-cab6754b8133		40	2023-10-21 10:13:30.556284+01	2023-10-21 10:13:30.5563+01	7850609a-fd15-4dae-8cb1-db8e950f4eb6	55e296b2-b9d3-477f-8e5d-3bc83351f28f	1
88bc383e-6230-453a-8b41-bb4b8bdeeb93		50	2023-10-21 10:13:30.562766+01	2023-10-21 10:13:30.562778+01	7850609a-fd15-4dae-8cb1-db8e950f4eb6	68308b07-51bb-4acc-993c-fcbca837b4ee	1
2f52b7d4-3608-4ea4-b108-584afa330756		60	2023-10-21 10:13:30.575487+01	2023-10-21 10:13:30.575503+01	7850609a-fd15-4dae-8cb1-db8e950f4eb6	727f107d-4c2c-4f56-ba9e-7a794a720e28	1
330c84a9-e753-42d8-8dfe-5f5206572f10		40	2023-10-21 10:13:30.583207+01	2023-10-21 10:13:30.58322+01	7850609a-fd15-4dae-8cb1-db8e950f4eb6	6b4ed45f-4fb7-49b1-8801-6f82aa1d4375	1
580ca82e-3db8-4f5a-9a56-66bfc3e68816		65	2023-10-21 10:13:30.589776+01	2023-10-21 10:13:30.589789+01	7850609a-fd15-4dae-8cb1-db8e950f4eb6	ad7034ee-fc05-4756-85ba-582efd305ce8	1
90b5f2d0-1e89-4ebf-ba5f-04a80012916f		80	2023-10-21 10:13:30.597559+01	2023-10-21 10:13:30.597574+01	7850609a-fd15-4dae-8cb1-db8e950f4eb6	52782bc1-68c7-4361-ab65-5743be5793d2	1
fa45c11c-c5f8-47eb-95f6-4a643660f629		90	2023-10-21 10:13:30.605258+01	2023-10-21 10:13:30.605271+01	7850609a-fd15-4dae-8cb1-db8e950f4eb6	cb1d4ad0-295d-442f-961c-014253e8a4c6	1
fb51a97f-e34c-47bf-a264-1f44686edffc		120	2023-10-21 10:13:30.61291+01	2023-10-21 10:13:30.612925+01	7850609a-fd15-4dae-8cb1-db8e950f4eb6	70571738-5c33-493e-b09b-499dd5596e49	1
19c7998e-572f-4549-82af-c19a782c946e		70	2023-10-21 10:13:30.620525+01	2023-10-21 10:13:30.620537+01	7850609a-fd15-4dae-8cb1-db8e950f4eb6	a059cb42-d863-4018-ba42-6fce13657306	1
47dae509-30bd-422b-8068-d96dfd12fbb1		150	2023-10-21 10:15:28.399144+01	2023-10-21 10:15:28.399159+01	43aa9f3d-3008-450c-80b8-00b4f16dd06d	4034f7a8-fc55-4a47-bcea-fcfc8636a3ba	1
121e64b9-7df3-4915-b223-71f121f3d023		20	2023-10-21 10:16:25.221217+01	2023-10-21 10:16:25.221233+01	a172a8ff-480d-4ccf-bec5-36efea8d5cd2	6b4ed45f-4fb7-49b1-8801-6f82aa1d4375	1
89ae1857-be85-4f8d-aae3-dd141ff7b255		200	2023-10-21 10:16:25.22914+01	2023-10-21 10:16:25.229156+01	a172a8ff-480d-4ccf-bec5-36efea8d5cd2	b99128da-0f66-49d0-ab09-57f7dabb1f3d	1
8da80733-e8ff-4de4-a19f-45155cd0ba52		290	2023-10-21 10:18:48.982689+01	2023-10-21 10:18:48.982704+01	1e067f2a-1c7f-4298-9226-15dc0cfc03e5	91bc1c29-071c-4b4c-b0d4-44f4f31b5f20	1
f2003bc9-00d5-4e4b-b3c9-e70e91f0919f		160	2023-10-21 10:18:48.992017+01	2023-10-21 10:18:48.992034+01	1e067f2a-1c7f-4298-9226-15dc0cfc03e5	412e2b36-b967-4f95-bcd3-b68fc2d31cc9	1
5812dc7c-ea29-44b2-a533-7935f96100a5		50	2023-10-21 10:18:49.000122+01	2023-10-21 10:18:49.000137+01	1e067f2a-1c7f-4298-9226-15dc0cfc03e5	f3f8ea3e-4620-4741-9301-068ee9357250	1
7a74e6fb-c739-4bdd-9814-0bf0682f3388		50	2023-10-21 10:18:49.008834+01	2023-10-21 10:18:49.008852+01	1e067f2a-1c7f-4298-9226-15dc0cfc03e5	6c9b87a1-2ed3-474a-91b0-282c5cbebd6f	1
cf61117a-af0b-4823-bc28-8b6093785ce2		200	2023-10-21 10:18:49.016828+01	2023-10-21 10:18:49.016841+01	1e067f2a-1c7f-4298-9226-15dc0cfc03e5	f372a214-c1ab-4049-91b0-65c44318046e	1
89b93020-4852-49ac-b01a-238419944f77		50	2023-10-21 10:18:49.024987+01	2023-10-21 10:18:49.025003+01	1e067f2a-1c7f-4298-9226-15dc0cfc03e5	f92a5564-0f03-4082-97e6-691361da04e4	1
ae54b6c4-d9eb-482b-9177-7362b042518d		590	2023-10-21 10:19:37.518352+01	2023-10-21 10:19:37.518364+01	38b723e7-740a-48bb-b523-5b038f22ec62	c5c7f262-d7e0-40f6-a614-6dac56b546a7	1
f8fbd44c-776b-4fd8-962f-8cb87d9d8e87		40	2023-10-21 10:19:37.527336+01	2023-10-21 10:19:37.527353+01	38b723e7-740a-48bb-b523-5b038f22ec62	b99128da-0f66-49d0-ab09-57f7dabb1f3d	1
0238907e-13b0-48ed-85cd-424d7cbcbfcb		30	2023-10-21 10:19:37.534554+01	2023-10-21 10:19:37.534568+01	38b723e7-740a-48bb-b523-5b038f22ec62	8f15b347-a35d-492f-8763-2556803b8811	1
66d4d359-8d87-4bec-969e-0b87f6498188		40	2023-10-21 10:19:37.543484+01	2023-10-21 10:19:37.543499+01	38b723e7-740a-48bb-b523-5b038f22ec62	8e33f3aa-4b9f-45d0-93bc-251b493a3bde	1
30b29807-f489-4df3-b4ef-17d151f1ee3e		10	2023-10-21 10:19:37.551691+01	2023-10-21 10:19:37.551708+01	38b723e7-740a-48bb-b523-5b038f22ec62	b99128da-0f66-49d0-ab09-57f7dabb1f3d	1
4a5de994-7136-429b-9168-e3a6db7bfaa3		30	2023-10-21 10:19:37.558526+01	2023-10-21 10:19:37.558539+01	38b723e7-740a-48bb-b523-5b038f22ec62	f3f8ea3e-4620-4741-9301-068ee9357250	1
c7796be5-879f-4b6d-98ae-4a0cb0235689		50	2023-10-21 10:19:37.566394+01	2023-10-21 10:19:37.566408+01	38b723e7-740a-48bb-b523-5b038f22ec62	872b6a69-3453-4d27-8db2-211b20bd4aa8	1
62e46505-a6d4-4a70-8b58-465019cbc3ff		100	2023-10-21 10:19:37.574562+01	2023-10-21 10:19:37.574578+01	38b723e7-740a-48bb-b523-5b038f22ec62	b99128da-0f66-49d0-ab09-57f7dabb1f3d	1
9fb0f1e2-3a5f-4847-91b9-dcd775153c3a		100	2023-10-21 10:19:37.58224+01	2023-10-21 10:19:37.582253+01	38b723e7-740a-48bb-b523-5b038f22ec62	8e33f3aa-4b9f-45d0-93bc-251b493a3bde	1
9c16b94d-1a43-457f-9e53-159f555c7a16		200	2023-10-21 10:19:37.590667+01	2023-10-21 10:19:37.590683+01	38b723e7-740a-48bb-b523-5b038f22ec62	68308b07-51bb-4acc-993c-fcbca837b4ee	1
22ec952b-2442-4039-b614-b5f00919e8e5		80	2023-10-21 10:19:37.599058+01	2023-10-21 10:19:37.599077+01	38b723e7-740a-48bb-b523-5b038f22ec62	67349adf-98a1-4a7e-8e0d-70c95e81faf0	1
18d05842-0d07-432f-a516-830f8b32a42c		150	2023-10-21 10:19:37.607316+01	2023-10-21 10:19:37.607329+01	38b723e7-740a-48bb-b523-5b038f22ec62	845d61d6-604b-4505-be8e-7b659da85e1c	1
36db494c-605d-4166-a426-3004263cb2dc		120	2023-10-21 10:19:37.615471+01	2023-10-21 10:19:37.615488+01	38b723e7-740a-48bb-b523-5b038f22ec62	c85bd1df-abe4-49ca-bc27-6b5cdb4c3977	1
278c5ec6-a7ed-4335-90d7-3d48253daa18		160	2023-10-21 10:19:37.623971+01	2023-10-21 10:19:37.623995+01	38b723e7-740a-48bb-b523-5b038f22ec62	f4bca2fb-fd5c-4196-9ebc-ed3687dc4294	1
ceafcc70-1d81-45f5-a614-3452add691a5		70	2023-10-21 10:19:37.632111+01	2023-10-21 10:19:37.632125+01	38b723e7-740a-48bb-b523-5b038f22ec62	6eb08255-fa97-4e0a-b7bd-6f4ed7f1096e	1
c0ce96a1-79f1-45d7-a587-6c972f8779ff		30	2023-10-21 10:19:37.640492+01	2023-10-21 10:19:37.640509+01	38b723e7-740a-48bb-b523-5b038f22ec62	bef73fff-6d15-4e49-b55d-aa226febf00b	1
f0eb83a0-921b-4c52-9e08-10f2c4e6ad65		100	2023-10-21 10:19:37.64945+01	2023-10-21 10:19:37.649466+01	38b723e7-740a-48bb-b523-5b038f22ec62	b6431602-149c-4a13-94b6-10bb2b9d7595	1
d3bc2363-6516-4383-a100-86a75a05ee5a		40	2023-10-21 10:19:37.657708+01	2023-10-21 10:19:37.657723+01	38b723e7-740a-48bb-b523-5b038f22ec62	7c8f71c5-6eb7-4efd-9f6b-0db5d626fca0	1
d9710559-fd8f-48fe-ae2e-69b5f9a13e46		70	2023-10-21 10:19:37.665462+01	2023-10-21 10:19:37.665481+01	38b723e7-740a-48bb-b523-5b038f22ec62	8fb4d722-b63f-4a4f-b5b5-26ad27e87e49	1
2ac4c3ff-ebe4-4560-9326-c1ef4aab0e8e		50	2023-10-21 10:19:37.673794+01	2023-10-21 10:19:37.673808+01	38b723e7-740a-48bb-b523-5b038f22ec62	67349adf-98a1-4a7e-8e0d-70c95e81faf0	1
b49feaa4-4336-4eba-8b25-ab744e83fe49		100	2023-10-21 10:19:37.682461+01	2023-10-21 10:19:37.682485+01	38b723e7-740a-48bb-b523-5b038f22ec62	f34f912f-d647-44b1-88ac-3097f416295e	1
82a704a8-28d8-49dd-98b9-1806982a09a3		90	2023-10-21 10:19:37.691801+01	2023-10-21 10:19:37.691818+01	38b723e7-740a-48bb-b523-5b038f22ec62	b99128da-0f66-49d0-ab09-57f7dabb1f3d	1
f784489d-3238-4de3-8990-aff8b78cdef0		50	2023-10-21 10:21:18.741731+01	2023-10-21 10:21:18.741745+01	582e853f-3139-464f-a2cc-3b120ad21224	92844628-0a12-4fd3-98f2-d118aceaaee3	1
08b43983-0a85-47ff-ac28-655632953d29		60	2023-10-21 10:21:18.751964+01	2023-10-21 10:21:18.75199+01	582e853f-3139-464f-a2cc-3b120ad21224	ad57bf75-9df3-405b-a2ab-bcd644e262dd	1
17a3ff21-3558-458d-98a9-02d0be897c20		150	2023-10-21 10:21:18.761436+01	2023-10-21 10:21:18.761452+01	582e853f-3139-464f-a2cc-3b120ad21224	7084dacc-c379-4559-8026-ec4e0a336c2a	1
f6297219-24bf-4efa-b9bc-b332af44a121		100	2023-10-21 10:21:18.769211+01	2023-10-21 10:21:18.769224+01	582e853f-3139-464f-a2cc-3b120ad21224	6b4ed45f-4fb7-49b1-8801-6f82aa1d4375	1
e668e6c6-fe3d-44c2-9fa3-d7555edeb8fc		50	2023-10-21 10:22:08.810043+01	2023-10-21 10:22:08.810063+01	f0819342-c620-4a31-86d8-8ab4b2840e19	b99128da-0f66-49d0-ab09-57f7dabb1f3d	1
534e7b48-da3f-4de1-9281-a5976d1ee804		70	2023-10-21 10:22:08.829819+01	2023-10-21 10:22:08.829837+01	f0819342-c620-4a31-86d8-8ab4b2840e19	1cd6b019-3410-4de7-a09e-2cae19c46935	1
5b1f3bd0-e5a1-44da-a16f-2af3ed11cddb		350	2023-10-21 10:22:08.85167+01	2023-10-21 10:22:08.851688+01	f0819342-c620-4a31-86d8-8ab4b2840e19	9ad231fa-af09-47e4-9cb6-570fa327f943	1
8bc5f5d7-e79c-47f6-95b7-33a09021ba3f		20	2023-10-21 10:22:08.865275+01	2023-10-21 10:22:08.865301+01	f0819342-c620-4a31-86d8-8ab4b2840e19	67349adf-98a1-4a7e-8e0d-70c95e81faf0	1
899331e8-1c6a-43c6-bf1b-7759e2081b78		35	2023-10-21 10:22:08.881312+01	2023-10-21 10:22:08.881329+01	f0819342-c620-4a31-86d8-8ab4b2840e19	ef527472-f721-4479-a6b3-38164a15f1bf	1
8e4d3e2e-f230-4d8d-9919-d061eb1ca4df		50	2023-10-21 10:22:08.898632+01	2023-10-21 10:22:08.898659+01	f0819342-c620-4a31-86d8-8ab4b2840e19	1e9d8e0f-1af8-47d3-b871-fde847ceb0bf	1
63c99675-84c7-4fce-b4cf-24fc93c83ff7		80	2023-10-21 10:22:08.914537+01	2023-10-21 10:22:08.914555+01	f0819342-c620-4a31-86d8-8ab4b2840e19	b4b08698-fd3d-4e5d-987a-bb3cea58ce44	1
58c7ab6d-dd2c-466a-ba26-ee2a279244b3		100	2023-10-21 10:22:08.930428+01	2023-10-21 10:22:08.930446+01	f0819342-c620-4a31-86d8-8ab4b2840e19	28187923-eb64-4c41-be30-7659d43020d8	1
34b62ae7-d1b3-41a1-880f-208e003aebcf		150	2023-10-21 10:22:08.946165+01	2023-10-21 10:22:08.946184+01	f0819342-c620-4a31-86d8-8ab4b2840e19	ed093ebe-d324-4c00-82a2-3c665ad25e43	1
8be99bca-b69f-4660-81a5-cd8bacaa33af		60	2023-10-21 10:22:21.035895+01	2023-10-21 10:22:21.035921+01	86417cfa-cfb2-4673-a1a1-c7316ad1863e	321366ef-747f-4862-a924-c123d745cf08	1
f07cb55e-7b75-47ce-9062-f86fcab1296d		90	2023-10-21 10:24:06.04018+01	2023-10-21 10:24:06.040197+01	40e0a444-18df-42f5-82a8-1af0b88e2788	b99128da-0f66-49d0-ab09-57f7dabb1f3d	1
4f5b9e56-f11a-46b1-b1a4-2dec7600f12c		150	2023-10-21 10:24:06.048077+01	2023-10-21 10:24:06.048097+01	40e0a444-18df-42f5-82a8-1af0b88e2788	1e9d8e0f-1af8-47d3-b871-fde847ceb0bf	1
bcc7c490-45c9-453a-9912-de05f07ab4e6		50	2023-10-21 10:24:06.056103+01	2023-10-21 10:24:06.056117+01	40e0a444-18df-42f5-82a8-1af0b88e2788	b6431602-149c-4a13-94b6-10bb2b9d7595	1
0e785a94-9e99-4bc1-a43a-6c5c003a76f7		30	2023-10-21 10:26:04.654231+01	2023-10-21 10:26:04.654253+01	f4b39398-55ac-44fa-a00d-db7af0eb814c	43a88bd2-6356-4b14-a931-c585e11da701	1
892a789b-6fab-4b9d-992d-59237c649220		20	2023-10-21 10:26:04.664049+01	2023-10-21 10:26:04.664065+01	f4b39398-55ac-44fa-a00d-db7af0eb814c	60346318-7d35-48f0-b61d-35704503a91e	1
ae3ce8fe-0c43-4645-a704-568ab2c841c3		80	2023-10-21 10:26:04.672383+01	2023-10-21 10:26:04.672406+01	f4b39398-55ac-44fa-a00d-db7af0eb814c	7084dacc-c379-4559-8026-ec4e0a336c2a	1
3454e170-35b2-4142-85c5-b31039d74cdc		150	2023-10-21 10:26:04.680289+01	2023-10-21 10:26:04.680303+01	f4b39398-55ac-44fa-a00d-db7af0eb814c	0a5d835d-99dd-46dc-97c3-588c4c3270d0	1
03321b29-71da-4220-a5d5-0afff50b125f		80	2023-10-21 10:26:04.688496+01	2023-10-21 10:26:04.688514+01	f4b39398-55ac-44fa-a00d-db7af0eb814c	aba512de-7315-430b-a307-33d86b1d83e2	1
60a5173d-0f51-4acf-b339-ff4cf4f75e50		300	2023-10-21 10:26:04.69646+01	2023-10-21 10:26:04.696476+01	f4b39398-55ac-44fa-a00d-db7af0eb814c	c5c7f262-d7e0-40f6-a614-6dac56b546a7	1
3e94bafb-9c81-480b-8067-31516b10fd5a		80	2023-10-21 10:26:04.704951+01	2023-10-21 10:26:04.704968+01	f4b39398-55ac-44fa-a00d-db7af0eb814c	dd7598dc-098a-43e9-a8a3-90d7c8b720ba	1
d51d5033-d485-47ee-9d17-77a80e0ec708		50	2023-10-21 10:26:04.714041+01	2023-10-21 10:26:04.714058+01	f4b39398-55ac-44fa-a00d-db7af0eb814c	43a88bd2-6356-4b14-a931-c585e11da701	1
e8fd6d1b-d3cd-45d6-9f4f-6d5b38002f1f		60	2023-10-21 10:26:04.722589+01	2023-10-21 10:26:04.722605+01	f4b39398-55ac-44fa-a00d-db7af0eb814c	4f481558-09e0-4b70-bb23-3d786d382390	1
ecb7fc1b-0921-47c2-8bde-9f363ec24132		70	2023-10-21 10:26:04.730778+01	2023-10-21 10:26:04.730795+01	f4b39398-55ac-44fa-a00d-db7af0eb814c	dd7598dc-098a-43e9-a8a3-90d7c8b720ba	1
e392609b-8535-4fe1-8aea-dafba1143e3e		20	2023-10-21 10:26:04.738949+01	2023-10-21 10:26:04.738964+01	f4b39398-55ac-44fa-a00d-db7af0eb814c	20cc9ba0-f2a0-4400-9547-5c888877be81	1
680f1fb1-f1cf-4510-bdec-e14ad4c554ba		70	2023-10-21 10:26:04.745651+01	2023-10-21 10:26:04.745667+01	f4b39398-55ac-44fa-a00d-db7af0eb814c	602471bc-c88e-4ac8-820d-1bb9e0d055d4	1
2dacb9dc-9dec-46b5-a40d-d989c0d7e1ad		100	2023-10-21 10:26:04.753988+01	2023-10-21 10:26:04.754003+01	f4b39398-55ac-44fa-a00d-db7af0eb814c	599156db-ad6d-4bac-b1a1-e41af22061f7	1
f4356bc7-fc3e-47f8-8b29-37bf15bab1f5		150	2023-10-21 10:26:04.762507+01	2023-10-21 10:26:04.762523+01	f4b39398-55ac-44fa-a00d-db7af0eb814c	0a5d835d-99dd-46dc-97c3-588c4c3270d0	1
18e2ec2f-da56-47e3-b967-5bff7fa7c250		50	2023-10-21 10:26:04.771193+01	2023-10-21 10:26:04.771211+01	f4b39398-55ac-44fa-a00d-db7af0eb814c	262fb541-d78d-4382-a50f-d50e41a0bbc1	1
f81720f0-b579-4bf3-9045-69eee65d0769		20	2023-10-21 10:26:04.77824+01	2023-10-21 10:26:04.778254+01	f4b39398-55ac-44fa-a00d-db7af0eb814c	60346318-7d35-48f0-b61d-35704503a91e	1
0e61633e-31c7-404f-b6b3-461e4d705afa		100	2023-10-21 10:26:04.786462+01	2023-10-21 10:26:04.786476+01	f4b39398-55ac-44fa-a00d-db7af0eb814c	4034f7a8-fc55-4a47-bcea-fcfc8636a3ba	1
e5bb99d7-18dd-431d-8c0f-fbabc5bff667		50	2023-10-21 10:26:04.795309+01	2023-10-21 10:26:04.795326+01	f4b39398-55ac-44fa-a00d-db7af0eb814c	20cc9ba0-f2a0-4400-9547-5c888877be81	1
7e308b04-8797-495a-ab25-dd610ea47f68		70	2023-10-21 10:26:04.803374+01	2023-10-21 10:26:04.803389+01	f4b39398-55ac-44fa-a00d-db7af0eb814c	27baaa29-ebc0-4086-a1f7-6f687b297de2	1
b910580c-6d8e-4582-bb45-0298b7cbef00		40	2023-10-21 10:26:04.810693+01	2023-10-21 10:26:04.810706+01	f4b39398-55ac-44fa-a00d-db7af0eb814c	a059cb42-d863-4018-ba42-6fce13657306	1
be8d6292-6d56-489a-99aa-d6a7e02ae2e5		180	2023-10-21 10:26:04.81864+01	2023-10-21 10:26:04.818657+01	f4b39398-55ac-44fa-a00d-db7af0eb814c	aba1d38e-d2c0-4d04-97e9-8dd1cc2f4c85	1
df84dfe7-9506-465f-8422-0d5b30a2cb36		20	2023-10-21 10:26:04.82794+01	2023-10-21 10:26:04.827954+01	f4b39398-55ac-44fa-a00d-db7af0eb814c	6b4ed45f-4fb7-49b1-8801-6f82aa1d4375	1
6277e5d2-f20c-4cc9-bb87-caca0fdc2509		200	2023-10-21 10:26:04.836898+01	2023-10-21 10:26:04.836927+01	f4b39398-55ac-44fa-a00d-db7af0eb814c	81c34ab8-e00f-4dc5-8ed4-7dc8daffa7fc	1
50569eab-3250-4c71-8981-d393f2564fa3		50	2023-10-21 10:26:04.846739+01	2023-10-21 10:26:04.846756+01	f4b39398-55ac-44fa-a00d-db7af0eb814c	fe7e9b9f-6854-4ba8-9da4-c5e4462f536e	1
47dbd0d1-1e2e-4530-b577-bdc28708a54c		80	2023-10-21 10:26:04.854745+01	2023-10-21 10:26:04.854758+01	f4b39398-55ac-44fa-a00d-db7af0eb814c	0a5d835d-99dd-46dc-97c3-588c4c3270d0	1
05d5bd91-6826-4493-80f0-01bc1af47140		200	2023-10-21 10:26:04.8634+01	2023-10-21 10:26:04.863417+01	f4b39398-55ac-44fa-a00d-db7af0eb814c	599156db-ad6d-4bac-b1a1-e41af22061f7	1
6427b6df-4a44-4ad9-ab29-b8711c735baa		300	2023-10-21 10:26:04.871457+01	2023-10-21 10:26:04.871471+01	f4b39398-55ac-44fa-a00d-db7af0eb814c	ce7b4ffa-3fba-4876-b205-979ed496cd15	1
ed7b08b4-89cb-403b-bf0a-9044a74da7db		60	2023-10-21 10:26:04.879316+01	2023-10-21 10:26:04.879331+01	f4b39398-55ac-44fa-a00d-db7af0eb814c	79ea2e0d-2757-41f5-977a-353411143c42	1
9397fe6c-bb2d-4dad-9c84-7632482ac6c3		300	2023-10-21 10:26:04.887405+01	2023-10-21 10:26:04.887422+01	f4b39398-55ac-44fa-a00d-db7af0eb814c	e76bfd0f-9cbf-482c-b826-5c38f30b25a9	1
dd0dc6da-4966-4e5b-b9c2-d16cd2ea15cb		250	2023-10-21 10:26:04.895928+01	2023-10-21 10:26:04.895944+01	f4b39398-55ac-44fa-a00d-db7af0eb814c	d76436f0-2a28-4afc-acec-1795eacda732	1
5ccf3fb9-491c-4c91-b2d6-15ea6f9dda35		260	2023-10-21 10:27:27.189363+01	2023-10-21 10:27:27.189376+01	59bc31c7-513f-40d2-a062-9a09bad1eead	28187923-eb64-4c41-be30-7659d43020d8	1
f9cb24c2-45ef-47f9-905c-76afd2a7e8ee		140	2023-10-21 10:27:57.063357+01	2023-10-21 10:27:57.063381+01	8fa9143b-d360-4b25-bc9c-267c9b328eea	1e9d8e0f-1af8-47d3-b871-fde847ceb0bf	1
367df837-74de-4853-8922-a92632a266f0		50	2023-10-21 10:27:57.07266+01	2023-10-21 10:27:57.072684+01	8fa9143b-d360-4b25-bc9c-267c9b328eea	fe7e9b9f-6854-4ba8-9da4-c5e4462f536e	1
34d7657c-63ac-4e6d-9187-c840cbc34b2d		90	2023-10-21 10:27:57.080961+01	2023-10-21 10:27:57.080976+01	8fa9143b-d360-4b25-bc9c-267c9b328eea	e3e61c83-7b95-403b-8787-939fb7752b9a	1
192abc0e-6741-4381-8855-7c0874884c8f		30	2023-10-21 10:27:57.089282+01	2023-10-21 10:27:57.089298+01	8fa9143b-d360-4b25-bc9c-267c9b328eea	60346318-7d35-48f0-b61d-35704503a91e	1
8b1ee018-93a8-4d37-ab57-9f8ace382d4f		40	2023-10-21 10:27:57.097725+01	2023-10-21 10:27:57.097739+01	8fa9143b-d360-4b25-bc9c-267c9b328eea	b99128da-0f66-49d0-ab09-57f7dabb1f3d	1
f368e947-17cc-48c6-9d71-281daf2305c1		50	2023-10-21 10:27:57.104632+01	2023-10-21 10:27:57.104645+01	8fa9143b-d360-4b25-bc9c-267c9b328eea	7e7ccd84-4e4f-47d8-abba-e9efefc22d8a	1
cf24f699-c2c9-48a4-9f93-ce24d9bbcac6		90	2023-10-21 10:27:57.112626+01	2023-10-21 10:27:57.112641+01	8fa9143b-d360-4b25-bc9c-267c9b328eea	1e9d8e0f-1af8-47d3-b871-fde847ceb0bf	1
9b7ec6db-2e17-44bf-ae09-df51c8c72b98		250	2023-10-21 10:28:50.632043+01	2023-10-21 10:28:50.632063+01	cad31fbc-c47a-4ab7-a622-fe9683902dbd	f34f912f-d647-44b1-88ac-3097f416295e	1
89fa4a03-e78d-41a1-a34c-4fd59b0ea75f		50	2023-10-21 10:28:50.641372+01	2023-10-21 10:28:50.641385+01	cad31fbc-c47a-4ab7-a622-fe9683902dbd	729d2922-67b1-4888-8297-dbcf15af79ca	1
d68b9c4f-be26-46c1-893f-ef58fe617388		60	2023-10-21 10:29:45.956695+01	2023-10-21 10:29:45.956709+01	6f265f95-b11f-4032-921a-b8b773007b92	89caa3f2-fa80-43a7-b128-d0f71efdd5dc	1
e67ead69-6ee8-476c-abef-6413663478dc		25	2023-10-21 10:29:45.968039+01	2023-10-21 10:29:45.968054+01	6f265f95-b11f-4032-921a-b8b773007b92	6b4ed45f-4fb7-49b1-8801-6f82aa1d4375	1
f0df70f2-8328-4853-bd34-72bfe830e50b		150	2023-10-21 10:29:45.97796+01	2023-10-21 10:29:45.977975+01	6f265f95-b11f-4032-921a-b8b773007b92	28187923-eb64-4c41-be30-7659d43020d8	1
32a4c8f1-b10a-4fb8-b4a8-728eb29586f5		100	2023-10-21 10:29:45.994131+01	2023-10-21 10:29:45.994149+01	6f265f95-b11f-4032-921a-b8b773007b92	bef73fff-6d15-4e49-b55d-aa226febf00b	1
35815beb-8d58-4470-840c-ff907e09d21a		80	2023-10-21 10:29:46.018769+01	2023-10-21 10:29:46.018787+01	6f265f95-b11f-4032-921a-b8b773007b92	aba1d38e-d2c0-4d04-97e9-8dd1cc2f4c85	1
f8bc9d60-58b5-4fcb-b95b-3e2d296cc69e		100	2023-10-21 10:29:46.039804+01	2023-10-21 10:29:46.039822+01	6f265f95-b11f-4032-921a-b8b773007b92	27baaa29-ebc0-4086-a1f7-6f687b297de2	1
82b908d6-e984-417e-9886-ec86ae73f248		150	2023-10-21 10:29:46.06467+01	2023-10-21 10:29:46.064687+01	6f265f95-b11f-4032-921a-b8b773007b92	ff42c112-65d2-4a67-b39a-7e49873ce1ee	1
86e7c630-5837-409e-8297-42d3a2c81a6f		30	2023-10-21 10:29:46.077848+01	2023-10-21 10:29:46.077863+01	6f265f95-b11f-4032-921a-b8b773007b92	8fb4d722-b63f-4a4f-b5b5-26ad27e87e49	1
1f9e6979-6bdb-4e2b-b139-b38d693ac19c		100	2023-10-21 10:29:46.102191+01	2023-10-21 10:29:46.102218+01	6f265f95-b11f-4032-921a-b8b773007b92	8f068ab6-ae03-44fc-ab48-5109caba762f	1
5cbf8652-003c-4d43-9633-a8d5362f30c0		440	2023-10-21 10:32:42.90612+01	2023-10-21 10:32:42.906133+01	2ba03f23-1dd1-4709-b0e6-715460900bf1	bc5d7ba8-ec37-438a-b532-e7bf9b92ad54	1
f88c808b-4987-4386-94d5-72be4269a12a		50	2023-10-21 10:32:42.921307+01	2023-10-21 10:32:42.92132+01	2ba03f23-1dd1-4709-b0e6-715460900bf1	fe7e9b9f-6854-4ba8-9da4-c5e4462f536e	1
e6ed7bc1-454d-4a92-aaae-c8d35dcde656		40	2023-10-21 10:32:42.938946+01	2023-10-21 10:32:42.93896+01	2ba03f23-1dd1-4709-b0e6-715460900bf1	67a1481b-a1b3-4011-8699-3f39eca8bc71	1
c2d062e2-4a43-4417-809b-88b417d821ab		150	2023-10-21 10:32:42.952385+01	2023-10-21 10:32:42.9524+01	2ba03f23-1dd1-4709-b0e6-715460900bf1	b99128da-0f66-49d0-ab09-57f7dabb1f3d	1
90e0fdcb-5d33-47db-8461-d6a887f579d6		100	2023-10-21 10:32:42.964782+01	2023-10-21 10:32:42.964796+01	2ba03f23-1dd1-4709-b0e6-715460900bf1	19e9e3fc-45c7-4a35-bcba-60f017a44df7	1
f959b81f-fbea-40a1-9b45-b097b04adb58		80	2023-10-21 10:32:42.991388+01	2023-10-21 10:32:42.991405+01	2ba03f23-1dd1-4709-b0e6-715460900bf1	305cf67a-754e-45ea-a907-3b30b0852369	1
4bfe491d-24de-471f-8f2e-d628487d55c2		150	2023-10-21 10:32:43.007629+01	2023-10-21 10:32:43.007645+01	2ba03f23-1dd1-4709-b0e6-715460900bf1	19e9e3fc-45c7-4a35-bcba-60f017a44df7	1
d0df87e8-fd5a-4857-865a-402de2b78c5e		60	2023-10-21 10:32:43.025179+01	2023-10-21 10:32:43.025194+01	2ba03f23-1dd1-4709-b0e6-715460900bf1	b6431602-149c-4a13-94b6-10bb2b9d7595	1
a6de2ae7-d2ed-4123-ade9-2afb02fe3e18		40	2023-10-21 10:32:43.041871+01	2023-10-21 10:32:43.041888+01	2ba03f23-1dd1-4709-b0e6-715460900bf1	6b4ed45f-4fb7-49b1-8801-6f82aa1d4375	1
bd8232d6-097b-47e8-bee0-4e2e0d04588b		50	2023-10-21 10:32:43.056753+01	2023-10-21 10:32:43.056771+01	2ba03f23-1dd1-4709-b0e6-715460900bf1	91bc1c29-071c-4b4c-b0d4-44f4f31b5f20	1
d3ced664-b4c4-4e3a-b11a-aca95b51f4cf		35	2023-10-21 10:32:43.072583+01	2023-10-21 10:32:43.072599+01	2ba03f23-1dd1-4709-b0e6-715460900bf1	6b4ed45f-4fb7-49b1-8801-6f82aa1d4375	1
68d77d3e-e567-4ffa-8f35-d1c81ceaf2f6		50	2023-10-21 10:32:43.086077+01	2023-10-21 10:32:43.086092+01	2ba03f23-1dd1-4709-b0e6-715460900bf1	92844628-0a12-4fd3-98f2-d118aceaaee3	1
35841f2b-36f5-4150-809c-e25c72c9e7d8		70	2023-10-21 10:32:43.100444+01	2023-10-21 10:32:43.100466+01	2ba03f23-1dd1-4709-b0e6-715460900bf1	b99128da-0f66-49d0-ab09-57f7dabb1f3d	1
0bcf5abd-1cf1-47b3-a2a0-0d78e625f752		60	2023-10-21 10:32:43.114083+01	2023-10-21 10:32:43.114098+01	2ba03f23-1dd1-4709-b0e6-715460900bf1	84fb87b3-af8c-40e2-999d-9524b69caba9	1
f7082b38-86ae-4aab-83ec-d554cb5ea056		200	2023-10-21 10:36:51.164538+01	2023-10-21 10:36:51.164552+01	4e91a916-4920-4cc7-8c1a-28966907d476	4f481558-09e0-4b70-bb23-3d786d382390	1
f6038add-ee93-4267-8b5c-799ff962bdc0		50	2023-10-21 10:36:51.173624+01	2023-10-21 10:36:51.173641+01	4e91a916-4920-4cc7-8c1a-28966907d476	67ab6e66-f479-4857-8fa5-423a525e5e82	1
aafdecc5-df9e-4996-a579-7f95d7ca8624		450	2023-10-21 10:36:51.180787+01	2023-10-21 10:36:51.180804+01	4e91a916-4920-4cc7-8c1a-28966907d476	8f068ab6-ae03-44fc-ab48-5109caba762f	1
26a72263-bf1a-4fd0-9d64-7867f15818d3		450	2023-10-21 10:36:51.189126+01	2023-10-21 10:36:51.189143+01	4e91a916-4920-4cc7-8c1a-28966907d476	599156db-ad6d-4bac-b1a1-e41af22061f7	1
5682fbf6-a5f3-46e9-a477-af6c5221e5c4		40	2023-10-21 10:36:51.197543+01	2023-10-21 10:36:51.197561+01	4e91a916-4920-4cc7-8c1a-28966907d476	79ea2e0d-2757-41f5-977a-353411143c42	1
6f7dbd79-86e4-4c8e-8ebf-7690bd1cfff7		300	2023-10-21 10:37:24.139736+01	2023-10-21 10:37:24.13975+01	81f17abe-bd32-41a3-9cf2-7cf11c2387a6	e3e61c83-7b95-403b-8787-939fb7752b9a	1
cbb7a079-a2a1-4749-a692-9ef263c7c975		150	2023-10-21 10:37:24.148524+01	2023-10-21 10:37:24.148539+01	81f17abe-bd32-41a3-9cf2-7cf11c2387a6	0a5d835d-99dd-46dc-97c3-588c4c3270d0	1
3334c89b-c680-4b60-9005-958858d0c30f		80	2023-10-21 10:37:24.156556+01	2023-10-21 10:37:24.15657+01	81f17abe-bd32-41a3-9cf2-7cf11c2387a6	6b4ed45f-4fb7-49b1-8801-6f82aa1d4375	1
374d18ca-ebc4-4aca-a7aa-eb879574df6d		100	2023-10-21 10:37:24.163532+01	2023-10-21 10:37:24.163547+01	81f17abe-bd32-41a3-9cf2-7cf11c2387a6	d34920b7-7d32-4a4f-856f-73f5424334e3	1
195e05fb-f127-465d-b539-812fe53dcec5		250	2023-10-21 10:37:24.171514+01	2023-10-21 10:37:24.171532+01	81f17abe-bd32-41a3-9cf2-7cf11c2387a6	a059cb42-d863-4018-ba42-6fce13657306	1
a3455d3c-e145-4acb-be48-587428ac6e2c		90	2023-10-21 10:37:24.179436+01	2023-10-21 10:37:24.179453+01	81f17abe-bd32-41a3-9cf2-7cf11c2387a6	b97f07c8-673a-4664-9f4c-c079faa9e981	1
de6b9f1e-b05a-4543-922f-7d89726f061c		150	2023-10-21 10:37:24.187518+01	2023-10-21 10:37:24.187534+01	81f17abe-bd32-41a3-9cf2-7cf11c2387a6	915264df-1dde-4a7d-a17a-e6c43b0a5423	1
09228723-4b6e-4868-a4be-fd2af2e52fad		40	2023-10-21 10:37:24.195737+01	2023-10-21 10:37:24.195753+01	81f17abe-bd32-41a3-9cf2-7cf11c2387a6	992d9160-40f2-4a56-95a0-fb89748881b0	1
19f89910-cf33-41a1-a603-e3f1addb132a		60	2023-10-21 10:37:24.204124+01	2023-10-21 10:37:24.204138+01	81f17abe-bd32-41a3-9cf2-7cf11c2387a6	aba512de-7315-430b-a307-33d86b1d83e2	1
e460d749-7e0f-47a0-b768-ba1895656154		100	2023-10-21 10:37:24.212034+01	2023-10-21 10:37:24.212047+01	81f17abe-bd32-41a3-9cf2-7cf11c2387a6	36601f9c-25d4-467f-bc46-b0f7881f67d9	1
ce5a316a-105f-4283-bb36-b4dc1b880562		200	2023-10-21 10:37:24.220121+01	2023-10-21 10:37:24.220135+01	81f17abe-bd32-41a3-9cf2-7cf11c2387a6	28187923-eb64-4c41-be30-7659d43020d8	1
c3f81f34-af9f-4289-bab3-d1c741911429		50	2023-10-21 10:37:24.228218+01	2023-10-21 10:37:24.228233+01	81f17abe-bd32-41a3-9cf2-7cf11c2387a6	89caa3f2-fa80-43a7-b128-d0f71efdd5dc	1
f0b796da-697e-4eb0-a6d1-34901b78d0a0		150	2023-10-21 10:37:24.236145+01	2023-10-21 10:37:24.23616+01	81f17abe-bd32-41a3-9cf2-7cf11c2387a6	84fb87b3-af8c-40e2-999d-9524b69caba9	1
b8fc45dd-0a77-44a3-8798-37f1b9ecb8d3		50	2023-10-21 10:37:24.243983+01	2023-10-21 10:37:24.243997+01	81f17abe-bd32-41a3-9cf2-7cf11c2387a6	fe7e9b9f-6854-4ba8-9da4-c5e4462f536e	1
a6137639-01b0-4bfa-a76e-5e30fe7d5e6a		100	2023-10-21 10:37:24.251648+01	2023-10-21 10:37:24.251661+01	81f17abe-bd32-41a3-9cf2-7cf11c2387a6	67a1481b-a1b3-4011-8699-3f39eca8bc71	1
a95d2aa1-2d1e-4fd9-bfb9-f3f18c3ddf45		60	2023-10-21 10:37:24.258292+01	2023-10-21 10:37:24.258306+01	81f17abe-bd32-41a3-9cf2-7cf11c2387a6	b99128da-0f66-49d0-ab09-57f7dabb1f3d	1
0d443c57-7aca-4154-9ca4-a68f6af70f6c		50	2023-10-21 10:37:24.272944+01	2023-10-21 10:37:24.272956+01	81f17abe-bd32-41a3-9cf2-7cf11c2387a6	1f616756-6c59-4f8d-b32b-2e21aa4075a6	1
ba903dbd-77ca-4fa6-88e9-372716fdad43		80	2023-10-21 10:37:24.279593+01	2023-10-21 10:37:24.279607+01	81f17abe-bd32-41a3-9cf2-7cf11c2387a6	bc5d7ba8-ec37-438a-b532-e7bf9b92ad54	1
b32343cd-6d79-48cb-939f-241b86349f72		40	2023-10-21 10:37:24.28734+01	2023-10-21 10:37:24.287353+01	81f17abe-bd32-41a3-9cf2-7cf11c2387a6	20cc9ba0-f2a0-4400-9547-5c888877be81	1
4e69c072-abdd-44aa-9d0b-6d99ae3a9e6a		80	2023-10-21 10:37:24.293942+01	2023-10-21 10:37:24.293955+01	81f17abe-bd32-41a3-9cf2-7cf11c2387a6	aba512de-7315-430b-a307-33d86b1d83e2	1
0e11a2ee-6653-42fc-9492-8692317ef38a		190	2023-10-21 10:38:31.553363+01	2023-10-21 10:38:31.553376+01	6e500242-dbcb-40cf-aefe-825aef018567	e76bfd0f-9cbf-482c-b826-5c38f30b25a9	1
f08126dc-87e9-461b-a8f0-057359257c40		200	2023-10-21 10:38:31.562845+01	2023-10-21 10:38:31.562858+01	6e500242-dbcb-40cf-aefe-825aef018567	90947043-c03a-446e-a6b9-491d42908da3	1
d6e50a94-e744-4137-a0ff-c990ee6c7e34		300	2023-10-21 10:38:59.69213+01	2023-10-21 10:38:59.692143+01	a4c0809c-4c8d-42d7-b443-933f6b772436	c85bd1df-abe4-49ca-bc27-6b5cdb4c3977	1
76b894cd-3f69-4a12-8520-d144c2d98410		100	2023-10-21 10:38:59.700824+01	2023-10-21 10:38:59.70084+01	a4c0809c-4c8d-42d7-b443-933f6b772436	19e9e3fc-45c7-4a35-bcba-60f017a44df7	1
b2a9890b-21ef-4acb-93b8-be94424d1639		250	2023-10-21 10:38:59.709004+01	2023-10-21 10:38:59.709022+01	a4c0809c-4c8d-42d7-b443-933f6b772436	8f068ab6-ae03-44fc-ab48-5109caba762f	1
8c1a0a56-2ab5-4de1-82e1-9de46651cc52		45	2023-10-21 10:38:59.717419+01	2023-10-21 10:38:59.71744+01	a4c0809c-4c8d-42d7-b443-933f6b772436	6b4ed45f-4fb7-49b1-8801-6f82aa1d4375	1
0877bb93-e9ec-4446-b538-5c37b2280b16		250	2023-10-21 10:38:59.724208+01	2023-10-21 10:38:59.724222+01	a4c0809c-4c8d-42d7-b443-933f6b772436	67ab6e66-f479-4857-8fa5-423a525e5e82	1
f35dfc57-54d5-4286-86e0-38a64bfbd27b		100	2023-10-21 10:38:59.731197+01	2023-10-21 10:38:59.731218+01	a4c0809c-4c8d-42d7-b443-933f6b772436	dc1c65ae-2429-440e-a9d7-8704f85002fa	1
e513bd06-74ae-4d43-b937-fdad242470e3		100	2023-10-21 10:41:23.737888+01	2023-10-21 10:41:23.737909+01	c667191a-a9e6-43cc-8e6c-3822d9b6e338	92844628-0a12-4fd3-98f2-d118aceaaee3	1
ebb7cecc-5bee-4247-92d3-82ab60bfd762		60	2023-10-21 10:41:23.749331+01	2023-10-21 10:41:23.749357+01	c667191a-a9e6-43cc-8e6c-3822d9b6e338	992d9160-40f2-4a56-95a0-fb89748881b0	1
e450cbb2-8db5-4194-a7bf-d4fb1940be44		300	2023-10-21 10:41:23.760599+01	2023-10-21 10:41:23.760621+01	c667191a-a9e6-43cc-8e6c-3822d9b6e338	b99128da-0f66-49d0-ab09-57f7dabb1f3d	1
1d202888-8ee8-44d3-839f-0a6a3f6c19cc		50	2023-10-21 10:41:23.770511+01	2023-10-21 10:41:23.770535+01	c667191a-a9e6-43cc-8e6c-3822d9b6e338	84fb87b3-af8c-40e2-999d-9524b69caba9	1
4bd5118d-2cc4-4717-88df-45c7a30a8334		80	2023-10-21 10:41:23.782216+01	2023-10-21 10:41:23.78224+01	c667191a-a9e6-43cc-8e6c-3822d9b6e338	8e33f3aa-4b9f-45d0-93bc-251b493a3bde	1
6c546f6c-1934-47d6-a33b-35fe38db895e		200	2023-10-21 10:41:23.793943+01	2023-10-21 10:41:23.793967+01	c667191a-a9e6-43cc-8e6c-3822d9b6e338	b97f07c8-673a-4664-9f4c-c079faa9e981	1
99134401-028c-48d9-b0c5-f62de6a6f729		150	2023-10-21 10:41:23.805539+01	2023-10-21 10:41:23.805556+01	c667191a-a9e6-43cc-8e6c-3822d9b6e338	c324e28f-6f7a-45fd-b2b9-231d5eccc4db	1
e2a38e98-b9cf-44b7-833f-911928d11ea7		1000	2023-10-21 10:41:23.815104+01	2023-10-21 10:41:23.81512+01	c667191a-a9e6-43cc-8e6c-3822d9b6e338	1e9d8e0f-1af8-47d3-b871-fde847ceb0bf	1
6188f8c8-9867-4f83-886c-226ec9e8e0bc		50	2023-10-21 10:41:23.823001+01	2023-10-21 10:41:23.823037+01	c667191a-a9e6-43cc-8e6c-3822d9b6e338	7e7ccd84-4e4f-47d8-abba-e9efefc22d8a	1
50af43b8-08d6-4e82-b030-ba85e60612c5		150	2023-10-21 10:41:23.831135+01	2023-10-21 10:41:23.831152+01	c667191a-a9e6-43cc-8e6c-3822d9b6e338	19e9e3fc-45c7-4a35-bcba-60f017a44df7	1
7242bb76-2c75-4b75-93b2-84da51badcb2		15	2023-10-21 10:41:23.839044+01	2023-10-21 10:41:23.83906+01	c667191a-a9e6-43cc-8e6c-3822d9b6e338	ad7034ee-fc05-4756-85ba-582efd305ce8	1
b2a1183e-2d7b-430e-91f2-00f4be3a2fb6		80	2023-10-21 10:41:23.848013+01	2023-10-21 10:41:23.848029+01	c667191a-a9e6-43cc-8e6c-3822d9b6e338	8e33f3aa-4b9f-45d0-93bc-251b493a3bde	1
e5ec49c6-51ef-4e3e-be51-ac85047a5d5c		100	2023-10-21 10:44:02.601192+01	2023-10-21 10:44:02.601207+01	4dff05ac-953a-4cc9-be04-9f331389a4be	ce7b4ffa-3fba-4876-b205-979ed496cd15	1
4bb17f2b-a87b-444c-912d-73ad3696b276		50	2023-10-21 10:44:02.611234+01	2023-10-21 10:44:02.611251+01	4dff05ac-953a-4cc9-be04-9f331389a4be	845d61d6-604b-4505-be8e-7b659da85e1c	1
3f2c9751-c4a8-4f0e-94da-ddca5b52ef85		150	2023-10-21 10:44:02.621057+01	2023-10-21 10:44:02.621075+01	4dff05ac-953a-4cc9-be04-9f331389a4be	bef73fff-6d15-4e49-b55d-aa226febf00b	1
97b70460-d264-4209-9b6a-53194f93033d		80	2023-10-21 10:44:02.62965+01	2023-10-21 10:44:02.629668+01	4dff05ac-953a-4cc9-be04-9f331389a4be	27baaa29-ebc0-4086-a1f7-6f687b297de2	1
e2001baf-1248-42bf-a876-07d62b837557		100	2023-10-21 10:44:02.636852+01	2023-10-21 10:44:02.636868+01	4dff05ac-953a-4cc9-be04-9f331389a4be	27baaa29-ebc0-4086-a1f7-6f687b297de2	1
04bfc5ee-2ea1-4461-9ff9-87a0428b9ce1		50	2023-10-21 10:44:02.644135+01	2023-10-21 10:44:02.644153+01	4dff05ac-953a-4cc9-be04-9f331389a4be	7e7ccd84-4e4f-47d8-abba-e9efefc22d8a	1
1adac838-1a61-4089-9706-ad8ae7588fe9		40	2023-10-21 10:44:02.654008+01	2023-10-21 10:44:02.654027+01	4dff05ac-953a-4cc9-be04-9f331389a4be	6b4ed45f-4fb7-49b1-8801-6f82aa1d4375	1
d710d8c0-935b-4f15-b122-90b10b1c04ad		90	2023-10-21 10:44:02.661372+01	2023-10-21 10:44:02.661389+01	4dff05ac-953a-4cc9-be04-9f331389a4be	7c8f71c5-6eb7-4efd-9f6b-0db5d626fca0	1
1478cc50-39d8-4526-8a24-458370f2d64b		450	2023-10-21 10:44:02.668242+01	2023-10-21 10:44:02.668258+01	4dff05ac-953a-4cc9-be04-9f331389a4be	8f068ab6-ae03-44fc-ab48-5109caba762f	1
d9226052-3d01-4215-a759-2d3875ae3fa0		90	2023-10-21 10:44:02.676426+01	2023-10-21 10:44:02.676441+01	4dff05ac-953a-4cc9-be04-9f331389a4be	70571738-5c33-493e-b09b-499dd5596e49	1
639ae300-4a53-4ce8-a894-180ed8d66df5		80	2023-10-21 10:47:36.598597+01	2023-10-21 10:47:36.598619+01	ba2f825b-98e5-49d3-b450-ffbd7ac462fd	1f616756-6c59-4f8d-b32b-2e21aa4075a6	1
036ef3cf-f254-4cf7-a598-c9e67e769e68		50	2023-10-21 10:58:49.538773+01	2023-10-21 10:58:49.538788+01	cc14e13b-f78e-4396-a2c0-e078bda98900	b481e9e5-c18c-425f-ad51-4cd53ea4b3f5	1
85f0a38f-9929-4727-b91c-b19a608c233f		100	2023-10-21 10:58:49.548123+01	2023-10-21 10:58:49.548144+01	cc14e13b-f78e-4396-a2c0-e078bda98900	915264df-1dde-4a7d-a17a-e6c43b0a5423	1
385bfb7b-26e5-449d-8760-b7c47a186200		50	2023-10-21 11:02:49.277135+01	2023-10-21 11:02:49.277148+01	7a3e03c9-9a77-4bd2-8210-49d492d3c2f2	8fb4d722-b63f-4a4f-b5b5-26ad27e87e49	1
3793671f-53bb-4d56-aeda-2e94a8a66f26		250	2023-10-21 11:02:49.286173+01	2023-10-21 11:02:49.286187+01	7a3e03c9-9a77-4bd2-8210-49d492d3c2f2	602471bc-c88e-4ac8-820d-1bb9e0d055d4	1
89f4c9e0-6f23-46b8-a374-ea5c2cdecb89		40	2023-10-21 11:02:49.294049+01	2023-10-21 11:02:49.294063+01	7a3e03c9-9a77-4bd2-8210-49d492d3c2f2	67ab6e66-f479-4857-8fa5-423a525e5e82	1
1db9564d-e15f-4efb-aec5-2c9ac65927fb		35	2023-10-21 11:02:49.300871+01	2023-10-21 11:02:49.300884+01	7a3e03c9-9a77-4bd2-8210-49d492d3c2f2	ee8cbd82-fb96-4ec9-8696-2eab7a609553	1
a00621b4-697d-4393-a1f7-91c3ea161fc1		30	2023-10-21 11:02:49.308984+01	2023-10-21 11:02:49.308998+01	7a3e03c9-9a77-4bd2-8210-49d492d3c2f2	43a88bd2-6356-4b14-a931-c585e11da701	1
68c5d786-6f91-4cc1-9e95-75e19a589817		40	2023-10-21 11:02:49.316771+01	2023-10-21 11:02:49.316784+01	7a3e03c9-9a77-4bd2-8210-49d492d3c2f2	20cc9ba0-f2a0-4400-9547-5c888877be81	1
d7d2b4f4-f1ea-4b18-b877-3b72d2928baa		40	2023-10-21 11:02:49.323477+01	2023-10-21 11:02:49.32349+01	7a3e03c9-9a77-4bd2-8210-49d492d3c2f2	e3e61c83-7b95-403b-8787-939fb7752b9a	1
4374d4d4-bfa3-4445-9d8b-9502ef997ee8		50	2023-10-21 11:02:49.335618+01	2023-10-21 11:02:49.335632+01	7a3e03c9-9a77-4bd2-8210-49d492d3c2f2	43a88bd2-6356-4b14-a931-c585e11da701	1
4fbf3fa1-abc8-44b8-8695-90244bd8ccaa		60	2023-10-21 11:02:49.352441+01	2023-10-21 11:02:49.352465+01	7a3e03c9-9a77-4bd2-8210-49d492d3c2f2	dd7598dc-098a-43e9-a8a3-90d7c8b720ba	1
21734ef3-59ee-47bb-9f2e-99700b75a14b		20	2023-10-21 11:02:49.367371+01	2023-10-21 11:02:49.367388+01	7a3e03c9-9a77-4bd2-8210-49d492d3c2f2	599156db-ad6d-4bac-b1a1-e41af22061f7	1
ff735096-62b6-43b4-bfc6-97896852dd58		50	2023-10-21 11:02:49.376824+01	2023-10-21 11:02:49.376839+01	7a3e03c9-9a77-4bd2-8210-49d492d3c2f2	f34f912f-d647-44b1-88ac-3097f416295e	1
4f79ce57-5d63-4138-bf09-5f02417352b6		50	2023-10-21 11:02:49.384792+01	2023-10-21 11:02:49.384806+01	7a3e03c9-9a77-4bd2-8210-49d492d3c2f2	8f15b347-a35d-492f-8763-2556803b8811	1
f08b5b2d-adcd-4212-a52b-d5dd9e8b78c2		50	2023-10-21 11:02:49.393015+01	2023-10-21 11:02:49.393029+01	7a3e03c9-9a77-4bd2-8210-49d492d3c2f2	6eb08255-fa97-4e0a-b7bd-6f4ed7f1096e	1
03b33f03-ac03-4b4d-903d-4d185be4fd38		25	2023-10-21 11:02:49.401045+01	2023-10-21 11:02:49.401059+01	7a3e03c9-9a77-4bd2-8210-49d492d3c2f2	b99128da-0f66-49d0-ab09-57f7dabb1f3d	1
6c8e3b16-42a5-4c7d-8073-8d5cc8652631		40	2023-10-21 11:02:49.408913+01	2023-10-21 11:02:49.408926+01	7a3e03c9-9a77-4bd2-8210-49d492d3c2f2	6b4ed45f-4fb7-49b1-8801-6f82aa1d4375	1
d49398ab-b137-4f2a-ac4b-ef9c18aea006		40	2023-10-21 11:02:49.415632+01	2023-10-21 11:02:49.415645+01	7a3e03c9-9a77-4bd2-8210-49d492d3c2f2	992d9160-40f2-4a56-95a0-fb89748881b0	1
21ae736b-5fbf-43f4-a593-a3115f9babfc		60	2023-10-21 11:02:49.423404+01	2023-10-21 11:02:49.423417+01	7a3e03c9-9a77-4bd2-8210-49d492d3c2f2	aba512de-7315-430b-a307-33d86b1d83e2	1
7e8d4bfe-53e8-43c8-a9eb-357c69c4dd68		150	2023-10-21 11:02:49.431285+01	2023-10-21 11:02:49.431305+01	7a3e03c9-9a77-4bd2-8210-49d492d3c2f2	1e9d8e0f-1af8-47d3-b871-fde847ceb0bf	1
1e2f6147-09eb-4c24-8353-e19d510c2bdd		120	2023-10-21 11:02:49.439085+01	2023-10-21 11:02:49.439099+01	7a3e03c9-9a77-4bd2-8210-49d492d3c2f2	845d61d6-604b-4505-be8e-7b659da85e1c	1
15ddf9ad-1812-4342-9cd0-5e5aee019d82		20	2023-10-21 11:09:35.653025+01	2023-10-21 11:09:35.653038+01	1d01a684-eb13-458c-b497-1fb3a53a94cd	6b4ed45f-4fb7-49b1-8801-6f82aa1d4375	1
dfc7c511-7856-46be-b2c5-9b42840365f6		150	2023-10-21 11:20:03.91068+01	2023-10-21 11:20:03.910693+01	f34fd4f4-90e6-4009-997c-f2bb81a1d0c7	4034f7a8-fc55-4a47-bcea-fcfc8636a3ba	1
3e666571-e388-4137-821e-f2009b3917f4		70	2023-10-21 11:20:03.919927+01	2023-10-21 11:20:03.919942+01	f34fd4f4-90e6-4009-997c-f2bb81a1d0c7	aba1d38e-d2c0-4d04-97e9-8dd1cc2f4c85	1
3a3db04e-52a2-416f-b371-c490eb938761		50	2023-10-21 11:20:03.928218+01	2023-10-21 11:20:03.928234+01	f34fd4f4-90e6-4009-997c-f2bb81a1d0c7	0a5d835d-99dd-46dc-97c3-588c4c3270d0	1
5c529f97-0a2e-4759-b242-c28fef7b6283		60	2023-10-21 11:20:03.936474+01	2023-10-21 11:20:03.93649+01	f34fd4f4-90e6-4009-997c-f2bb81a1d0c7	23e50784-57f1-4621-8445-ba79b8539699	1
36ab8260-53f6-4de9-b7bb-dcfd8de6e0d0		100	2023-10-21 11:22:51.186273+01	2023-10-21 11:22:51.186287+01	74b045d3-115f-4f1c-a254-90cf032bce36	5acfedf9-350b-424f-9df1-c2913284021a	1
60dbcb09-f044-4313-a461-06c4e41456a0		50	2023-10-21 11:22:51.195451+01	2023-10-21 11:22:51.195465+01	74b045d3-115f-4f1c-a254-90cf032bce36	67a1481b-a1b3-4011-8699-3f39eca8bc71	1
624bbce1-20cd-4eeb-8a2c-5326898adf07		30	2023-10-21 11:22:51.202598+01	2023-10-21 11:22:51.202614+01	74b045d3-115f-4f1c-a254-90cf032bce36	67a1481b-a1b3-4011-8699-3f39eca8bc71	1
9affead1-28f2-4c7e-8e96-79bd978cd2d6		50	2023-10-21 11:22:51.209483+01	2023-10-21 11:22:51.209497+01	74b045d3-115f-4f1c-a254-90cf032bce36	b6431602-149c-4a13-94b6-10bb2b9d7595	1
3dd855c9-87f0-4655-8efa-0434842240fa		150	2023-10-21 11:22:51.22342+01	2023-10-21 11:22:51.223438+01	74b045d3-115f-4f1c-a254-90cf032bce36	04ce5ed1-af07-4513-8406-d7536a7fdfd7	1
c25f41f3-29f3-4db7-8c90-1970e4040c73		20	2023-10-21 11:22:51.24052+01	2023-10-21 11:22:51.240537+01	74b045d3-115f-4f1c-a254-90cf032bce36	60346318-7d35-48f0-b61d-35704503a91e	1
cba6ab7f-5e88-47ed-843f-0e8488a90da3		50	2023-10-21 11:22:51.25882+01	2023-10-21 11:22:51.258838+01	74b045d3-115f-4f1c-a254-90cf032bce36	8e33f3aa-4b9f-45d0-93bc-251b493a3bde	1
07310cd9-d23a-48b7-9152-c9bc6536b584		50	2023-10-21 11:22:51.267607+01	2023-10-21 11:22:51.267628+01	74b045d3-115f-4f1c-a254-90cf032bce36	8f15b347-a35d-492f-8763-2556803b8811	1
7d9881ac-51de-4b01-81d5-159d1ca7cda7		60	2023-10-21 11:44:34.28329+01	2023-10-21 11:44:34.283304+01	89521814-ea27-4dfa-9ef0-f581ab3acc34	ee8cbd82-fb96-4ec9-8696-2eab7a609553	1
758b0250-04a9-4dbc-9732-1ffdbc1093fa		50	2023-10-21 11:45:00.617643+01	2023-10-21 11:45:00.617657+01	db556b17-fd9e-4a12-be9b-a164bac905d0	262fb541-d78d-4382-a50f-d50e41a0bbc1	1
d020eefe-7c3c-4e35-99ee-41ac575dfd83		50	2023-10-21 11:45:00.626521+01	2023-10-21 11:45:00.626534+01	db556b17-fd9e-4a12-be9b-a164bac905d0	55e296b2-b9d3-477f-8e5d-3bc83351f28f	1
0af85d24-106b-45ea-9be9-73aa404226cf		50	2023-10-21 11:45:00.634152+01	2023-10-21 11:45:00.634169+01	db556b17-fd9e-4a12-be9b-a164bac905d0	95b67d8c-843e-49df-9155-1cbd0188d78c	1
14be2712-80e1-4b7b-bf69-cf3d8fae6671		60	2023-10-21 11:45:00.643132+01	2023-10-21 11:45:00.643149+01	db556b17-fd9e-4a12-be9b-a164bac905d0	8f068ab6-ae03-44fc-ab48-5109caba762f	1
956453b8-c289-447f-8fd2-041ed0fb3f09		100	2023-10-21 11:45:00.651286+01	2023-10-21 11:45:00.6513+01	db556b17-fd9e-4a12-be9b-a164bac905d0	f372a214-c1ab-4049-91b0-65c44318046e	1
8c35ddcd-a2fa-4fc0-8517-e28883dc7d31		90	2023-10-21 11:45:00.659163+01	2023-10-21 11:45:00.659176+01	db556b17-fd9e-4a12-be9b-a164bac905d0	2b500115-3ced-4a3b-b7b0-912d851c3923	1
362e6a02-85ac-4aae-b740-225a9cb33e79		150	2023-10-21 11:45:00.667043+01	2023-10-21 11:45:00.667056+01	db556b17-fd9e-4a12-be9b-a164bac905d0	b6431602-149c-4a13-94b6-10bb2b9d7595	1
692a7626-1be2-4423-a1c2-196eb0619204		150	2023-10-21 11:45:00.674946+01	2023-10-21 11:45:00.67496+01	db556b17-fd9e-4a12-be9b-a164bac905d0	8f068ab6-ae03-44fc-ab48-5109caba762f	1
dd62c66d-85e4-479a-b6d0-b5797792717d		50	2023-10-21 11:45:00.682887+01	2023-10-21 11:45:00.682902+01	db556b17-fd9e-4a12-be9b-a164bac905d0	992d9160-40f2-4a56-95a0-fb89748881b0	1
b7205952-0dd1-468f-adb2-38e1ed57a4d2		40	2023-10-21 11:45:00.691631+01	2023-10-21 11:45:00.691644+01	db556b17-fd9e-4a12-be9b-a164bac905d0	1f301def-7871-4f31-ac50-7f159429217d	1
14324f7d-4473-4056-8d56-aeb170cdabfc		60	2023-10-21 11:45:00.699469+01	2023-10-21 11:45:00.699481+01	db556b17-fd9e-4a12-be9b-a164bac905d0	6c9b87a1-2ed3-474a-91b0-282c5cbebd6f	1
0f3de10a-117e-4501-98b2-762f96ffc0b2		30	2023-10-21 11:45:00.707234+01	2023-10-21 11:45:00.707247+01	db556b17-fd9e-4a12-be9b-a164bac905d0	6b4ed45f-4fb7-49b1-8801-6f82aa1d4375	1
d993dcff-842c-43e7-9c4f-3b652846a11f		25	2023-10-21 11:45:00.713983+01	2023-10-21 11:45:00.713998+01	db556b17-fd9e-4a12-be9b-a164bac905d0	8fb4d722-b63f-4a4f-b5b5-26ad27e87e49	1
66a32fcd-d591-4b8c-bba2-2238d325cbe0		50	2023-10-21 11:45:00.721828+01	2023-10-21 11:45:00.721846+01	db556b17-fd9e-4a12-be9b-a164bac905d0	2b500115-3ced-4a3b-b7b0-912d851c3923	1
31248aa1-aed4-4739-9078-6decc3296847		60	2023-10-21 11:45:00.729714+01	2023-10-21 11:45:00.729728+01	db556b17-fd9e-4a12-be9b-a164bac905d0	2b500115-3ced-4a3b-b7b0-912d851c3923	1
04f3b24e-023e-475e-be99-807f554146dc		100	2023-10-21 11:45:00.737645+01	2023-10-21 11:45:00.737666+01	db556b17-fd9e-4a12-be9b-a164bac905d0	4034f7a8-fc55-4a47-bcea-fcfc8636a3ba	1
1f88ea7e-070d-4b2c-9c96-3ed20fa7bfc5		30	2023-10-21 11:48:27.933552+01	2023-10-21 11:48:27.933572+01	df0bb441-e732-4296-9d81-49658073acd0	6b4ed45f-4fb7-49b1-8801-6f82aa1d4375	1
7ea6ade5-c9cb-43d8-88ab-072e53bc5aca		100	2023-10-21 11:48:27.942267+01	2023-10-21 11:48:27.94228+01	df0bb441-e732-4296-9d81-49658073acd0	f372a214-c1ab-4049-91b0-65c44318046e	1
1f49baa5-100a-44be-be11-a98a794922f7		50	2023-10-21 11:48:27.951151+01	2023-10-21 11:48:27.951164+01	df0bb441-e732-4296-9d81-49658073acd0	8e33f3aa-4b9f-45d0-93bc-251b493a3bde	1
869b2605-4a8d-4905-9500-ef37c97b0e96		30	2023-10-21 11:48:27.959461+01	2023-10-21 11:48:27.959475+01	df0bb441-e732-4296-9d81-49658073acd0	6b4ed45f-4fb7-49b1-8801-6f82aa1d4375	1
3c297fc1-aba1-44a4-934d-25cd5e73f3c6		100	2023-10-21 11:48:27.966435+01	2023-10-21 11:48:27.966448+01	df0bb441-e732-4296-9d81-49658073acd0	f372a214-c1ab-4049-91b0-65c44318046e	1
a7bb802b-cf66-4828-a8d2-609d17f39277		20	2023-10-21 11:48:27.974455+01	2023-10-21 11:48:27.97447+01	df0bb441-e732-4296-9d81-49658073acd0	b99128da-0f66-49d0-ab09-57f7dabb1f3d	1
5e4b72cd-eabe-4815-bc1e-5eaa05d6958f		80	2023-10-21 11:48:27.98146+01	2023-10-21 11:48:27.981476+01	df0bb441-e732-4296-9d81-49658073acd0	67ab6e66-f479-4857-8fa5-423a525e5e82	1
1a48307d-fac2-455d-922e-ac5236b30148		150	2023-10-21 11:48:27.988597+01	2023-10-21 11:48:27.988612+01	df0bb441-e732-4296-9d81-49658073acd0	7084dacc-c379-4559-8026-ec4e0a336c2a	1
4f7a23b7-5265-4451-ae32-8e94b636d77c		180	2023-10-21 11:48:27.996969+01	2023-10-21 11:48:27.996983+01	df0bb441-e732-4296-9d81-49658073acd0	5c68dfae-f749-4c95-b02b-62b30fd1d74b	1
4439564d-d526-48fe-af16-b1d88780b727		100	2023-10-21 11:48:28.005004+01	2023-10-21 11:48:28.005017+01	df0bb441-e732-4296-9d81-49658073acd0	ce7b4ffa-3fba-4876-b205-979ed496cd15	1
dd76edc5-5f60-42a7-9cef-9052f762ab8d		40	2023-10-21 11:48:28.013162+01	2023-10-21 11:48:28.013178+01	df0bb441-e732-4296-9d81-49658073acd0	84fb87b3-af8c-40e2-999d-9524b69caba9	1
42a1b615-bc4d-4d93-b11e-38004ed2aa4d		80	2023-10-21 11:49:06.972319+01	2023-10-21 11:49:06.972332+01	66d97f9d-a883-467d-bbd8-de774965845d	84fb87b3-af8c-40e2-999d-9524b69caba9	1
dc4190af-989c-4af1-8ac1-bce384f493cb		90	2023-10-21 11:49:06.981135+01	2023-10-21 11:49:06.981148+01	66d97f9d-a883-467d-bbd8-de774965845d	6b4ed45f-4fb7-49b1-8801-6f82aa1d4375	1
36aa4378-3eb3-4371-81d0-2bee9299823b		150	2023-10-21 11:49:06.988145+01	2023-10-21 11:49:06.988159+01	66d97f9d-a883-467d-bbd8-de774965845d	92844628-0a12-4fd3-98f2-d118aceaaee3	1
37f3bc0f-e3cf-469b-be4a-28b55d7bf231		30	2023-10-21 11:49:06.99487+01	2023-10-21 11:49:06.994884+01	66d97f9d-a883-467d-bbd8-de774965845d	6b4ed45f-4fb7-49b1-8801-6f82aa1d4375	1
4022c2e8-1938-488c-a8e7-9cd17c863056		50	2023-10-21 11:49:07.00161+01	2023-10-21 11:49:07.001622+01	66d97f9d-a883-467d-bbd8-de774965845d	95b67d8c-843e-49df-9155-1cbd0188d78c	1
88dff4ca-9f4e-4e2b-8d06-9333ce8b1c0f		60	2023-10-21 11:49:07.009388+01	2023-10-21 11:49:07.009401+01	66d97f9d-a883-467d-bbd8-de774965845d	6b4ed45f-4fb7-49b1-8801-6f82aa1d4375	1
7af92414-2c8b-4f73-b657-47fc417b5eb9		55	2023-10-21 11:49:07.016246+01	2023-10-21 11:49:07.016261+01	66d97f9d-a883-467d-bbd8-de774965845d	ad7034ee-fc05-4756-85ba-582efd305ce8	1
029f8fdc-f91a-4747-b64f-565f357175a2		40	2023-10-21 11:49:07.024056+01	2023-10-21 11:49:07.024068+01	66d97f9d-a883-467d-bbd8-de774965845d	6b4ed45f-4fb7-49b1-8801-6f82aa1d4375	1
5c9a87aa-ecbc-4239-ac0d-4c29b9199aa5		40	2023-10-21 11:49:07.030801+01	2023-10-21 11:49:07.030816+01	66d97f9d-a883-467d-bbd8-de774965845d	729d2922-67b1-4888-8297-dbcf15af79ca	1
bd4bf25b-1a2b-417f-80df-7be7e7130949		200	2023-10-21 11:49:07.037447+01	2023-10-21 11:49:07.03746+01	66d97f9d-a883-467d-bbd8-de774965845d	19e9e3fc-45c7-4a35-bcba-60f017a44df7	1
3238e874-1e0e-4198-bca7-dc7332d086d3		60	2023-10-21 11:49:07.045151+01	2023-10-21 11:49:07.045163+01	66d97f9d-a883-467d-bbd8-de774965845d	95b67d8c-843e-49df-9155-1cbd0188d78c	1
87c29952-e81c-4827-b45e-89d10032b684		180	2023-10-21 11:49:07.052854+01	2023-10-21 11:49:07.052867+01	66d97f9d-a883-467d-bbd8-de774965845d	6473ccb8-05de-44de-a586-b56a7c37f84b	1
1f57dfbc-599e-4d3b-acde-b88e184d5402		90	2023-10-21 12:00:25.140302+01	2023-10-21 12:00:25.140335+01	2e6c2aec-c474-4d17-942d-2ed8b957ca19	915264df-1dde-4a7d-a17a-e6c43b0a5423	1
92006778-4405-4909-b9bf-3db925b6d5db		80	2023-10-21 12:00:25.153819+01	2023-10-21 12:00:25.153842+01	2e6c2aec-c474-4d17-942d-2ed8b957ca19	915264df-1dde-4a7d-a17a-e6c43b0a5423	1
349aea96-cf58-4ac2-beec-47c4241f066f		100	2023-10-21 12:00:57.433533+01	2023-10-21 12:00:57.433552+01	65e6026c-8a29-4dfb-add3-b379a80ab3d3	95b67d8c-843e-49df-9155-1cbd0188d78c	1
654853d8-0d3b-4930-9e01-0106e13720d2		350	2023-10-21 12:00:57.443793+01	2023-10-21 12:00:57.443807+01	65e6026c-8a29-4dfb-add3-b379a80ab3d3	5c68dfae-f749-4c95-b02b-62b30fd1d74b	1
812fa6ba-0b38-4a17-bdfe-46b6e9c4e329		40	2023-10-21 12:00:57.451693+01	2023-10-21 12:00:57.451707+01	65e6026c-8a29-4dfb-add3-b379a80ab3d3	7e7ccd84-4e4f-47d8-abba-e9efefc22d8a	1
659b667a-4923-4f70-9a9a-ea3171197124		80	2023-10-21 12:31:03.833444+01	2023-10-21 12:31:03.833458+01	34c8a2c6-07a7-4aca-a950-94355d78a562	305cf67a-754e-45ea-a907-3b30b0852369	1
14aa76c9-5a5a-48b1-8b87-fc00a59f89d3		40	2023-10-21 12:31:03.843458+01	2023-10-21 12:31:03.843472+01	34c8a2c6-07a7-4aca-a950-94355d78a562	872b6a69-3453-4d27-8db2-211b20bd4aa8	1
343e55aa-9fdf-41ff-81ca-96db4f955da5		350	2023-10-21 12:31:03.852263+01	2023-10-21 12:31:03.852284+01	34c8a2c6-07a7-4aca-a950-94355d78a562	a059cb42-d863-4018-ba42-6fce13657306	1
47bbd507-d767-45fe-914d-dc27b237eb4c		150	2023-10-21 12:40:23.411806+01	2023-10-21 12:40:23.41182+01	8d31b2c7-857e-4754-9112-24c518ad9c23	9ad231fa-af09-47e4-9cb6-570fa327f943	1
3ea5d5c4-a45a-4bed-ac3c-511baa11e7ab		30	2023-10-21 12:52:04.964093+01	2023-10-21 12:52:04.964117+01	13e5175a-1d38-4d82-8a85-67072ec85cbd	729d2922-67b1-4888-8297-dbcf15af79ca	1
d1ba72ce-05d0-4bb5-88e0-1cd70ddee538		30	2023-10-21 12:52:04.972457+01	2023-10-21 12:52:04.972469+01	13e5175a-1d38-4d82-8a85-67072ec85cbd	729d2922-67b1-4888-8297-dbcf15af79ca	1
a0ca3abf-e88e-44f8-a213-b33bd9299b15		30	2023-10-21 12:52:04.979885+01	2023-10-21 12:52:04.9799+01	13e5175a-1d38-4d82-8a85-67072ec85cbd	729d2922-67b1-4888-8297-dbcf15af79ca	1
7174fbd5-ddd3-4c0d-b2e3-5e401d521a6d		100	2023-10-21 12:52:04.98706+01	2023-10-21 12:52:04.987075+01	13e5175a-1d38-4d82-8a85-67072ec85cbd	f372a214-c1ab-4049-91b0-65c44318046e	1
819663fe-a8df-4dae-94b6-ccbaf76dbca8		90	2023-10-21 12:52:04.995301+01	2023-10-21 12:52:04.995317+01	13e5175a-1d38-4d82-8a85-67072ec85cbd	b99128da-0f66-49d0-ab09-57f7dabb1f3d	1
1f0a197e-47c9-4955-a23c-89758cb1f077		60	2023-10-21 12:52:05.00223+01	2023-10-21 12:52:05.002247+01	13e5175a-1d38-4d82-8a85-67072ec85cbd	b99128da-0f66-49d0-ab09-57f7dabb1f3d	1
a45d7fe3-4cfb-465d-82e3-9f2f4e0822d4		190	2023-10-21 12:52:05.008962+01	2023-10-21 12:52:05.008976+01	13e5175a-1d38-4d82-8a85-67072ec85cbd	5849797f-5917-4cd7-b5af-87f0ca0d62e2	1
26a21a83-dde9-482f-9080-8313f9fb7c6a		100	2023-10-21 12:52:05.016923+01	2023-10-21 12:52:05.016939+01	13e5175a-1d38-4d82-8a85-67072ec85cbd	6b4ed45f-4fb7-49b1-8801-6f82aa1d4375	1
0b633e2e-69f1-4bf5-b0c8-07b129c7a38a		190	2023-10-21 12:52:05.023947+01	2023-10-21 12:52:05.02396+01	13e5175a-1d38-4d82-8a85-67072ec85cbd	f4bca2fb-fd5c-4196-9ebc-ed3687dc4294	1
ebda8c24-366d-414e-9fed-d32c09f5009f		50	2023-10-21 12:52:05.03198+01	2023-10-21 12:52:05.031997+01	13e5175a-1d38-4d82-8a85-67072ec85cbd	92844628-0a12-4fd3-98f2-d118aceaaee3	1
089947f5-3bc0-4c76-9479-9b4f4935807c		50	2023-10-21 12:52:05.03875+01	2023-10-21 12:52:05.038763+01	13e5175a-1d38-4d82-8a85-67072ec85cbd	67ab6e66-f479-4857-8fa5-423a525e5e82	1
3e800fd9-8cc8-4790-a86c-63c235cea4d3		90	2023-10-21 12:52:05.045694+01	2023-10-21 12:52:05.04571+01	13e5175a-1d38-4d82-8a85-67072ec85cbd	70571738-5c33-493e-b09b-499dd5596e49	1
7f8e9952-e79d-46ca-bc2b-781597f9d85e		100	2023-10-21 12:52:05.053874+01	2023-10-21 12:52:05.053891+01	13e5175a-1d38-4d82-8a85-67072ec85cbd	b99128da-0f66-49d0-ab09-57f7dabb1f3d	1
aae21e9e-c5c2-44aa-9b16-458d52ba93cd		100	2023-10-21 12:52:05.060562+01	2023-10-21 12:52:05.060575+01	13e5175a-1d38-4d82-8a85-67072ec85cbd	b99128da-0f66-49d0-ab09-57f7dabb1f3d	1
d44dd826-87bd-4461-90e0-cd4ee099aaca		50	2023-10-21 12:52:05.067349+01	2023-10-21 12:52:05.067365+01	13e5175a-1d38-4d82-8a85-67072ec85cbd	1f301def-7871-4f31-ac50-7f159429217d	1
a9599d74-5558-4be2-85fb-4f606df7ea5b		60	2023-10-21 12:52:05.075439+01	2023-10-21 12:52:05.075452+01	13e5175a-1d38-4d82-8a85-67072ec85cbd	a059cb42-d863-4018-ba42-6fce13657306	1
f3bddbda-82b6-4686-aa03-096a3381ec03		10	2023-10-21 12:52:05.083737+01	2023-10-21 12:52:05.083755+01	13e5175a-1d38-4d82-8a85-67072ec85cbd	599156db-ad6d-4bac-b1a1-e41af22061f7	1
a180c54e-0ab9-462a-8f12-79866e9b2b3b		50	2023-10-21 12:52:05.092294+01	2023-10-21 12:52:05.092307+01	13e5175a-1d38-4d82-8a85-67072ec85cbd	872b6a69-3453-4d27-8db2-211b20bd4aa8	1
84a05e39-d6ae-4ef9-91c5-2a8f96a3264f		250	2023-10-21 12:52:05.100783+01	2023-10-21 12:52:05.100809+01	13e5175a-1d38-4d82-8a85-67072ec85cbd	5849797f-5917-4cd7-b5af-87f0ca0d62e2	1
ad2db9ae-4b52-4327-8df3-4b2f91b00d3d		40	2023-10-21 12:59:10.356961+01	2023-10-21 12:59:10.356976+01	4773f2d2-cc8b-488f-9f12-27870d35021f	b99128da-0f66-49d0-ab09-57f7dabb1f3d	1
c9b4afd4-064f-4c26-bb90-4a310248cbf9		100	2023-10-21 12:59:10.366423+01	2023-10-21 12:59:10.366437+01	4773f2d2-cc8b-488f-9f12-27870d35021f	67ab6e66-f479-4857-8fa5-423a525e5e82	1
c84a0657-2cc9-4d26-8eec-faedb2850c01		140	2023-10-21 12:59:10.374293+01	2023-10-21 12:59:10.374308+01	4773f2d2-cc8b-488f-9f12-27870d35021f	ad7034ee-fc05-4756-85ba-582efd305ce8	1
c24fd7a3-1a81-4aad-b4ad-0265629770d0		70	2023-10-21 12:59:10.383781+01	2023-10-21 12:59:10.383798+01	4773f2d2-cc8b-488f-9f12-27870d35021f	8f068ab6-ae03-44fc-ab48-5109caba762f	1
082b6cd2-f553-45fc-8cb9-e55a196b64a6		400	2023-10-21 12:59:10.39256+01	2023-10-21 12:59:10.392576+01	4773f2d2-cc8b-488f-9f12-27870d35021f	b396a727-0f97-48db-be94-dd6b10c69037	1
71afc9b8-3678-443d-9ef2-c93a4a0a0f20		50	2023-10-21 12:59:10.401843+01	2023-10-21 12:59:10.401858+01	4773f2d2-cc8b-488f-9f12-27870d35021f	52782bc1-68c7-4361-ab65-5743be5793d2	1
4e9dcc15-a6c1-48a2-93c2-f7b9161bf1a6		80	2023-10-21 12:59:10.409979+01	2023-10-21 12:59:10.409995+01	4773f2d2-cc8b-488f-9f12-27870d35021f	6473ccb8-05de-44de-a586-b56a7c37f84b	1
1938d35b-c868-488f-bb0c-49902cb410df		150	2023-10-21 12:59:10.418436+01	2023-10-21 12:59:10.418451+01	4773f2d2-cc8b-488f-9f12-27870d35021f	f5f394a8-abcb-4a09-adb8-cfa3276c10a5	1
ae3e9d21-8d0d-44e9-a311-369cf9289300		110	2023-10-21 12:59:10.426531+01	2023-10-21 12:59:10.426547+01	4773f2d2-cc8b-488f-9f12-27870d35021f	4b69a723-2c52-4434-92e8-f7ffef0f41eb	1
34ba8bda-f7df-456b-a7be-644e402dae34		150	2023-10-21 13:03:04.924598+01	2023-10-21 13:03:04.924612+01	3deb173d-8f2c-4bc4-847c-279d55f7437e	67a1481b-a1b3-4011-8699-3f39eca8bc71	1
139921cd-0fef-457c-ab08-da460dd3c56b		70	2023-10-21 13:04:44.628368+01	2023-10-21 13:04:44.628381+01	5980258a-87ed-4a7d-b7f9-a6e475e5f7ff	b6431602-149c-4a13-94b6-10bb2b9d7595	1
708707ee-3f8d-4797-8be0-068797c56d8a		40	2023-10-21 13:04:44.637121+01	2023-10-21 13:04:44.637135+01	5980258a-87ed-4a7d-b7f9-a6e475e5f7ff	60346318-7d35-48f0-b61d-35704503a91e	1
3400918e-f75e-4235-a382-0a3f83089fba		90	2023-10-21 13:04:44.645023+01	2023-10-21 13:04:44.645036+01	5980258a-87ed-4a7d-b7f9-a6e475e5f7ff	f4bca2fb-fd5c-4196-9ebc-ed3687dc4294	1
cc48d84e-53dd-4332-8666-6a275737e97b		40	2023-10-21 13:04:44.652811+01	2023-10-21 13:04:44.652824+01	5980258a-87ed-4a7d-b7f9-a6e475e5f7ff	60346318-7d35-48f0-b61d-35704503a91e	1
90fb36c2-a535-43e7-9a2f-6a5c54d0c775		60	2023-10-21 13:04:44.660537+01	2023-10-21 13:04:44.660549+01	5980258a-87ed-4a7d-b7f9-a6e475e5f7ff	d76436f0-2a28-4afc-acec-1795eacda732	1
9e21258f-f9ff-44b8-8749-f5a05c27f371		150	2023-10-21 13:04:44.668338+01	2023-10-21 13:04:44.668353+01	5980258a-87ed-4a7d-b7f9-a6e475e5f7ff	6eb08255-fa97-4e0a-b7bd-6f4ed7f1096e	1
70f9f249-f03d-47ea-8f3d-06c03fc7470a		40	2023-10-21 13:04:44.675996+01	2023-10-21 13:04:44.676008+01	5980258a-87ed-4a7d-b7f9-a6e475e5f7ff	4d884509-0e12-4d21-8d47-835057a86152	1
02c971f0-25f8-4309-b8d6-d9e541dcde59		150	2023-10-21 13:04:44.683607+01	2023-10-21 13:04:44.68362+01	5980258a-87ed-4a7d-b7f9-a6e475e5f7ff	04ce5ed1-af07-4513-8406-d7536a7fdfd7	1
9b8d8452-28ea-4489-b7b6-ced3a4b6c47f		100	2023-10-21 13:04:44.691536+01	2023-10-21 13:04:44.691548+01	5980258a-87ed-4a7d-b7f9-a6e475e5f7ff	f372a214-c1ab-4049-91b0-65c44318046e	1
b2101ad1-3b2f-4da0-828f-9441dc49e7c5		50	2023-10-21 13:04:44.699325+01	2023-10-21 13:04:44.699338+01	5980258a-87ed-4a7d-b7f9-a6e475e5f7ff	b99128da-0f66-49d0-ab09-57f7dabb1f3d	1
068837d5-3724-418c-9b8e-664b1abbf8cc		35	2023-10-21 13:04:44.705897+01	2023-10-21 13:04:44.705908+01	5980258a-87ed-4a7d-b7f9-a6e475e5f7ff	6b4ed45f-4fb7-49b1-8801-6f82aa1d4375	1
24842a9e-c71b-4d63-a0a6-08c2335bac58		150	2023-10-21 13:04:44.712565+01	2023-10-21 13:04:44.71258+01	5980258a-87ed-4a7d-b7f9-a6e475e5f7ff	5acfedf9-350b-424f-9df1-c2913284021a	1
738327d7-5ca2-4e2d-9200-abab67a27451		70	2023-10-21 13:04:44.720199+01	2023-10-21 13:04:44.720211+01	5980258a-87ed-4a7d-b7f9-a6e475e5f7ff	84fb87b3-af8c-40e2-999d-9524b69caba9	1
d7e90f08-4843-429b-b310-47b24edde9bb		150	2023-10-21 13:04:44.72795+01	2023-10-21 13:04:44.727963+01	5980258a-87ed-4a7d-b7f9-a6e475e5f7ff	321366ef-747f-4862-a924-c123d745cf08	1
955b8602-2737-41e7-a075-c314e4541246		40	2023-10-21 13:04:44.735733+01	2023-10-21 13:04:44.735745+01	5980258a-87ed-4a7d-b7f9-a6e475e5f7ff	1f301def-7871-4f31-ac50-7f159429217d	1
c5de631f-e5b9-4622-bd6b-13e33561ec34		55	2023-10-21 13:04:44.74341+01	2023-10-21 13:04:44.743422+01	5980258a-87ed-4a7d-b7f9-a6e475e5f7ff	67ab6e66-f479-4857-8fa5-423a525e5e82	1
a94fa56d-eb5f-44e2-b40e-54b419d5ed9c		500	2023-10-21 13:10:15.817837+01	2023-10-21 13:10:15.817851+01	f725b82a-925c-43b5-a722-a74c7f80f160	599156db-ad6d-4bac-b1a1-e41af22061f7	1
d39edaa5-e6ca-4507-be67-d4561860d709		30	2023-10-21 13:10:15.826955+01	2023-10-21 13:10:15.826971+01	f725b82a-925c-43b5-a722-a74c7f80f160	599156db-ad6d-4bac-b1a1-e41af22061f7	1
c8bc1860-61bc-46bc-94ba-8c2b5ced230e		80	2023-10-21 13:12:40.857495+01	2023-10-21 13:12:40.857509+01	7df643f5-153c-4357-8fe6-faed16e0694e	c324e28f-6f7a-45fd-b2b9-231d5eccc4db	1
acb6f986-8fc8-4a6d-97be-49272e77d340		60	2023-10-21 13:15:48.125522+01	2023-10-21 13:15:48.12554+01	a4fde047-1c4d-4cad-835e-b88a997f768a	6b4ed45f-4fb7-49b1-8801-6f82aa1d4375	1
a648bc8c-b182-43df-9832-7b975b5b25c5		50	2023-10-21 13:15:48.133736+01	2023-10-21 13:15:48.133754+01	a4fde047-1c4d-4cad-835e-b88a997f768a	67ab6e66-f479-4857-8fa5-423a525e5e82	1
3c671561-85bb-43e5-944c-31b8a0cadb2e		50	2023-10-21 13:15:48.140765+01	2023-10-21 13:15:48.140783+01	a4fde047-1c4d-4cad-835e-b88a997f768a	43a88bd2-6356-4b14-a931-c585e11da701	1
7738fe1e-b6cd-4d10-bd16-6b501a0fee68		25	2023-10-21 13:15:48.155178+01	2023-10-21 13:15:48.155195+01	a4fde047-1c4d-4cad-835e-b88a997f768a	ed093ebe-d324-4c00-82a2-3c665ad25e43	1
187d86c0-6417-448d-a906-0c655b3b9f5e		30	2023-10-21 13:15:48.170123+01	2023-10-21 13:15:48.170141+01	a4fde047-1c4d-4cad-835e-b88a997f768a	b97f07c8-673a-4664-9f4c-c079faa9e981	1
d637a678-02b1-4d95-b239-3adc9cfa57f8		50	2023-10-21 13:15:48.186328+01	2023-10-21 13:15:48.186345+01	a4fde047-1c4d-4cad-835e-b88a997f768a	52782bc1-68c7-4361-ab65-5743be5793d2	1
8c70edfc-2cef-4965-ba71-cafb3ab7f3d3		30	2023-10-21 13:15:48.197572+01	2023-10-21 13:15:48.19759+01	a4fde047-1c4d-4cad-835e-b88a997f768a	f5f394a8-abcb-4a09-adb8-cfa3276c10a5	1
ff80f0d8-2f75-470d-ad4a-e981e4dcdc10		60	2023-10-21 13:15:48.205769+01	2023-10-21 13:15:48.205787+01	a4fde047-1c4d-4cad-835e-b88a997f768a	f5f394a8-abcb-4a09-adb8-cfa3276c10a5	1
073645f2-b328-4f77-8fef-96f1a1237912		50	2023-10-21 13:15:48.214147+01	2023-10-21 13:15:48.214165+01	a4fde047-1c4d-4cad-835e-b88a997f768a	8fb4d722-b63f-4a4f-b5b5-26ad27e87e49	1
28b3e39e-06f7-460e-844d-3d9c49d61c74		60	2023-10-21 13:15:48.223366+01	2023-10-21 13:15:48.223384+01	a4fde047-1c4d-4cad-835e-b88a997f768a	9ad231fa-af09-47e4-9cb6-570fa327f943	1
b1e9543e-fde1-4cf9-b73f-dafbebc43244		70	2023-10-21 13:15:48.230843+01	2023-10-21 13:15:48.23086+01	a4fde047-1c4d-4cad-835e-b88a997f768a	ef527472-f721-4479-a6b3-38164a15f1bf	1
dd7ebdae-5069-45da-a163-2836e98b0e21		100	2023-10-21 13:15:48.24032+01	2023-10-21 13:15:48.240336+01	a4fde047-1c4d-4cad-835e-b88a997f768a	4034f7a8-fc55-4a47-bcea-fcfc8636a3ba	1
44a7ad85-e380-457d-9fcd-36e68ce4fa4f		40	2023-10-21 13:15:48.248318+01	2023-10-21 13:15:48.248335+01	a4fde047-1c4d-4cad-835e-b88a997f768a	6b4ed45f-4fb7-49b1-8801-6f82aa1d4375	1
a9267ef4-f7e9-4ba5-afa5-05be7023d95f		30	2023-10-21 13:15:48.255311+01	2023-10-21 13:15:48.255327+01	a4fde047-1c4d-4cad-835e-b88a997f768a	729d2922-67b1-4888-8297-dbcf15af79ca	1
cdc1f7d8-e08e-47ca-9b4e-f529a286fd02		50	2023-10-21 13:15:48.262561+01	2023-10-21 13:15:48.262578+01	a4fde047-1c4d-4cad-835e-b88a997f768a	7e7ccd84-4e4f-47d8-abba-e9efefc22d8a	1
76b1bbce-66fe-49b1-b630-713688364065		100	2023-10-21 13:17:02.508323+01	2023-10-21 13:17:02.508339+01	edef4750-a38e-48a0-a4f4-894951d1a949	95b67d8c-843e-49df-9155-1cbd0188d78c	1
dd4a316d-f11b-49d7-b70e-11af4b473e19		350	2023-10-21 13:17:02.517308+01	2023-10-21 13:17:02.517325+01	edef4750-a38e-48a0-a4f4-894951d1a949	5c68dfae-f749-4c95-b02b-62b30fd1d74b	1
b5d46c90-b980-44ec-a4f5-00beace90437		40	2023-10-21 13:17:02.525216+01	2023-10-21 13:17:02.525232+01	edef4750-a38e-48a0-a4f4-894951d1a949	7e7ccd84-4e4f-47d8-abba-e9efefc22d8a	1
399e61fc-194b-4ebd-bc7e-bdea155ab9f4		70	2023-10-21 13:20:20.848613+01	2023-10-21 13:20:20.848642+01	55097377-ccff-4faa-baf5-73a374def0d7	e3e61c83-7b95-403b-8787-939fb7752b9a	1
13328be2-51e6-43dd-bfda-781a372af992		30	2023-10-21 13:20:20.857836+01	2023-10-21 13:20:20.85785+01	55097377-ccff-4faa-baf5-73a374def0d7	bc5d7ba8-ec37-438a-b532-e7bf9b92ad54	1
8acf09ce-ec0a-466e-976c-19422e706a97		160	2023-10-21 13:28:28.163178+01	2023-10-21 13:28:28.163191+01	33a21e4d-982c-4812-b084-dd686ab51032	5c68dfae-f749-4c95-b02b-62b30fd1d74b	1
cc3c9c23-8ba7-4fef-93f9-ac7eab1f8a36		60	2023-10-21 13:28:28.172343+01	2023-10-21 13:28:28.172355+01	33a21e4d-982c-4812-b084-dd686ab51032	7e7ccd84-4e4f-47d8-abba-e9efefc22d8a	1
95af8fc6-6031-449c-ad72-dbb3501a54ac		50	2023-10-21 13:28:28.180292+01	2023-10-21 13:28:28.180306+01	33a21e4d-982c-4812-b084-dd686ab51032	6eb08255-fa97-4e0a-b7bd-6f4ed7f1096e	1
aac9e8c8-f277-406b-9bc0-261038aaeecb		150	2023-10-21 13:28:28.18814+01	2023-10-21 13:28:28.188152+01	33a21e4d-982c-4812-b084-dd686ab51032	c85bd1df-abe4-49ca-bc27-6b5cdb4c3977	1
8c23284f-17d0-4eda-a206-5edec91afa90		30	2023-10-21 13:28:28.1963+01	2023-10-21 13:28:28.196313+01	33a21e4d-982c-4812-b084-dd686ab51032	8f15b347-a35d-492f-8763-2556803b8811	1
0da64cf0-2efd-4fdb-a3df-2e8b2db8d37f		50	2023-10-21 13:28:28.204046+01	2023-10-21 13:28:28.204059+01	33a21e4d-982c-4812-b084-dd686ab51032	ef527472-f721-4479-a6b3-38164a15f1bf	1
c844174b-eecd-46de-ad97-070999cb4305		120	2023-10-21 13:28:28.211973+01	2023-10-21 13:28:28.211986+01	33a21e4d-982c-4812-b084-dd686ab51032	6473ccb8-05de-44de-a586-b56a7c37f84b	1
e5d78f1f-11bf-46a0-8162-15bd3b725807		30	2023-10-21 13:28:28.219906+01	2023-10-21 13:28:28.219919+01	33a21e4d-982c-4812-b084-dd686ab51032	cb1d4ad0-295d-442f-961c-014253e8a4c6	1
c9c9f246-a0ba-42d2-994b-af7298e87d58		100	2023-10-21 13:28:28.228864+01	2023-10-21 13:28:28.228877+01	33a21e4d-982c-4812-b084-dd686ab51032	262fb541-d78d-4382-a50f-d50e41a0bbc1	1
735e9477-10ef-4742-b7c9-c07702b90d58		30	2023-10-21 13:28:28.235653+01	2023-10-21 13:28:28.235666+01	33a21e4d-982c-4812-b084-dd686ab51032	91bc1c29-071c-4b4c-b0d4-44f4f31b5f20	1
a49b8fda-f02e-4027-8be2-69984e2c2f78		100	2023-10-21 13:37:06.872079+01	2023-10-21 13:37:06.872092+01	d93cf8fa-92f0-4e33-8eca-6bc2d9bf7f30	f372a214-c1ab-4049-91b0-65c44318046e	1
a42f50da-48d7-4bb8-be8b-c66e9ca764b6		100	2023-10-21 13:37:06.881637+01	2023-10-21 13:37:06.881652+01	d93cf8fa-92f0-4e33-8eca-6bc2d9bf7f30	f372a214-c1ab-4049-91b0-65c44318046e	1
b98d2a87-8d91-4093-97f1-c48a1db2bba0		50	2023-10-21 13:45:36.624484+01	2023-10-21 13:45:36.624511+01	4ce5df72-cd2f-41af-9589-5f6094b0de41	915264df-1dde-4a7d-a17a-e6c43b0a5423	1
a89ad80a-ecfd-4361-aaf0-64d62cb52745		10	2023-10-21 13:45:36.634579+01	2023-10-21 13:45:36.634597+01	4ce5df72-cd2f-41af-9589-5f6094b0de41	79ea2e0d-2757-41f5-977a-353411143c42	1
4ac6c861-d55b-4f24-84e2-49f7a69d9240		80	2023-10-21 13:45:36.642952+01	2023-10-21 13:45:36.642965+01	4ce5df72-cd2f-41af-9589-5f6094b0de41	915264df-1dde-4a7d-a17a-e6c43b0a5423	1
27edf7d0-bd38-44f8-ad74-ce5897a58ebc		50	2023-10-21 13:45:36.651058+01	2023-10-21 13:45:36.651071+01	4ce5df72-cd2f-41af-9589-5f6094b0de41	8f15b347-a35d-492f-8763-2556803b8811	1
87d84509-b995-48b4-a27f-a362f250e86d		100	2023-10-21 13:45:36.659043+01	2023-10-21 13:45:36.659056+01	4ce5df72-cd2f-41af-9589-5f6094b0de41	84fb87b3-af8c-40e2-999d-9524b69caba9	1
30baf545-5305-4933-9ef3-e0313502843a		50	2023-10-21 13:45:36.666966+01	2023-10-21 13:45:36.666979+01	4ce5df72-cd2f-41af-9589-5f6094b0de41	b99128da-0f66-49d0-ab09-57f7dabb1f3d	1
037590f8-54e4-4395-872c-2f78e4a7e1ed		20	2023-10-21 13:45:36.673811+01	2023-10-21 13:45:36.673826+01	4ce5df72-cd2f-41af-9589-5f6094b0de41	c324e28f-6f7a-45fd-b2b9-231d5eccc4db	1
5b22cc6d-bda0-4ce4-a06e-1c890c2ee9d6		120	2023-10-21 13:45:36.681754+01	2023-10-21 13:45:36.681771+01	4ce5df72-cd2f-41af-9589-5f6094b0de41	9ad231fa-af09-47e4-9cb6-570fa327f943	1
4d1feb5d-8f32-4d8b-85aa-c32d9df2628c		50	2023-10-21 13:45:36.688994+01	2023-10-21 13:45:36.68901+01	4ce5df72-cd2f-41af-9589-5f6094b0de41	8f15b347-a35d-492f-8763-2556803b8811	1
da3f2309-0a06-4cbc-a2ab-9c863afcb872		10	2023-10-21 13:45:36.697135+01	2023-10-21 13:45:36.697153+01	4ce5df72-cd2f-41af-9589-5f6094b0de41	70571738-5c33-493e-b09b-499dd5596e49	1
d2be2000-42a9-4dfa-abbf-9892d92ce08c		40	2023-10-21 13:45:36.705152+01	2023-10-21 13:45:36.705168+01	4ce5df72-cd2f-41af-9589-5f6094b0de41	70571738-5c33-493e-b09b-499dd5596e49	1
92fe437c-08d8-4c45-87ca-48455816ed81		200	2023-10-21 13:45:36.713056+01	2023-10-21 13:45:36.713072+01	4ce5df72-cd2f-41af-9589-5f6094b0de41	19e9e3fc-45c7-4a35-bcba-60f017a44df7	1
ac7c17c9-ce5e-4929-8df3-afe77ebf3e7f		50	2023-10-21 13:45:36.72184+01	2023-10-21 13:45:36.721856+01	4ce5df72-cd2f-41af-9589-5f6094b0de41	19e9e3fc-45c7-4a35-bcba-60f017a44df7	1
45f2dfc0-ce13-45e2-8d38-0907cad317f4		50	2023-10-21 13:45:36.730387+01	2023-10-21 13:45:36.730401+01	4ce5df72-cd2f-41af-9589-5f6094b0de41	b99128da-0f66-49d0-ab09-57f7dabb1f3d	1
240c601a-eb52-4df4-9143-f9794b7faa95		30	2023-10-21 13:45:36.737385+01	2023-10-21 13:45:36.737399+01	4ce5df72-cd2f-41af-9589-5f6094b0de41	b99128da-0f66-49d0-ab09-57f7dabb1f3d	1
a8a02607-ab86-49c3-a77b-530c7d1f4e3f		70	2023-10-21 13:45:36.744476+01	2023-10-21 13:45:36.744491+01	4ce5df72-cd2f-41af-9589-5f6094b0de41	6eb08255-fa97-4e0a-b7bd-6f4ed7f1096e	1
70f2100f-ba57-476f-94b8-cdceb51891ea		20	2023-10-21 13:45:36.752722+01	2023-10-21 13:45:36.752738+01	4ce5df72-cd2f-41af-9589-5f6094b0de41	c324e28f-6f7a-45fd-b2b9-231d5eccc4db	1
f1bd5b8e-d8ac-4a67-bb15-cd4d1838c7c1		30	2023-10-21 13:45:36.761538+01	2023-10-21 13:45:36.761553+01	4ce5df72-cd2f-41af-9589-5f6094b0de41	729d2922-67b1-4888-8297-dbcf15af79ca	1
4c194950-79bf-4b4c-8cab-bb7cca96cd0a		200	2023-10-21 13:45:36.768394+01	2023-10-21 13:45:36.768408+01	4ce5df72-cd2f-41af-9589-5f6094b0de41	dd7598dc-098a-43e9-a8a3-90d7c8b720ba	1
d215d6f9-e88d-4314-9476-2261bff7dc51		70	2023-10-21 13:46:20.830199+01	2023-10-21 13:46:20.830212+01	d74690c9-bb20-495d-8759-3d5916d49e22	f5f394a8-abcb-4a09-adb8-cfa3276c10a5	1
33ed03a7-2a82-4798-82c5-654d039e3a04		140	2023-10-21 13:46:20.838892+01	2023-10-21 13:46:20.838905+01	d74690c9-bb20-495d-8759-3d5916d49e22	20cc9ba0-f2a0-4400-9547-5c888877be81	1
1e3a451d-b253-4096-9c5c-b7e7c70950e2		40	2023-10-21 13:46:20.845625+01	2023-10-21 13:46:20.845638+01	d74690c9-bb20-495d-8759-3d5916d49e22	aba512de-7315-430b-a307-33d86b1d83e2	1
98344173-507a-45e9-b51f-33d08e5c7bed		50	2023-10-21 13:46:20.85327+01	2023-10-21 13:46:20.853283+01	d74690c9-bb20-495d-8759-3d5916d49e22	c85bd1df-abe4-49ca-bc27-6b5cdb4c3977	1
2f0b17ac-929f-4c63-8475-922e652d1f52		40	2023-10-21 13:46:20.860941+01	2023-10-21 13:46:20.860956+01	d74690c9-bb20-495d-8759-3d5916d49e22	aba512de-7315-430b-a307-33d86b1d83e2	1
55d1486c-fffd-47a2-b889-14ab72686d39		35	2023-10-21 13:49:36.043659+01	2023-10-21 13:49:36.043672+01	bcb67a23-d12b-4bb4-a1d4-51f31bd7d04d	c324e28f-6f7a-45fd-b2b9-231d5eccc4db	1
70527885-cc84-47f9-b944-15b08e856b3e		50	2023-10-21 13:49:36.053013+01	2023-10-21 13:49:36.053026+01	bcb67a23-d12b-4bb4-a1d4-51f31bd7d04d	5bd32cdc-930d-46bf-ba98-ecab82cd2373	1
644c2eec-827e-4927-9488-58c20bcbb5f8		10	2023-10-21 13:49:36.06101+01	2023-10-21 13:49:36.061023+01	bcb67a23-d12b-4bb4-a1d4-51f31bd7d04d	84fb87b3-af8c-40e2-999d-9524b69caba9	1
a4c2597b-c47c-4f73-8223-68590f0bab16		50	2023-10-21 13:49:36.068836+01	2023-10-21 13:49:36.068849+01	bcb67a23-d12b-4bb4-a1d4-51f31bd7d04d	627bafed-07ce-462f-abc9-50e26a850428	1
004d35fd-5810-4c52-93e4-eef467410306		50	2023-10-21 13:49:36.076927+01	2023-10-21 13:49:36.07694+01	bcb67a23-d12b-4bb4-a1d4-51f31bd7d04d	262fb541-d78d-4382-a50f-d50e41a0bbc1	1
1f97e104-382d-4b38-a952-9e391a053dfa		20	2023-10-21 13:49:36.083585+01	2023-10-21 13:49:36.083598+01	bcb67a23-d12b-4bb4-a1d4-51f31bd7d04d	84fb87b3-af8c-40e2-999d-9524b69caba9	1
1b1d8237-1ac1-4961-8e32-3b372a14c1f5		400	2023-10-21 13:59:33.000053+01	2023-10-21 13:59:33.000066+01	770267fc-84d4-4691-ab8b-2f2c6d73ff51	19e9e3fc-45c7-4a35-bcba-60f017a44df7	1
e5b82793-fdb4-4a26-afe3-8ce2d0d1dae3		170	2023-10-21 13:59:33.009639+01	2023-10-21 13:59:33.009653+01	770267fc-84d4-4691-ab8b-2f2c6d73ff51	a059cb42-d863-4018-ba42-6fce13657306	1
95950538-31ec-449c-9b9f-c720b0bcbe63		60	2023-10-21 13:59:33.018196+01	2023-10-21 13:59:33.018215+01	770267fc-84d4-4691-ab8b-2f2c6d73ff51	67349adf-98a1-4a7e-8e0d-70c95e81faf0	1
b8af1b78-f465-494e-b69b-e2f83143e4f2		250	2023-10-21 13:59:33.027109+01	2023-10-21 13:59:33.027122+01	770267fc-84d4-4691-ab8b-2f2c6d73ff51	599156db-ad6d-4bac-b1a1-e41af22061f7	1
4205aad7-3904-4a96-a353-d28dd28b41ff		120	2023-10-21 13:59:33.03572+01	2023-10-21 13:59:33.035739+01	770267fc-84d4-4691-ab8b-2f2c6d73ff51	6eb08255-fa97-4e0a-b7bd-6f4ed7f1096e	1
9eaf563c-d35d-4eba-9285-348cd3cec4d7		50	2023-10-21 13:59:33.044106+01	2023-10-21 13:59:33.044119+01	770267fc-84d4-4691-ab8b-2f2c6d73ff51	682a020a-aeb3-4a65-8812-dc0462e30a24	1
ac3cb8b4-5acc-40f2-9bb2-2c5bcff39e4b		80	2023-10-21 13:59:33.05184+01	2023-10-21 13:59:33.051854+01	770267fc-84d4-4691-ab8b-2f2c6d73ff51	599156db-ad6d-4bac-b1a1-e41af22061f7	1
c72a28e6-397c-4ab3-b70f-7c1fd433d951		50	2023-10-21 13:59:33.059674+01	2023-10-21 13:59:33.059689+01	770267fc-84d4-4691-ab8b-2f2c6d73ff51	599156db-ad6d-4bac-b1a1-e41af22061f7	1
2526fe29-a6bd-4b70-89ed-1a0941cb6e58		20	2023-10-21 13:59:33.067608+01	2023-10-21 13:59:33.067622+01	770267fc-84d4-4691-ab8b-2f2c6d73ff51	0d0535e4-11ac-4a28-8c28-edfd6028b927	1
63352342-2a94-4ddc-a672-838d5292932d		50	2023-10-21 13:59:33.075449+01	2023-10-21 13:59:33.075463+01	770267fc-84d4-4691-ab8b-2f2c6d73ff51	43a88bd2-6356-4b14-a931-c585e11da701	1
e860e832-fb7f-450d-aa1e-f4b7cea99b3d		250	2023-10-21 13:59:33.083553+01	2023-10-21 13:59:33.083568+01	770267fc-84d4-4691-ab8b-2f2c6d73ff51	67ab6e66-f479-4857-8fa5-423a525e5e82	1
9d0f6a92-76d0-4c5c-8b75-c1356440852f		250	2023-10-21 13:59:33.09046+01	2023-10-21 13:59:33.090473+01	770267fc-84d4-4691-ab8b-2f2c6d73ff51	19e9e3fc-45c7-4a35-bcba-60f017a44df7	1
a2e6b53d-ea15-422d-84d8-81f2f24bc212		30	2023-10-21 13:59:33.098344+01	2023-10-21 13:59:33.098356+01	770267fc-84d4-4691-ab8b-2f2c6d73ff51	0d0535e4-11ac-4a28-8c28-edfd6028b927	1
c77148a6-9603-421f-b60a-87914db5ae6f		100	2023-10-21 13:59:33.106147+01	2023-10-21 13:59:33.106161+01	770267fc-84d4-4691-ab8b-2f2c6d73ff51	91bc1c29-071c-4b4c-b0d4-44f4f31b5f20	1
9383197d-d2c3-4aa5-903c-a7d60dc740dc		200	2023-10-21 13:59:33.113835+01	2023-10-21 13:59:33.113847+01	770267fc-84d4-4691-ab8b-2f2c6d73ff51	5c68dfae-f749-4c95-b02b-62b30fd1d74b	1
e401100c-9a97-4073-b4d7-d78bf4f21702		50	2023-10-21 13:59:33.121496+01	2023-10-21 13:59:33.12151+01	770267fc-84d4-4691-ab8b-2f2c6d73ff51	d76436f0-2a28-4afc-acec-1795eacda732	1
16293752-8137-41d4-aea6-bac5018fda0e		50	2023-10-21 13:59:33.129284+01	2023-10-21 13:59:33.129298+01	770267fc-84d4-4691-ab8b-2f2c6d73ff51	729d2922-67b1-4888-8297-dbcf15af79ca	1
b20e55ba-c8ba-4773-9a31-4696547bcc0e		140	2023-10-21 13:59:33.135898+01	2023-10-21 13:59:33.135911+01	770267fc-84d4-4691-ab8b-2f2c6d73ff51	20cc9ba0-f2a0-4400-9547-5c888877be81	1
51e44cc7-7f93-40ac-add5-c8bb9baa7847		60	2023-10-21 13:59:33.142517+01	2023-10-21 13:59:33.142529+01	770267fc-84d4-4691-ab8b-2f2c6d73ff51	7ad6a3b4-a35f-443d-bff6-ee8d48cb59ab	1
071ff152-1d0f-4db4-b4bd-031bf4d1b6d3		40	2023-10-21 14:04:33.51127+01	2023-10-21 14:04:33.511284+01	801d168f-c00e-4fab-866e-b90da0bc6f95	ad57bf75-9df3-405b-a2ab-bcd644e262dd	1
1dd4cab3-e49f-40c1-a7a3-19d47ddb4297		300	2023-10-21 14:04:33.520603+01	2023-10-21 14:04:33.520617+01	801d168f-c00e-4fab-866e-b90da0bc6f95	f3f8ea3e-4620-4741-9301-068ee9357250	1
0bf712d5-d2ea-450d-a3da-0024a6bccc85		50	2023-10-21 14:04:33.528916+01	2023-10-21 14:04:33.528929+01	801d168f-c00e-4fab-866e-b90da0bc6f95	ce7b4ffa-3fba-4876-b205-979ed496cd15	1
5ebfc988-f3ef-4f18-ae6e-6497b2852f97		250	2023-10-21 14:04:33.536805+01	2023-10-21 14:04:33.536818+01	801d168f-c00e-4fab-866e-b90da0bc6f95	28187923-eb64-4c41-be30-7659d43020d8	1
83618d22-f55b-466e-b906-690b1d2d00f2		20	2023-10-21 14:04:33.544634+01	2023-10-21 14:04:33.544647+01	801d168f-c00e-4fab-866e-b90da0bc6f95	49589b1e-fd4c-414c-b1b1-dcaa83b24e11	1
9544f2ad-9514-4c2c-8d59-2e1241fd1268		180	2023-10-21 14:04:33.552348+01	2023-10-21 14:04:33.552361+01	801d168f-c00e-4fab-866e-b90da0bc6f95	0a5d835d-99dd-46dc-97c3-588c4c3270d0	1
7e43dd94-9c8a-41eb-b0c8-c161fbd7bd10		80	2023-10-21 14:04:33.560151+01	2023-10-21 14:04:33.560165+01	801d168f-c00e-4fab-866e-b90da0bc6f95	28187923-eb64-4c41-be30-7659d43020d8	1
b199560c-3c21-4fdb-9d2a-fbc0d907c0dd		20	2023-10-21 14:04:33.568442+01	2023-10-21 14:04:33.568456+01	801d168f-c00e-4fab-866e-b90da0bc6f95	49589b1e-fd4c-414c-b1b1-dcaa83b24e11	1
837908e2-5910-4aa4-b84f-cd6cc5f1afd5		70	2023-10-21 14:04:33.577043+01	2023-10-21 14:04:33.577063+01	801d168f-c00e-4fab-866e-b90da0bc6f95	8f068ab6-ae03-44fc-ab48-5109caba762f	1
d9ef9ebd-7cc6-454e-b842-3a1e9815fe18		50	2023-10-21 14:04:33.585269+01	2023-10-21 14:04:33.585282+01	801d168f-c00e-4fab-866e-b90da0bc6f95	52782bc1-68c7-4361-ab65-5743be5793d2	1
4390b336-a8d8-4c2f-aa81-22bb0c1089ff		100	2023-10-21 14:04:33.593532+01	2023-10-21 14:04:33.593545+01	801d168f-c00e-4fab-866e-b90da0bc6f95	f372a214-c1ab-4049-91b0-65c44318046e	1
63c1376a-f080-4a79-9113-e8fc82d0a716		250	2023-10-21 14:07:23.199928+01	2023-10-21 14:07:23.199943+01	3671716b-8979-4ede-9fcc-bdde608f0c82	bef73fff-6d15-4e49-b55d-aa226febf00b	1
2f9b8b6a-d45c-4446-a0ab-066a2157e486		100	2023-10-21 14:07:23.209196+01	2023-10-21 14:07:23.209213+01	3671716b-8979-4ede-9fcc-bdde608f0c82	262fb541-d78d-4382-a50f-d50e41a0bbc1	1
120bb16a-8164-4304-94a4-7d94b1e0ce87		100	2023-10-21 14:07:23.216299+01	2023-10-21 14:07:23.216315+01	3671716b-8979-4ede-9fcc-bdde608f0c82	bef73fff-6d15-4e49-b55d-aa226febf00b	1
f4365111-e7c8-4be5-b5c0-42dab7b9a456		200	2023-10-21 14:07:23.224319+01	2023-10-21 14:07:23.224335+01	3671716b-8979-4ede-9fcc-bdde608f0c82	cb1d4ad0-295d-442f-961c-014253e8a4c6	1
204c1e3a-9527-4372-b277-9469606c8bb3		50	2023-10-21 14:07:23.232471+01	2023-10-21 14:07:23.232487+01	3671716b-8979-4ede-9fcc-bdde608f0c82	8f15b347-a35d-492f-8763-2556803b8811	1
dc84cb86-b6f2-48c0-93e2-879e8c795eb1		50	2023-10-21 14:07:23.241574+01	2023-10-21 14:07:23.241591+01	3671716b-8979-4ede-9fcc-bdde608f0c82	ee8cbd82-fb96-4ec9-8696-2eab7a609553	1
1e3791d6-8cb2-4a6e-aee2-afbb085175ad		10	2023-10-21 14:07:23.250229+01	2023-10-21 14:07:23.250244+01	3671716b-8979-4ede-9fcc-bdde608f0c82	b99128da-0f66-49d0-ab09-57f7dabb1f3d	1
85769f35-2287-4ebd-834e-ff5339076897		190	2023-10-21 14:07:23.258059+01	2023-10-21 14:07:23.258074+01	3671716b-8979-4ede-9fcc-bdde608f0c82	5a57ad32-b6e0-439c-b254-45c40994bfa5	1
d6b640f1-ce92-48b2-9c38-d23bea25b182		50	2023-10-21 14:07:23.266397+01	2023-10-21 14:07:23.266413+01	3671716b-8979-4ede-9fcc-bdde608f0c82	f34f912f-d647-44b1-88ac-3097f416295e	1
d332384b-54e3-4013-91d6-494a2544c6d7		80	2023-10-21 14:07:23.274723+01	2023-10-21 14:07:23.274739+01	3671716b-8979-4ede-9fcc-bdde608f0c82	845d61d6-604b-4505-be8e-7b659da85e1c	1
6d03ffe8-4105-476e-8d9b-e3bbb4b5d3ad		60	2023-10-21 14:09:18.297913+01	2023-10-21 14:09:18.297926+01	96fe462b-232f-4f3a-bd70-caf48926f57b	6eb08255-fa97-4e0a-b7bd-6f4ed7f1096e	1
b44af8fa-4a19-4cb1-aaef-83fe4638066a		100	2023-10-21 14:09:18.307313+01	2023-10-21 14:09:18.307327+01	96fe462b-232f-4f3a-bd70-caf48926f57b	90947043-c03a-446e-a6b9-491d42908da3	1
fa093d27-28e2-4fd8-84fd-dc4786c22df9		80	2023-10-21 14:09:18.315437+01	2023-10-21 14:09:18.31545+01	96fe462b-232f-4f3a-bd70-caf48926f57b	7e7ccd84-4e4f-47d8-abba-e9efefc22d8a	1
15f8394c-62dc-4b5e-8e21-56e8d2bb9b7d		50	2023-10-21 14:09:18.32345+01	2023-10-21 14:09:18.323463+01	96fe462b-232f-4f3a-bd70-caf48926f57b	ee8cbd82-fb96-4ec9-8696-2eab7a609553	1
06d266c8-d0d3-49b0-9b6a-64b06d6de72e		70	2023-10-21 14:09:18.332508+01	2023-10-21 14:09:18.332522+01	96fe462b-232f-4f3a-bd70-caf48926f57b	1f301def-7871-4f31-ac50-7f159429217d	1
99eed159-5809-45eb-9213-c19f533cd374		40	2023-10-21 14:09:18.3434+01	2023-10-21 14:09:18.343414+01	96fe462b-232f-4f3a-bd70-caf48926f57b	b99128da-0f66-49d0-ab09-57f7dabb1f3d	1
1686dd99-459d-41dc-a943-a8f59885f9f4		80	2023-10-21 14:09:18.350232+01	2023-10-21 14:09:18.350245+01	96fe462b-232f-4f3a-bd70-caf48926f57b	262fb541-d78d-4382-a50f-d50e41a0bbc1	1
f259ddcf-a17a-458c-a0c0-9e6b8eb42568		150	2023-10-21 14:09:18.35711+01	2023-10-21 14:09:18.357126+01	96fe462b-232f-4f3a-bd70-caf48926f57b	67349adf-98a1-4a7e-8e0d-70c95e81faf0	1
7f6f6ad7-04fd-45b4-84cd-40f8a6c8fa08		40	2023-10-21 14:09:18.366243+01	2023-10-21 14:09:18.366261+01	96fe462b-232f-4f3a-bd70-caf48926f57b	1f301def-7871-4f31-ac50-7f159429217d	1
eaf0320d-a7c1-41fc-88b3-cc1764f56d9f		60	2023-10-21 14:11:14.010698+01	2023-10-21 14:11:14.010711+01	90c153ae-ef46-4347-83e7-41dae5e5f7f9	4f481558-09e0-4b70-bb23-3d786d382390	1
acfec4cb-ce16-40bc-b075-f7c689433f01		200	2023-10-21 14:11:14.029959+01	2023-10-21 14:11:14.029975+01	90c153ae-ef46-4347-83e7-41dae5e5f7f9	b97f07c8-673a-4664-9f4c-c079faa9e981	1
0d917465-7df6-4520-bfcc-e42c15235090		70	2023-10-21 14:11:14.045953+01	2023-10-21 14:11:14.04597+01	90c153ae-ef46-4347-83e7-41dae5e5f7f9	91bc1c29-071c-4b4c-b0d4-44f4f31b5f20	1
80e16f58-d22b-4f46-a3c0-3d9aea2819a0		150	2023-10-21 14:11:14.058346+01	2023-10-21 14:11:14.058362+01	90c153ae-ef46-4347-83e7-41dae5e5f7f9	1e9d8e0f-1af8-47d3-b871-fde847ceb0bf	1
a5034a70-f986-4433-b4fb-5c73125024d1		30	2023-10-21 14:21:05.406702+01	2023-10-21 14:21:05.406719+01	eced37b3-1545-45d8-a719-eb079bc3b9d1	6b4ed45f-4fb7-49b1-8801-6f82aa1d4375	1
5965cfa9-565c-41c5-96cc-469834a20120		120	2023-10-21 14:25:12.872768+01	2023-10-21 14:25:12.872783+01	7b879ed0-1fad-4af1-8559-ebdae3155b86	dc1c65ae-2429-440e-a9d7-8704f85002fa	1
534daffa-fd0f-4104-b71c-cd94d2688a2a		40	2023-10-21 14:31:35.377997+01	2023-10-21 14:31:35.378011+01	e622b305-464e-4449-826c-9e4b161bbda8	682a020a-aeb3-4a65-8812-dc0462e30a24	1
4e09f576-6de5-4f61-968a-f8a303b36f11		30	2023-10-21 14:37:37.259443+01	2023-10-21 14:37:37.259473+01	c32c0390-c21a-45e0-9d92-aeec4f51b115	f5f394a8-abcb-4a09-adb8-cfa3276c10a5	1
1107affe-3528-4ba2-8e8b-306a7b8f9b8b		20	2023-10-21 14:37:37.269112+01	2023-10-21 14:37:37.269128+01	c32c0390-c21a-45e0-9d92-aeec4f51b115	67a1481b-a1b3-4011-8699-3f39eca8bc71	1
aa229342-5aef-4812-934e-efb8ee289521		50	2023-10-21 14:45:32.902589+01	2023-10-21 14:45:32.902604+01	d20634a8-3fda-4dcd-964b-fe9148037c2f	8fb4d722-b63f-4a4f-b5b5-26ad27e87e49	1
61d6b441-208f-4c0d-8efd-814d7230b94f		50	2023-10-21 14:45:32.912484+01	2023-10-21 14:45:32.9125+01	d20634a8-3fda-4dcd-964b-fe9148037c2f	8fb4d722-b63f-4a4f-b5b5-26ad27e87e49	1
16ac06c6-7171-4e02-b932-d3917c4c24b6		35	2023-10-21 14:45:32.920518+01	2023-10-21 14:45:32.920531+01	d20634a8-3fda-4dcd-964b-fe9148037c2f	8fb4d722-b63f-4a4f-b5b5-26ad27e87e49	1
137ca713-6d65-4540-99c6-60cb994efc0f		30	2023-10-21 14:45:32.928441+01	2023-10-21 14:45:32.928456+01	d20634a8-3fda-4dcd-964b-fe9148037c2f	79ea2e0d-2757-41f5-977a-353411143c42	1
a2834219-8806-4a96-b07b-a01b15f5c7fa		5	2023-10-21 14:45:32.936403+01	2023-10-21 14:45:32.936419+01	d20634a8-3fda-4dcd-964b-fe9148037c2f	79ea2e0d-2757-41f5-977a-353411143c42	1
02914183-411f-4fa8-9f40-246a5ac0fe6f		90	2023-10-21 14:45:32.944523+01	2023-10-21 14:45:32.94454+01	d20634a8-3fda-4dcd-964b-fe9148037c2f	1998416f-0b8c-4b87-bd1c-01ec5d58f746	1
f47cfded-4a2c-4f49-82b7-8b11cfdc91e1		50	2023-10-21 14:45:32.953535+01	2023-10-21 14:45:32.953553+01	d20634a8-3fda-4dcd-964b-fe9148037c2f	0d0535e4-11ac-4a28-8c28-edfd6028b927	1
12d8ce82-ba22-473b-af90-9f407086f90a		50	2023-10-21 14:46:05.385774+01	2023-10-21 14:46:05.38579+01	490e266f-e985-4f2b-9ba3-957a47635076	43a88bd2-6356-4b14-a931-c585e11da701	1
2d80476a-e263-44bb-a850-2d5b179d95e1		70	2023-10-21 14:56:03.786855+01	2023-10-21 14:56:03.786868+01	3dfba6c9-cd3d-43f4-b0d6-6f8de51ce035	5a57ad32-b6e0-439c-b254-45c40994bfa5	1
d9635921-a676-4d00-9f90-37471dd18498		90	2023-10-21 14:56:03.796383+01	2023-10-21 14:56:03.7964+01	3dfba6c9-cd3d-43f4-b0d6-6f8de51ce035	91bc1c29-071c-4b4c-b0d4-44f4f31b5f20	1
f7ed9199-c132-4d87-bb93-a273738d5e0c		250	2023-10-21 15:40:01.339302+01	2023-10-21 15:40:01.339317+01	a6f95fb3-e2e8-4be5-aab5-49a1d6195fa1	412e2b36-b967-4f95-bcd3-b68fc2d31cc9	1
84d90567-34b5-4346-ab49-abee71f50af6		100	2023-10-21 15:40:01.34835+01	2023-10-21 15:40:01.348366+01	a6f95fb3-e2e8-4be5-aab5-49a1d6195fa1	b6431602-149c-4a13-94b6-10bb2b9d7595	1
e96d47e7-935c-4707-8464-de0c3ba992ef		150	2023-10-21 15:40:01.356484+01	2023-10-21 15:40:01.356501+01	a6f95fb3-e2e8-4be5-aab5-49a1d6195fa1	20cc9ba0-f2a0-4400-9547-5c888877be81	1
515bb733-8cbf-4446-8d8f-9c86511d03f1		450	2023-10-21 15:42:18.260582+01	2023-10-21 15:42:18.260596+01	fb834831-9ac2-419e-863c-6eb3337ec70a	70571738-5c33-493e-b09b-499dd5596e49	1
2e1a5ae0-d11e-48e3-83f2-b3c5748988e9		70	2023-10-22 19:28:22.210203+01	2023-10-22 19:28:22.210216+01	412f1288-4752-4c39-9302-c43331e48617	599156db-ad6d-4bac-b1a1-e41af22061f7	1
67e3bf7a-53ca-4be2-88b9-70724591e392		10	2023-10-22 19:28:22.219519+01	2023-10-22 19:28:22.219533+01	412f1288-4752-4c39-9302-c43331e48617	599156db-ad6d-4bac-b1a1-e41af22061f7	1
6232b40c-40d9-427c-b8e2-745aa1afa0b9		60	2023-10-22 19:28:22.227596+01	2023-10-22 19:28:22.227612+01	412f1288-4752-4c39-9302-c43331e48617	599156db-ad6d-4bac-b1a1-e41af22061f7	1
6e98b8ad-f455-4d50-9827-adac259794fb		15	2023-10-22 19:28:22.235671+01	2023-10-22 19:28:22.235684+01	412f1288-4752-4c39-9302-c43331e48617	599156db-ad6d-4bac-b1a1-e41af22061f7	1
2d3305fc-1013-42f2-be2f-839855739653		25	2024-02-05 17:09:00.866639+00	2024-02-05 17:09:00.866661+00	16657991-e53c-4b8c-a012-2121a31935c3	1cd6b019-3410-4de7-a09e-2cae19c46935	1
a084c725-a70e-4fa4-9d5a-ffb84cfa3bef		35	2024-02-05 17:09:00.886535+00	2024-02-05 17:09:00.886557+00	16657991-e53c-4b8c-a012-2121a31935c3	1cd6b019-3410-4de7-a09e-2cae19c46935	1
ccb8f523-031d-413d-a793-3e7d4bdba010		20	2024-02-05 17:09:00.895149+00	2024-02-05 17:09:00.895171+00	16657991-e53c-4b8c-a012-2121a31935c3	92844628-0a12-4fd3-98f2-d118aceaaee3	1
c9bda800-a38b-4f11-9950-4a031fe640f0		20	2024-02-05 20:15:05.745653+00	2024-02-05 20:15:05.745669+00	9329c678-3375-4fac-aeab-0159a38de3f9	92844628-0a12-4fd3-98f2-d118aceaaee3	1
b3abbd9b-f9a0-46b4-8869-edffee3c623d		35	2024-02-05 20:15:05.756595+00	2024-02-05 20:15:05.756611+00	9329c678-3375-4fac-aeab-0159a38de3f9	1cd6b019-3410-4de7-a09e-2cae19c46935	1
552f964f-2158-4ed4-9568-a8937f1c1ca2		23	2024-02-25 15:58:10.649268+00	2024-02-25 15:58:10.649293+00	bdc009bd-0dce-4a42-9308-de9af1581f4d	c5c7f262-d7e0-40f6-a614-6dac56b546a7	1
5030621f-a5ae-4868-94e8-0ad3c4c84dcd		28	2024-02-25 15:58:10.68361+00	2024-02-25 15:58:10.683628+00	bdc009bd-0dce-4a42-9308-de9af1581f4d	95b67d8c-843e-49df-9155-1cbd0188d78c	1
\.


--
-- Data for Name: bazaar_seller; Type: TABLE DATA; Schema: public; Owner: c1losa
--

COPY public.bazaar_seller (id, nickname, name, email, phone, notes, is_active, is_no_fees_default, x_created, x_modified, x_user_id, default_identifier) FROM stdin;
219344a2-4772-444e-a543-d5407820950f	Lenka Veselá	Lenka Veselá				t	f	2023-10-18 19:18:36.434378+01	2023-10-18 19:18:36.434378+01	1	1
084882f9-203b-4858-85a0-21e1fc49ef24	Jana Malinová	Jana Malinová				t	f	2023-10-18 19:18:36.574107+01	2023-10-18 19:18:36.574107+01	1	2
3fe0e836-08ca-4d8e-958b-a145779fb337	Ilona Mokrejšová 	Ilona Mokrejšová 				t	f	2023-10-18 19:18:36.854265+01	2023-10-18 19:18:36.854265+01	1	3
18f8c726-2a29-46e7-8016-1a2fdbdae533	Pavla Ocvirková	Pavla Ocvirková				t	f	2023-10-18 19:18:37.114537+01	2023-10-18 19:18:37.114537+01	1	4
4fa36a57-200b-4aa2-9cca-d59fa253c2be	Jana Mádrová 	Jana Mádrová 				t	f	2023-10-18 19:18:37.314024+01	2023-10-18 19:18:37.314024+01	1	5
8a00330d-c9bf-40f7-9106-30894740c304	Martina Křepelková	Martina Křepelková				t	f	2023-10-18 19:18:37.454408+01	2023-10-18 19:18:37.454408+01	1	6
23a044cf-5a77-4271-b0fb-61820eb84bcf	Pavla Polomíková	Pavla Polomíková				t	f	2023-10-18 19:18:37.654305+01	2023-10-18 19:18:37.654305+01	1	7
3d2500dd-a2a2-4425-8eda-8953ed1dc626	Pavla Rozsypalová	Pavla Rozsypalová				t	f	2023-10-18 19:18:37.814238+01	2023-10-18 19:18:37.814238+01	1	8
0a0ba789-90a4-498a-bab8-643237a99087	Petra Balcarkova 	Petra Balcarkova 				t	f	2023-10-18 19:18:38.009067+01	2023-10-18 19:18:38.009067+01	1	9
7dc8b781-36c1-4db8-bb38-f5162e6e1421	Věra Doležalová 	Věra Doležalová 				t	f	2023-10-18 19:18:38.334415+01	2023-10-18 19:18:38.334415+01	1	10
a243a0db-2501-4b1c-9fae-380519a416ca	Iveta Vozárová 	Iveta Vozárová 				t	f	2023-10-18 19:18:38.594291+01	2023-10-18 19:18:38.594291+01	1	11
02602a30-32cb-4c5e-ad90-735699f2bbec	Petra Fráňová	Petra Fráňová				t	f	2023-10-18 19:18:38.91422+01	2023-10-18 19:18:38.91422+01	1	12
1277fa68-403a-4517-b7d4-0e16ee79643b	Zuzana gajdova	Zuzana gajdova				t	f	2023-10-18 19:18:39.094283+01	2023-10-18 19:18:39.094283+01	1	13
0cb2604b-57da-4ab1-939c-04589082b887	Jana Suchánková	Jana Suchánková				t	f	2023-10-18 19:18:39.334165+01	2023-10-18 19:18:39.334165+01	1	14
bf1a835f-d060-4a8b-a7d8-ea57f81b9a8d	Jindra Horáková	Jindra Horáková				t	f	2023-10-18 19:18:39.594247+01	2023-10-18 19:18:39.594247+01	1	15
1fd1c41e-2629-480f-97f1-cceefd760853	Lenka Kociánová	Lenka Kociánová				t	f	2023-10-18 19:18:39.834169+01	2023-10-18 19:18:39.834169+01	1	16
8ab87bb6-1af9-459b-b8a6-9c9af397560d	Gabriela Horníčková	Gabriela Horníčková				t	f	2023-10-18 19:18:40.014129+01	2023-10-18 19:18:40.014129+01	1	17
efdca923-0fb0-4c6b-a920-8e2f10128fdc	Monika Sedláčková	Monika Sedláčková				t	f	2023-10-18 19:18:40.199388+01	2023-10-18 19:18:40.199388+01	1	18
2599b1ae-7e2c-455b-af45-8b6c1b950395	Barbora Dofková	Barbora Dofková				t	f	2023-10-18 19:18:40.394097+01	2023-10-18 19:18:40.394097+01	1	19
9a91de4a-a9c6-4527-baea-f98eb329f24f	Martina Zámečníková	Martina Zámečníková				t	f	2023-10-18 19:18:40.614273+01	2023-10-18 19:18:40.614273+01	1	20
b591674a-3770-4c8a-925a-eb7fe2d1b11d	Jitka Štipčáková 	Jitka Štipčáková 				t	f	2023-10-18 19:18:40.794295+01	2023-10-18 19:18:40.794295+01	1	21
2da299cb-6ac7-4043-be30-87a05aff6d54	Jitka Králová	Jitka Králová				t	f	2023-10-18 19:18:40.934396+01	2023-10-18 19:18:40.934396+01	1	22
aca6146e-fce6-42d0-a12a-3b56600c5d3b	Veronika Buksová	Veronika Buksová				t	f	2023-10-18 19:18:41.139444+01	2023-10-18 19:18:41.139444+01	1	23
797578f1-d765-423a-9ad2-4a4285ce76a7	Gabriela Hamplová,Kováčiková 	Gabriela Hamplová,Kováčiková 				t	f	2023-10-18 19:18:41.294078+01	2023-10-18 19:18:41.294078+01	1	24
cacdedce-875a-4be8-bcfd-d95274f743da	Věra Šinclová	Věra Šinclová				t	f	2023-10-18 19:18:41.659245+01	2023-10-18 19:18:41.659245+01	1	25
a73c0a6d-efbb-4c21-a66b-1366453e04d1	Iveta Grigárková	Iveta Grigárková				t	f	2023-10-18 19:18:41.814825+01	2023-10-18 19:18:41.814825+01	1	26
cc3d50e8-c4c7-4f69-b3e2-2b837e9f5f32	Eva Holarová	Eva Holarová				t	f	2023-10-18 19:18:41.994307+01	2023-10-18 19:18:41.994307+01	1	27
e5272122-7466-4840-a43e-3c86c09263f1	Lucie Smékalová 	Lucie Smékalová 				t	f	2023-10-18 19:18:42.23454+01	2023-10-18 19:18:42.23454+01	1	28
54d26b4a-9c98-4c41-b9c4-06d7ef71e225	Eva Škopová	Eva Škopová				t	f	2023-10-18 19:18:42.394015+01	2023-10-18 19:18:42.394015+01	1	29
9a657900-9998-4b58-9f7d-3118d69ecdba	Denisa Jónová 	Denisa Jónová 				t	f	2023-10-18 19:18:42.524376+01	2023-10-18 19:18:42.524376+01	1	30
fc0aed9e-253a-48b3-bf85-660c997f49c9	Denisa Kamlarová 	Denisa Kamlarová 				t	f	2023-10-18 19:18:42.704063+01	2023-10-18 19:18:42.704063+01	1	31
8fc104eb-0938-4cf1-844f-c3ffc083f933	Lucie Žilková	Lucie Žilková				t	f	2023-10-18 19:18:42.953956+01	2023-10-18 19:18:42.953956+01	1	32
4385e334-d6dc-456a-a90c-6df03e63b87f	Kamila Zifčáková	Kamila Zifčáková				t	f	2023-10-18 19:18:43.114258+01	2023-10-18 19:18:43.114258+01	1	33
24ccb31b-f714-4b91-809b-8ffd2d955917	Petra Vítková	Petra Vítková				t	f	2023-10-18 19:18:43.415023+01	2023-10-18 19:18:43.415023+01	1	34
b5b0ef31-fa17-4f5b-a241-8715ead2f017	Zdeňka Kadlčíková	Zdeňka Kadlčíková				t	f	2023-10-18 19:18:43.624027+01	2023-10-18 19:18:43.624027+01	1	35
3e304446-4aec-48f1-9abc-0047310f76c3	Dagmar Malínková	Dagmar Malínková				t	f	2023-10-18 19:18:43.754303+01	2023-10-18 19:18:43.754303+01	1	36
c0aa39b3-3aed-4583-870e-71eb7b4f9491	Radka Šmídová	Radka Šmídová				t	f	2023-10-18 19:18:43.914089+01	2023-10-18 19:18:43.914089+01	1	37
179431a5-d0d2-4182-a004-fc863f421730	Hana Brožová	Hana Brožová				t	f	2023-10-18 19:18:44.133999+01	2023-10-18 19:18:44.133999+01	1	38
1d130a52-4e91-4c04-85b5-1dd5abcfcdca	Veronika Fišrová	Veronika Fišrová				t	f	2023-10-18 19:18:44.314603+01	2023-10-18 19:18:44.314603+01	1	39
082b6b6c-e4ec-4fbf-9ede-0b04ed195b5e	Simona Frantíková	Simona Frantíková				t	f	2023-10-18 19:18:44.614562+01	2023-10-18 19:18:44.614562+01	1	40
e3560434-8ea8-4c99-ad3f-1a29ac7f813f	Eva Vidličková	Eva Vidličková				t	f	2023-10-18 19:18:44.79484+01	2023-10-18 19:18:44.79484+01	1	41
c000d374-31f3-40cc-b558-19e6c688e723	Jana Vítková	Jana Vítková				t	f	2023-10-18 19:18:45.114117+01	2023-10-18 19:18:45.114117+01	1	42
0d9889cd-345f-4d14-83e8-31b8a4773bc2	Markéta Procházková	Markéta Procházková				t	f	2023-10-18 19:18:45.273981+01	2023-10-18 19:18:45.273981+01	1	43
74e3e086-30ef-45f7-8526-2f402ceeb13d	Bohdana Rudická	Bohdana Rudická				t	f	2023-10-18 19:18:45.424856+01	2023-10-18 19:18:45.424856+01	1	44
f7e6af3f-eead-4692-977b-2a23a4c42187	Šárka Dobrozemská	Šárka Dobrozemská				t	f	2023-10-18 19:18:45.574858+01	2023-10-18 19:18:45.574858+01	1	45
adcc22aa-ee09-442d-a89e-02b8da2139a0	Zuzana Šínová	Zuzana Šínová				t	f	2023-10-18 19:18:45.714056+01	2023-10-18 19:18:45.714056+01	1	46
7e039e2a-98a7-45a7-8958-8015c1f440e2	Veronika Ošťádalová 	Veronika Ošťádalová 				t	f	2023-10-18 19:18:46.033996+01	2023-10-18 19:18:46.033996+01	1	47
90664263-fcec-4be5-af4a-912aed9baac6	Zuzana Koutná	Zuzana Koutná				t	f	2023-10-18 19:18:46.234163+01	2023-10-18 19:18:46.234163+01	1	48
06a20e0a-f952-4733-b032-70afc8362474	Alena Dokoupilová 	Alena Dokoupilová 				t	f	2023-10-18 19:18:46.414154+01	2023-10-18 19:18:46.414154+01	1	49
6d393426-d133-42f2-ae70-6af863fbb08e	Michaela Tkáčová	Michaela Tkáčová				t	f	2023-10-18 19:18:46.574298+01	2023-10-18 19:18:46.574298+01	1	50
f5958812-b3ca-41c7-9ca8-7faa5be78d14	Barbora Slouková 	Barbora Slouková 				t	f	2023-10-18 19:18:46.734582+01	2023-10-18 19:18:46.734582+01	1	51
02ee66c6-e498-4f31-8302-0545b75e2e42	Denisa Galásková 	Denisa Galásková 				t	f	2023-10-18 19:18:47.05402+01	2023-10-18 19:18:47.05402+01	1	52
20c68f3e-ce43-4558-80e7-01b59289df33	Lucie Mikešková	Lucie Mikešková				t	f	2023-10-18 19:18:47.254194+01	2023-10-18 19:18:47.254194+01	1	53
0fe666ad-354f-4a0b-9e56-958ff5b8c51f	Dagmar Hanelová	Dagmar Hanelová				t	f	2023-10-18 19:18:47.494026+01	2023-10-18 19:18:47.494026+01	1	54
5a9c9920-5a12-4455-9f8c-0d52f50f9394	Radka Opluštilová	Radka Opluštilová				t	f	2023-10-18 19:18:47.714428+01	2023-10-18 19:18:47.714428+01	1	55
a3704cc6-54fb-4ad8-a4e5-240a8ad81cca	Eliška Novotná	Eliška Novotná				t	f	2023-10-18 19:18:47.93502+01	2023-10-18 19:18:47.93502+01	1	56
592ef8ba-693d-4825-882d-f13e99551dc8	Šárka Halfarová 	Šárka Halfarová 				t	f	2023-10-18 19:18:48.23445+01	2023-10-18 19:18:48.23445+01	1	57
cee3e4bb-b0c3-429d-ac42-c3335dc1439f	Veronika Vitoulová 	Veronika Vitoulová 				t	f	2023-10-18 19:18:48.414532+01	2023-10-18 19:18:48.414532+01	1	58
e937bb7b-1982-4541-9d44-ecc5e0f37eaa	Jana Peřinová 	Jana Peřinová 				t	f	2023-10-18 19:18:48.738962+01	2023-10-18 19:18:48.738962+01	1	59
918de9cd-5de9-49ec-aeb6-af049d6115af	Markéta Halouzková	Markéta Halouzková				t	f	2023-10-18 19:18:49.499624+01	2023-10-18 19:18:49.499624+01	1	61
728342e4-9edc-407d-bd3a-b215e8047290	Klára Svozilová 	Klára Svozilová 				t	f	2023-10-18 19:18:49.674217+01	2023-10-18 19:18:49.674217+01	1	62
04c144b6-31f5-4d04-bef9-548db197ddb1	Katarína Nováková	Katarína Nováková				t	f	2023-10-18 19:18:49.834037+01	2023-10-18 19:18:49.834037+01	1	63
e746d432-3d05-4077-83bd-6e9b47e93adf	Andrea Žiláková 	Andrea Žiláková 				t	f	2023-10-18 19:18:50.014301+01	2023-10-18 19:18:50.014301+01	1	65
ca52bba3-1db5-4e63-a566-bcb49065d9ac	Veronika Šálková 	Veronika Šálková 				t	f	2023-10-18 19:18:50.254323+01	2023-10-18 19:18:50.254323+01	1	66
7bf2b394-33be-438f-870d-91fd8d507c5b	Martin Vidlář	Martin Vidlář				t	f	2023-10-18 19:18:50.434367+01	2023-10-18 19:18:50.434367+01	1	67
8eb11a8c-3256-43dd-8b3b-c0038adcdce1	Petra Schwarzerová	Petra Schwarzerová				t	f	2023-10-18 19:18:50.573898+01	2023-10-18 19:18:50.573898+01	1	68
8707292e-5371-4acf-b509-b5814894f926	Kateřina Svozilová 	Kateřina Svozilová 				t	f	2023-10-18 19:18:50.713859+01	2023-10-18 19:18:50.713859+01	1	69
e73d4a8d-310f-4015-99b7-12594fcbb2a7	Tereza Holoubková	Tereza Holoubková				t	f	2023-10-18 19:18:50.914048+01	2023-10-18 19:18:50.914048+01	1	70
cdbc33f5-64d2-4450-aa2d-7fa16dedfd11	Zuzana Šenková	Zuzana Šenková				t	f	2023-10-18 19:18:51.053938+01	2023-10-18 19:18:51.053938+01	1	71
6b915b60-fa89-4d39-906c-1a4d5ae8c9d0	Šárka Popelková	Šárka Popelková				t	f	2023-10-18 19:18:51.274394+01	2023-10-18 19:18:51.274394+01	1	72
6dd1f0e5-cd0a-49c1-b1c6-aaa2502fb0f4	Lucie Losová 	Lucie Losová 				t	f	2023-10-18 19:18:51.414251+01	2023-10-18 19:18:51.414251+01	1	73
b8ed548f-fa62-43ac-a999-99bf392f03e0	Tereza Müllerová	Tereza Müllerová				t	f	2023-10-18 19:18:51.593995+01	2023-10-18 19:18:51.593995+01	1	74
3c7b78ae-28d2-4ff1-a88f-cacfe9b0bd89	Kristýna Bučíková	Kristýna Bučíková				t	f	2023-10-18 19:18:51.75408+01	2023-10-18 19:18:51.75408+01	1	75
b167a12d-daab-4b4c-a344-fdd7d40afac9	Kamila Kubínová	Kamila Kubínová				t	f	2023-10-18 19:18:51.954177+01	2023-10-18 19:18:51.954177+01	1	76
dc10fe45-21b6-49ac-a4bb-80cd85b709ed	Barbora Karhanova	Barbora Karhanova				t	f	2023-10-18 19:18:52.21404+01	2023-10-18 19:18:52.21404+01	1	77
d734b6be-7886-492b-8bea-95b74b3cf58a	Jarmila Navrátilová	Jarmila Navrátilová				t	f	2023-10-18 19:18:52.354309+01	2023-10-18 19:18:52.354309+01	1	78
54e5ba0b-70eb-4f5f-a1df-34b4b077fd79	Jana Fojtíková	Jana Fojtíková				t	f	2023-10-18 19:18:52.534582+01	2023-10-18 19:18:52.534582+01	1	79
898c0238-505a-42a1-84c6-8f9681d3bd18	Věra Špundová	Věra Špundová				t	f	2023-10-18 19:18:52.744321+01	2023-10-18 19:18:52.744321+01	1	81
a0434e29-2c51-4528-836f-3725e2641e6d	Michaela Čepová	Michaela Čepová				t	f	2023-10-18 19:18:52.894116+01	2023-10-18 19:18:52.894116+01	1	82
81228834-0eb1-4af9-a093-eadcdfa64076	Tereza Chodilová 	Tereza Chodilová 				t	f	2023-10-18 19:18:53.104033+01	2023-10-18 19:18:53.104033+01	1	83
93c800ca-da4a-4414-a03b-00cc60977ad6	Jitka Čepová	Jitka Čepová				t	f	2023-10-18 19:18:53.25399+01	2023-10-18 19:18:53.25399+01	1	84
85b702d3-be71-4980-90c3-48971d840409	Lucia Vagnerová	Lucia Vagnerová				t	f	2023-10-18 19:18:53.368938+01	2023-10-18 19:18:53.368938+01	1	85
e7a72261-cbfe-40ff-ac65-af62dbda9a43	Monika Vraštilová	Monika Vraštilová				t	f	2023-10-18 19:18:53.514295+01	2023-10-18 19:18:53.514295+01	1	86
52c7ebf9-e3dd-4f83-b2ae-603ff7bcc4f9	Pavla Funková	Pavla Funková				t	f	2023-10-18 19:18:53.65403+01	2023-10-18 19:18:53.65403+01	1	87
491d98f0-0a54-4749-9a58-ab415243c6a8	Pavla Večeřová	Pavla Večeřová				t	f	2023-10-18 19:18:53.809128+01	2023-10-18 19:18:53.809128+01	1	88
ff565a2a-0dc9-4e85-b518-1ae4374bd3f0	Kateřina Růžičková	Kateřina Růžičková				t	f	2023-10-18 19:18:53.973905+01	2023-10-18 19:18:53.973905+01	1	89
0f59f549-ff53-4a67-ac8d-0cc4d249850f	Martina Božakova 	Martina Božakova 				t	f	2023-10-18 19:18:54.115047+01	2023-10-18 19:18:54.115047+01	1	90
6fe1df0b-6a51-4e97-9fe4-1123279a6791	Lenka Gebelová	Lenka Gebelová				t	f	2023-10-18 19:18:54.314434+01	2023-10-18 19:18:54.314434+01	1	91
fd5f85bf-c3d2-4311-a540-e7c47562f6f1	Zuzana Jeřábková	Zuzana Jeřábková				t	f	2023-10-18 19:18:54.474179+01	2023-10-18 19:18:54.474179+01	1	92
609ad555-71fa-414f-b534-1cd394962902	Jana Vyroubalová	Jana Vyroubalová				t	f	2023-10-18 19:18:54.754362+01	2023-10-18 19:18:54.754362+01	1	93
f7964108-2a04-459e-9152-105491f522f8	Věrka Königová 	Věrka Königová 				t	f	2023-10-18 19:18:56.154666+01	2023-10-18 19:18:56.154666+01	1	94
2710bd03-c5c7-40a5-92d0-00ab6ca04350	Lucie Zapletalová 	Lucie Zapletalová 				t	f	2023-10-18 19:18:56.314679+01	2023-10-18 19:18:56.314679+01	1	95
b9176af1-c85b-49cb-8c89-9763263c9021	Kristina Foltýnová 	Kristina Foltýnová 				t	f	2023-10-18 19:18:56.46402+01	2023-10-18 19:18:56.46402+01	1	96
8ef86fd5-33ba-494c-883c-5f57e63dbb47	Petra Tůmova	Petra Tůmova				t	f	2023-10-18 19:18:56.594307+01	2023-10-18 19:18:56.594307+01	1	97
b91b8db4-20a2-4bbd-b08f-483b60cc9ea8	Vendula Fišerová	Vendula Fišerová				t	f	2023-10-18 19:18:56.719002+01	2023-10-18 19:18:56.719002+01	1	98
f3e66248-3654-4b95-a843-c7731f5e75b8	Jana Dvořáčková	Jana Dvořáčková				t	f	2023-10-18 19:18:56.883905+01	2023-10-18 19:18:56.883905+01	1	99
97452bc8-5914-4f9c-af16-53ec8a080f0c	Petra Drexlerová	Petra Drexlerová				t	f	2023-10-18 19:18:56.993986+01	2023-10-18 19:18:56.993986+01	1	100
f07b0d5f-a444-458d-8a56-545b941cc3b0	Eva Krejčová	Eva Krejčová				t	f	2023-10-18 19:18:57.114856+01	2023-10-18 19:18:57.114856+01	1	101
294c25f1-4a4e-4fa4-bf7a-f16e2c6b6512	Jana Dvořáčková2	Jana Dvořáčková2				t	f	2023-10-18 19:28:53.192817+01	2023-10-18 19:28:53.192817+01	1	102
70dd68c3-5d23-449a-9ad0-ee4b4f3efd7d	Kateřina Skrutková	Kateřina Skrutková				t	f	2023-10-18 19:28:53.39228+01	2023-10-18 19:28:53.39228+01	1	103
5a02d6e9-0f57-4f1a-8115-321df492cfa0	učitelky ze školy	učitelky ze školy				t	f	2023-10-18 19:28:53.532171+01	2023-10-18 19:28:53.532171+01	1	104
bfd97b91-e895-4088-8eb1-0b50b0b8df04	Petra Trundová	Petra Trundová				t	f	2023-10-18 19:28:53.691987+01	2023-10-18 19:28:53.691987+01	1	105
2708f256-2a2e-40ed-a499-8169905c4b54	Lucie Novotná	Lucie Novotná				t	f	2023-10-18 19:28:53.857163+01	2023-10-18 19:28:53.857163+01	1	106
ca7296f0-55e7-4691-b221-b5f65f1ec3e3	Veronika Staňková	Veronika Staňková				t	f	2023-10-18 19:28:54.032056+01	2023-10-18 19:28:54.032056+01	1	107
d4d4faa9-76aa-4a2f-914c-019e63e29c1a	Jarmila Benešová	Jarmila Benešová				t	f	2023-10-18 19:28:54.261765+01	2023-10-18 19:28:54.261765+01	1	108
ba38d243-6e19-49a4-ade8-3a74dd360299	Milada Malcherová	Milada Malcherová				t	f	2023-10-21 10:57:50.820177+01	2023-10-21 10:57:50.820189+01	1	109
4bc409bb-7a9d-497e-be6a-8e5f07d649fb	Minaříková	Minaříková				t	f	2023-10-21 10:58:45.052526+01	2023-10-21 10:58:45.052535+01	1	111
4215caa9-5af7-46cd-9824-59f71c83c60b	Kateřina Dolénková	Kateřina Dolénková				t	f	2023-10-21 10:59:00.146273+01	2023-10-21 10:59:00.146282+01	1	112
df527e86-879a-4599-9b20-b12357038dc6	Ladislava Hufová	Ladislava Hufová				t	f	2023-10-21 11:13:29.488758+01	2023-10-21 11:13:29.488766+01	1	114
0e5d9c72-a26f-4c2d-b8ec-406d544154df	Renata Králová	Renata Králová				t	f	2023-10-21 11:14:41.330369+01	2023-10-21 11:14:41.330384+01	1	110
859cc0e3-c9d8-4f29-a5a4-18e81d3ada1b	Jana Vyskočilová	Jana Vyskočilová				t	f	2023-10-21 11:23:56.039106+01	2023-10-21 11:23:56.039114+01	1	80
37227efe-ece2-4eed-82e3-8f8d1cf21135	Eva Gabrlíková	Eva Gabrlíková				t	f	2023-10-21 11:25:13.121325+01	2023-10-21 11:25:13.121334+01	1	64
991dcee7-d3bf-4eea-9060-53c63767c09c	Karolína Obejdová	Karolína Obejdová				t	f	2023-10-21 11:26:54.526185+01	2023-10-21 11:26:54.526195+01	1	60
\.


--
-- Data for Name: django_admin_log; Type: TABLE DATA; Schema: public; Owner: c1losa
--

COPY public.django_admin_log (id, action_time, object_id, object_repr, action_flag, change_message, content_type_id, user_id) FROM stdin;
1	2023-09-13 20:39:41.046587+01	6e9b7c18-6e47-44b9-b381-f116261cc171	Bazarek podzim 2023 2023-09-21 08:00:00+02:00	1	[{"added": {}}]	8	1
2	2023-09-13 20:40:43.575264+01	15585263-947f-49ca-b40a-ad0bcb3cd040	Lůca	1	[{"added": {}}]	10	1
3	2023-09-13 20:40:55.471793+01	cb97c004-a6dc-417e-a369-0cf58c8e2b48	Bazarek podzim 2023 2023-09-21 06:00:00+00:00 - Lůca	1	[{"added": {}}]	9	1
4	2023-09-13 20:41:43.458615+01	9bce30c8-8e03-4ebb-bf7c-c0541abab23e	Petra	1	[{"added": {}}]	10	1
5	2023-09-13 20:43:44.919578+01	abbec43c-5ce1-4776-8e2e-9026a61e763c	Lenka	1	[{"added": {}}]	10	1
6	2023-09-13 20:43:59.452479+01	579e3b0a-8040-410b-9929-8ca66ea62286	Jitka	1	[{"added": {}}]	10	1
7	2023-09-13 20:44:22.677925+01	c0c9d335-322b-4487-9556-e8d1c009e522	Aneta Černá	1	[{"added": {}}]	10	1
8	2023-09-13 20:44:37.339676+01	4aa5808f-93e6-4da3-a45b-1928e0d59612	Kateřina Novotná	1	[{"added": {}}]	10	1
9	2023-09-13 20:52:19.334259+01	0adb3841-669d-4de4-825c-3b6ea920ae1e	Bazarek podzim 2023 2023-09-21 06:00:00+00:00 - Petra	1	[{"added": {}}]	9	1
10	2023-09-13 20:52:27.4001+01	d835a10d-4689-4c46-bb19-0c49fa75a77b	Bazarek podzim 2023 2023-09-21 06:00:00+00:00 - Lenka	1	[{"added": {}}]	9	1
11	2023-09-13 20:52:38.084307+01	776e3624-32c3-4a17-8d14-2784426514b6	Bazarek podzim 2023 2023-09-21 06:00:00+00:00 - Jitka	1	[{"added": {}}]	9	1
12	2023-09-13 20:52:49.292054+01	2afbf489-b6a6-4245-8364-71a405114131	Bazarek podzim 2023 2023-09-21 06:00:00+00:00 - Aneta Černá	1	[{"added": {}}]	9	1
13	2023-09-13 20:52:55.659139+01	a15fd5b5-d55b-4f95-aac6-f5c0d9c790bb	Bazarek podzim 2023 2023-09-21 06:00:00+00:00 - Lůca	1	[{"added": {}}]	9	1
14	2023-09-13 20:53:03.272781+01	7c53f31a-ebb1-4074-8fe0-fc554e2b6d14	Bazarek podzim 2023 2023-09-21 06:00:00+00:00 - Kateřina Novotná	1	[{"added": {}}]	9	1
15	2023-09-13 20:53:21.374055+01	a15fd5b5-d55b-4f95-aac6-f5c0d9c790bb	Bazarek podzim 2023 2023-09-21 06:00:00+00:00 - Lůca	3		9	1
16	2023-09-13 21:13:33.574229+01	2afbf489-b6a6-4245-8364-71a405114131	Bazarek podzim 2023 2023-09-21 06:00:00+00:00 - Aneta Černá	2	[]	9	1
17	2023-09-13 21:13:57.357813+01	d835a10d-4689-4c46-bb19-0c49fa75a77b	Bazarek podzim 2023 2023-09-21 06:00:00+00:00 - Lenka	3		9	1
18	2023-09-13 21:14:16.637356+01	4683df84-404d-4d94-a176-a66a921b9234	Bazarek podzim 2023 2023-09-21 06:00:00+00:00 - Lenka	1	[{"added": {}}]	9	1
19	2023-09-15 21:09:33.170572+01	d5975327-112f-466e-b2ee-67c609a86787	Barbora Malá	1	[{"added": {}}]	10	1
20	2023-09-15 21:10:01.573163+01	abbec43c-5ce1-4776-8e2e-9026a61e763c	Lenka	2	[]	10	1
21	2023-09-15 21:11:57.064408+01	4aa5808f-93e6-4da3-a45b-1928e0d59612	Kateřina Novotná	2	[]	10	1
22	2023-09-15 21:52:11.491246+01	4aa5808f-93e6-4da3-a45b-1928e0d59612	Kateřina Novotná	2	[]	10	1
23	2023-09-15 21:53:39.103924+01	1f93fa0d-4d21-4771-929d-2e06725352ce	Klaudie Světlá	1	[{"added": {}}]	10	1
24	2023-09-15 22:22:48.7003+01	2afbf489-b6a6-4245-8364-71a405114131	Bazarek podzim 2023 2023-09-21 06:00:00+00:00 - Aneta Černá	2	[{"changed": {"fields": ["Seller number (default setting)"]}}]	9	1
25	2023-09-15 22:23:16.744704+01	7c53f31a-ebb1-4074-8fe0-fc554e2b6d14	Bazarek podzim 2023 2023-09-21 06:00:00+00:00 - Kateřina Novotná	2	[{"changed": {"fields": ["Seller number (default setting)"]}}]	9	1
26	2023-09-15 22:23:28.662691+01	4683df84-404d-4d94-a176-a66a921b9234	Bazarek podzim 2023 2023-09-21 06:00:00+00:00 - Lenka	2	[{"changed": {"fields": ["Seller number (default setting)"]}}]	9	1
27	2023-09-15 22:23:39.559516+01	cb97c004-a6dc-417e-a369-0cf58c8e2b48	Bazarek podzim 2023 2023-09-21 06:00:00+00:00 - Lůca	2	[{"changed": {"fields": ["Seller number (default setting)"]}}]	9	1
28	2023-09-15 22:24:18.386549+01	0adb3841-669d-4de4-825c-3b6ea920ae1e	Bazarek podzim 2023 2023-09-21 06:00:00+00:00 - Petra	2	[{"changed": {"fields": ["Seller number (default setting)"]}}]	9	1
29	2023-09-19 12:47:28.958695+01	b04448d7-5de2-4a17-8a76-f81a8119a4e3	Bazárek děti jaro 2023 2023-05-12 08:00:00+02:00	1	[{"added": {}}]	8	1
30	2023-09-19 12:48:15.636803+01	15585263-947f-49ca-b40a-ad0bcb3cd040	Lucie	2	[{"changed": {"fields": ["Unique nickname - quick find", "Seller number (default setting)"]}}]	10	1
31	2023-09-19 12:48:26.059259+01	9bce30c8-8e03-4ebb-bf7c-c0541abab23e	Petra	2	[{"changed": {"fields": ["Seller number (default setting)"]}}]	10	1
32	2023-09-19 12:48:33.515607+01	abbec43c-5ce1-4776-8e2e-9026a61e763c	Lenka	2	[{"changed": {"fields": ["Seller number (default setting)"]}}]	10	1
33	2023-09-19 12:48:40.398192+01	579e3b0a-8040-410b-9929-8ca66ea62286	Jitka	2	[{"changed": {"fields": ["Seller number (default setting)"]}}]	10	1
34	2023-09-19 12:48:53.53861+01	c0c9d335-322b-4487-9556-e8d1c009e522	Aneta Černá	2	[{"changed": {"fields": ["Seller number (default setting)"]}}]	10	1
35	2023-09-19 12:49:02.998084+01	d5975327-112f-466e-b2ee-67c609a86787	Barbora Malá	2	[{"changed": {"fields": ["Seller number (default setting)"]}}]	10	1
36	2023-09-19 12:49:13.715591+01	4aa5808f-93e6-4da3-a45b-1928e0d59612	Kateřina Novotná	2	[{"changed": {"fields": ["Seller number (default setting)"]}}]	10	1
37	2023-09-19 12:50:05.611297+01	1f93fa0d-4d21-4771-929d-2e06725352ce	Klaudie Světlá	2	[{"changed": {"fields": ["Seller number (default setting)"]}}]	10	1
38	2023-09-19 12:50:34.057788+01	0adb3841-669d-4de4-825c-3b6ea920ae1e	Bazarek podzim 2023 2023-09-21 06:00:00+00:00 - Petra	2	[{"changed": {"fields": ["Seller identifier"]}}]	9	1
39	2023-09-19 12:51:39.577115+01	2afbf489-b6a6-4245-8364-71a405114131	Bazarek podzim 2023 2023-09-21 06:00:00+00:00 - Aneta Černá	2	[{"changed": {"fields": ["Seller identifier"]}}]	9	1
40	2023-09-19 12:52:01.435834+01	7c53f31a-ebb1-4074-8fe0-fc554e2b6d14	Bazarek podzim 2023 2023-09-21 06:00:00+00:00 - Kateřina Novotná	2	[{"changed": {"fields": ["Seller identifier"]}}]	9	1
41	2023-09-19 12:53:12.838196+01	190f1bd2-c4e0-4d54-af1c-30d45c70a00e	Bazárek děti jaro 2023 2023-05-12 06:00:00+00:00 - Klaudie Světlá	1	[{"added": {}}]	9	1
42	2023-09-19 12:53:29.775944+01	7f57e403-e896-439c-9c91-ac2477558981	Bazárek děti jaro 2023 2023-05-12 06:00:00+00:00 - Lucie	1	[{"added": {}}]	9	1
43	2023-09-19 12:53:45.454796+01	b3060f70-5bf8-4f12-ae75-8f91c602e7d1	Bazárek děti jaro 2023 2023-05-12 06:00:00+00:00 - Petra	1	[{"added": {}}]	9	1
44	2023-09-19 13:07:07.341566+01	776e3624-32c3-4a17-8d14-2784426514b6	Bazarek podzim 2023 2023-09-21 06:00:00+00:00 - Jitka	2	[{"changed": {"fields": ["No fees"]}}]	9	1
45	2023-09-19 13:12:45.074045+01	fc065d40-e58e-486d-9269-b5a81bc24dcf	A01	1	[{"added": {}}]	7	1
46	2023-09-19 13:13:05.113646+01	2ebf55db-e0f6-4abd-9a5e-a0d8f93489da	A02	1	[{"added": {}}]	7	1
47	2023-09-19 13:13:17.100308+01	fdd1fa32-58c4-4d32-b1ef-3440d7ddd181	B01	1	[{"added": {}}]	7	1
48	2023-09-19 13:13:28.273724+01	e701d325-6c40-4bd4-afad-c25b97c73101	B03	1	[{"added": {}}]	7	1
49	2023-09-19 13:13:41.813674+01	758c6826-4c6f-47c8-bb8b-7362b8bc0715	B04	1	[{"added": {}}]	7	1
50	2023-09-19 13:13:54.013916+01	4a3bfbda-b765-472c-9591-3831645d0eb7	C03	1	[{"added": {}}]	7	1
51	2023-09-19 13:14:57.41341+01	f371eede-577c-41f0-bc85-244629b63574	A01 Bazarek podzim 2023 2023-09-21 06:00:00+00:00 - Kateřina Novotná	1	[{"added": {}}]	11	1
52	2023-09-19 13:15:13.733682+01	47584fa4-c075-4844-8ecf-b1cbcdd49e2d	B01 Bazarek podzim 2023 2023-09-21 06:00:00+00:00 - Jitka	1	[{"added": {}}]	11	1
53	2023-09-19 13:15:36.776262+01	3bd5d660-446d-4bfe-a51c-80aa6d1abd75	B03 Bazarek podzim 2023 2023-09-21 06:00:00+00:00 - Lenka	1	[{"added": {}}]	11	1
54	2023-09-19 13:15:56.113681+01	d86ad408-5b9d-4b63-9362-9471f1ca08cc	C03 Bazarek podzim 2023 2023-09-21 06:00:00+00:00 - Lucie	1	[{"added": {}}]	11	1
55	2023-09-19 13:16:20.113491+01	a4722c24-1504-4327-ac72-dbbe92f5c69d	A01 Bazarek podzim 2023 2023-09-21 06:00:00+00:00 - Lenka	1	[{"added": {}}]	11	1
56	2023-09-19 13:16:37.138382+01	9bba6840-d24b-4d8b-b0f1-b81d4feff2fe	A01 Bazarek podzim 2023 2023-09-21 06:00:00+00:00 - Aneta Černá	1	[{"added": {}}]	11	1
57	2023-09-21 21:11:24.53481+01	c086f549-58cf-41a5-b0f9-bc315bf9b80b	Bazarek podzim 2023 2023-09-21 06:00:00+00:00 - Barbora Malá	1	[{"added": {}}]	9	1
58	2023-10-15 09:33:54.730596+01	4ce0146b-b9d4-4323-a23c-80769eb21f56	A0001	3		7	1
59	2023-10-15 09:33:54.798508+01	4ebd3554-ee4a-4aab-b6e7-1542a6a4057b	A1695325984.281999	3		7	1
60	2023-10-15 09:33:54.870802+01	a0b08746-05ba-4d6b-94b0-457423811e89	A1695326222.578911	3		7	1
61	2023-10-15 09:33:54.931506+01	5f8d931f-1ac1-482a-b35d-7d21c603c960	A1695326239.114739	3		7	1
62	2023-10-15 09:33:54.992836+01	eb6f4b08-feda-45ba-957e-75c00cbc43a1	A1695326286.871148	3		7	1
63	2023-10-15 09:33:55.050913+01	089c8c59-d6c9-44e1-8632-5bee1b251e29	A1695326981.094271	3		7	1
64	2023-10-15 09:33:55.233009+01	e50c6459-2b59-4397-8497-bb29c891359b	A1695327091.173515	3		7	1
65	2023-10-15 09:33:55.291862+01	ac842ffa-62a2-4647-8666-969776df2a23	A1695327645.294402	3		7	1
66	2023-10-15 09:33:55.410606+01	9a78e2ec-d67c-46e8-a17e-b3a0072cb740	A1695922225.139835	3		7	1
67	2023-10-15 09:33:55.570883+01	91fdfe38-086d-4b29-be9f-d09d81a5c2e4	A1695923017.670705	3		7	1
68	2023-10-16 20:34:14.099087+01	a9b542b8-c8fa-4824-8919-b8f0dab182cc	Bazarek podzim 2023 2023-09-21 06:00:00+00:00 - admin	1	[{"added": {}}]	12	1
69	2023-10-16 21:19:02.837544+01	ccf98f26-1e79-4565-908f-efc670e136f2	A0001	3		7	1
70	2023-10-16 21:19:02.908178+01	7b15459d-3742-4f41-b3d5-90ea5494d199	A0003	3		7	1
71	2023-10-16 21:19:02.944728+01	1859ff74-f996-4a74-b3fb-593a0ebf8d3c	A0004	3		7	1
72	2023-10-16 21:19:02.990138+01	9c443236-42bf-4275-bae6-434d94d9b814	A0005	3		7	1
73	2023-10-16 21:19:03.030724+01	dbecb51f-138c-4619-818f-ac7c5249e5e1	A0006	3		7	1
74	2023-10-16 21:19:03.109754+01	872ad55a-4a5e-45e4-b803-d3210e6d47e7	A0007	3		7	1
75	2023-10-16 21:19:03.163591+01	3514d3ca-d786-4c7b-8a8d-bdbef6d4da74	A0008	3		7	1
76	2023-10-16 21:19:03.213908+01	154eb197-0840-40e4-b48f-1e1fb61e3bc6	A0009	3		7	1
77	2023-10-16 21:43:22.612275+01	c0c9d335-322b-4487-9556-e8d1c009e522	Aneta Černá	3		10	1
78	2023-10-16 21:43:22.674178+01	d5975327-112f-466e-b2ee-67c609a86787	Barbora Malá	3		10	1
79	2023-10-16 21:43:22.735188+01	4aa5808f-93e6-4da3-a45b-1928e0d59612	Kateřina Novotná	3		10	1
80	2023-10-16 21:43:22.794251+01	1f93fa0d-4d21-4771-929d-2e06725352ce	Klaudie Světlá	3		10	1
81	2023-10-17 17:30:24.052429+01	923ef874-2857-4810-9ef4-4cdeb6d4aecb	Bazar dospělí podzim 2023 2023-10-20 08:30:00+02:00	1	[{"added": {}}]	8	1
82	2023-10-17 17:30:31.390902+01	6e9b7c18-6e47-44b9-b381-f116261cc171	Bazarek podzim 2023 2023-09-21 08:00:00+02:00	2	[{"changed": {"fields": ["Active", "Closed"]}}]	8	1
83	2023-10-17 17:30:53.495073+01	abbec43c-5ce1-4776-8e2e-9026a61e763c	Lenka Veselá	2	[{"changed": {"fields": ["Unique nickname - quick find"]}}]	10	1
84	2023-10-17 17:31:24.910705+01	c581510b-3d74-45bf-ad1a-e2263653dca2	Jana Malinová	1	[{"added": {}}]	10	1
85	2023-10-17 17:31:50.378917+01	0fcbaf5d-4ab5-4c35-8378-7c1c6c90d804	Ilona Mokrejšová	1	[{"added": {}}]	10	1
86	2023-10-17 17:32:02.489212+01	fe2f846b-c60f-4465-b77c-6b2c11e22a55	Pavla Ocvirková	1	[{"added": {}}]	10	1
87	2023-10-17 17:32:06.448008+01	0fcbaf5d-4ab5-4c35-8378-7c1c6c90d804	Ilona Mokrejšová	2	[{"changed": {"fields": ["No fees (default setting)"]}}]	10	1
88	2023-10-17 17:32:10.719521+01	abbec43c-5ce1-4776-8e2e-9026a61e763c	Lenka Veselá	2	[]	10	1
89	2023-10-17 17:32:22.584183+01	53da1796-2c27-4c4a-87e3-648a0e600d5d	Jana Mádrová	1	[{"added": {}}]	10	1
90	2023-10-17 17:32:34.216611+01	f9879823-b843-44ae-8b3b-915acc39dc58	Martina Křepelková	1	[{"added": {}}]	10	1
91	2023-10-17 17:32:45.428269+01	08b3cf51-0468-4240-84ca-6cc76f3158fc	Pavla Polomíková	1	[{"added": {}}]	10	1
92	2023-10-17 17:32:58.832881+01	d3b54dce-2b10-45e1-9902-b880e407029e	Pavla Rozsypalová	1	[{"added": {}}]	10	1
93	2023-10-17 17:33:14.469172+01	ba0b63a9-f64b-41a2-a124-956dce37a94e	Petra Balcarkova	1	[{"added": {}}]	10	1
94	2023-10-17 17:33:28.306923+01	20fe96e5-35f5-4f24-9792-160606abfdce	Věra Doležalová	1	[{"added": {}}]	10	1
95	2023-10-17 17:33:39.614979+01	ff211f75-4b39-4bb1-a8b9-e7e749ff64fb	Iveta Vozarová	1	[{"added": {}}]	10	1
96	2023-10-17 17:33:48.785177+01	9bce30c8-8e03-4ebb-bf7c-c0541abab23e	Petra Fráňová	2	[{"changed": {"fields": ["Unique nickname - quick find"]}}]	10	1
97	2023-10-17 17:34:00.077946+01	c96fd45c-54f2-4495-97a2-2b8a9e0ac202	Zuzana Gajdová	1	[{"added": {}}]	10	1
98	2023-10-17 17:34:12.3753+01	889b8e65-c309-4a8c-a7c8-9b99b5f0619e	Jana Suchánková	1	[{"added": {}}]	10	1
99	2023-10-17 17:34:23.683666+01	b0ff74e6-ccdc-4fbc-b638-9c5239fab44b	Jindra Horáková	1	[{"added": {}}]	10	1
100	2023-10-17 17:34:41.782549+01	f3c2f665-f123-48fd-917c-737f51a37f61	Lenka Kociánová	1	[{"added": {}}]	10	1
101	2023-10-17 17:35:09.583474+01	50322401-0bc8-45c0-9b26-b95e57d78d9b	Bazar dospělí podzim 2023 2023-10-20 06:30:00+00:00 - Ilona Mokrejšová	1	[{"added": {}}]	9	1
102	2023-10-17 17:35:19.910105+01	8d7da92d-ff7f-4d9a-8e0c-15d5511c90e1	Bazar dospělí podzim 2023 2023-10-20 06:30:00+00:00 - Iveta Vozarová	1	[{"added": {}}]	9	1
103	2023-10-17 17:35:45.027505+01	9138082a-53f9-4ab6-bcc0-81b690b1258c	Bazar dospělí podzim 2023 2023-10-20 06:30:00+00:00 - Jana Mádrová	1	[{"added": {}}]	9	1
104	2023-10-17 17:36:39.429581+01	9eadc09f-e262-4b54-b6bc-12934e8fa861	Bazar dospělí podzim 2023 2023-10-20 06:30:00+00:00 - Jana Malinová	1	[{"added": {}}]	9	1
105	2023-10-17 17:37:09.876081+01	5d91df3d-1b19-4e16-a91d-90199a52461b	Bazar dospělí podzim 2023 2023-10-20 06:30:00+00:00 - Jana Suchánková	1	[{"added": {}}]	9	1
106	2023-10-17 17:37:20.330523+01	a868b7a5-3a9e-4ba6-9d7d-5b49c7827a68	Bazar dospělí podzim 2023 2023-10-20 06:30:00+00:00 - Jindra Horáková	1	[{"added": {}}]	9	1
107	2023-10-17 17:37:29.185834+01	100e2c9a-b95a-4d2a-9637-7a15a969cb0a	Bazar dospělí podzim 2023 2023-10-20 06:30:00+00:00 - Lenka Veselá	1	[{"added": {}}]	9	1
108	2023-10-17 17:37:35.941353+01	d8fa66a1-5d84-4e4a-9178-2678df753881	Bazar dospělí podzim 2023 2023-10-20 06:30:00+00:00 - Petra Fráňová	1	[{"added": {}}]	9	1
109	2023-10-17 17:37:46.84583+01	6af0492d-e38b-4156-8a2c-e380b1106a4d	Bazar dospělí podzim 2023 2023-10-20 06:30:00+00:00 - Lucie	1	[{"added": {}}]	9	1
171	2023-10-18 19:18:29.15852+01	fe2f846b-c60f-4465-b77c-6b2c11e22a55	Pavla Ocvirková	3		10	1
110	2023-10-17 17:38:12.003244+01	579e3b0a-8040-410b-9929-8ca66ea62286	Jitka Štipčáková	2	[{"changed": {"fields": ["Unique nickname - quick find", "Seller number (default setting)"]}}]	10	1
111	2023-10-17 17:38:42.120104+01	4a497b27-4473-4aef-a6b2-256f77406ec0	Veronika Ošťádalová	1	[{"added": {}}]	10	1
112	2023-10-17 17:38:59.661711+01	1ce97558-51b7-4209-b198-de65a5843589	Klára Svozilová	1	[{"added": {}}]	10	1
113	2023-10-17 17:39:18.312017+01	ac226208-e75d-4785-8477-968ae32c0e0f	Kateřina Svozilová	1	[{"added": {}}]	10	1
114	2023-10-17 17:39:33.33921+01	c9096a1b-871b-4572-8302-6c4221509257	Barbora Karhanová	1	[{"added": {}}]	10	1
115	2023-10-17 17:39:53.860811+01	ab205deb-5308-472b-9a09-ae4080ab655a	Monika Vraštilová	1	[{"added": {}}]	10	1
116	2023-10-17 17:41:14.524633+01	1cd05cff-276e-4c61-8019-f782dc5ceb1c	Bazar dospělí podzim 2023 2023-10-20 06:30:00+00:00 - Kateřina Svozilová	1	[{"added": {}}]	9	1
117	2023-10-17 17:41:26.702265+01	68aa9b7c-241b-4c07-ad28-a0365a6db1f3	Bazar dospělí podzim 2023 2023-10-20 06:30:00+00:00 - Klára Svozilová	1	[{"added": {}}]	9	1
118	2023-10-17 17:41:36.038272+01	0471e756-c8fc-491f-ad62-befdcc9430d4	Bazar dospělí podzim 2023 2023-10-20 06:30:00+00:00 - Barbora Karhanová	1	[{"added": {}}]	9	1
119	2023-10-17 17:41:49.48899+01	d0209d98-cfb0-4a76-8a22-55de7a308850	Bazar dospělí podzim 2023 2023-10-20 06:30:00+00:00 - Monika Vraštilová	1	[{"added": {}}]	9	1
120	2023-10-17 17:42:15.444802+01	f9ef3bd1-63e9-4c74-a44f-5c5992a57f55	Bazar dospělí podzim 2023 2023-10-20 06:30:00+00:00 - Veronika Ošťádalová	1	[{"added": {}}]	9	1
121	2023-10-17 18:27:29.28629+01	5af7de50-92f3-40f8-9c80-29d0fbad8555	Bazar dospělí podzim 2023 - Martina Křepelková	1	[{"added": {}}]	9	1
122	2023-10-17 18:28:13.529696+01	9202f9bb-a02a-40fa-b070-0600d37a6cb8	Martina Zámečníková	1	[{"added": {}}]	10	1
123	2023-10-17 18:28:29.990822+01	d87f1bd7-72fa-46cf-b8aa-f7e6d4bd946a	Bazar dospělí podzim 2023 - Martina Zámečníková	1	[{"added": {}}]	9	1
124	2023-10-18 19:16:56.314397+01	c7c2a336-db50-464e-bf3c-2cc73e6ca480	A0002	3		7	1
125	2023-10-18 19:16:56.375442+01	259058c8-c850-4628-a0ff-879725fc39b5	A0003	3		7	1
126	2023-10-18 19:16:56.444256+01	c7e3f98e-a541-4b1d-92b1-163314d82bcc	A0010	3		7	1
127	2023-10-18 19:16:56.49512+01	90b5845c-9127-4685-ae65-0647eb30ced8	A0011	3		7	1
128	2023-10-18 19:16:56.532023+01	0796ffa4-9eb1-4fd5-8a4b-a1365b1a9123	A0012	3		7	1
129	2023-10-18 19:16:56.572914+01	0839f71f-668f-4562-ae6d-7d31ce261669	A0013	3		7	1
130	2023-10-18 19:16:56.617543+01	b667a16f-dae4-4998-a55b-b6de1eb6eaef	A0014	3		7	1
131	2023-10-18 19:16:56.670286+01	15136f87-f1dc-4682-90af-12a5f243e0fa	A0015	3		7	1
132	2023-10-18 19:16:56.713208+01	5bf06166-5a10-402d-b9ba-412ad01b12d8	A0016	3		7	1
133	2023-10-18 19:18:08.451031+01	0471e756-c8fc-491f-ad62-befdcc9430d4	Bazar dospělí podzim 2023 - Barbora Karhanová	3		9	1
134	2023-10-18 19:18:08.490928+01	50322401-0bc8-45c0-9b26-b95e57d78d9b	Bazar dospělí podzim 2023 - Ilona Mokrejšová	3		9	1
135	2023-10-18 19:18:08.530822+01	8d7da92d-ff7f-4d9a-8e0c-15d5511c90e1	Bazar dospělí podzim 2023 - Iveta Vozarová	3		9	1
136	2023-10-18 19:18:08.577727+01	9138082a-53f9-4ab6-bcc0-81b690b1258c	Bazar dospělí podzim 2023 - Jana Mádrová	3		9	1
137	2023-10-18 19:18:08.612834+01	9eadc09f-e262-4b54-b6bc-12934e8fa861	Bazar dospělí podzim 2023 - Jana Malinová	3		9	1
138	2023-10-18 19:18:08.671814+01	5d91df3d-1b19-4e16-a91d-90199a52461b	Bazar dospělí podzim 2023 - Jana Suchánková	3		9	1
139	2023-10-18 19:18:08.71338+01	a868b7a5-3a9e-4ba6-9d7d-5b49c7827a68	Bazar dospělí podzim 2023 - Jindra Horáková	3		9	1
140	2023-10-18 19:18:08.751994+01	1cd05cff-276e-4c61-8019-f782dc5ceb1c	Bazar dospělí podzim 2023 - Kateřina Svozilová	3		9	1
141	2023-10-18 19:18:08.793791+01	68aa9b7c-241b-4c07-ad28-a0365a6db1f3	Bazar dospělí podzim 2023 - Klára Svozilová	3		9	1
142	2023-10-18 19:18:08.835677+01	100e2c9a-b95a-4d2a-9637-7a15a969cb0a	Bazar dospělí podzim 2023 - Lenka Veselá	3		9	1
143	2023-10-18 19:18:08.875783+01	6af0492d-e38b-4156-8a2c-e380b1106a4d	Bazar dospělí podzim 2023 - Lucie	3		9	1
144	2023-10-18 19:18:08.912781+01	5af7de50-92f3-40f8-9c80-29d0fbad8555	Bazar dospělí podzim 2023 - Martina Křepelková	3		9	1
145	2023-10-18 19:18:08.95879+01	d87f1bd7-72fa-46cf-b8aa-f7e6d4bd946a	Bazar dospělí podzim 2023 - Martina Zámečníková	3		9	1
146	2023-10-18 19:18:08.997495+01	d0209d98-cfb0-4a76-8a22-55de7a308850	Bazar dospělí podzim 2023 - Monika Vraštilová	3		9	1
147	2023-10-18 19:18:09.032817+01	d8fa66a1-5d84-4e4a-9178-2678df753881	Bazar dospělí podzim 2023 - Petra Fráňová	3		9	1
148	2023-10-18 19:18:09.092475+01	f9ef3bd1-63e9-4c74-a44f-5c5992a57f55	Bazar dospělí podzim 2023 - Veronika Ošťádalová	3		9	1
149	2023-10-18 19:18:09.133423+01	776e3624-32c3-4a17-8d14-2784426514b6	Bazarek podzim 2023 - Jitka Štipčáková	3		9	1
150	2023-10-18 19:18:09.192293+01	4683df84-404d-4d94-a176-a66a921b9234	Bazarek podzim 2023 - Lenka Veselá	3		9	1
151	2023-10-18 19:18:09.251789+01	cb97c004-a6dc-417e-a369-0cf58c8e2b48	Bazarek podzim 2023 - Lucie	3		9	1
152	2023-10-18 19:18:09.292396+01	0adb3841-669d-4de4-825c-3b6ea920ae1e	Bazarek podzim 2023 - Petra Fráňová	3		9	1
153	2023-10-18 19:18:09.33071+01	7f57e403-e896-439c-9c91-ac2477558981	Bazárek děti jaro 2023 - Lucie	3		9	1
154	2023-10-18 19:18:09.373637+01	b3060f70-5bf8-4f12-ae75-8f91c602e7d1	Bazárek děti jaro 2023 - Petra Fráňová	3		9	1
155	2023-10-18 19:18:28.361077+01	c9096a1b-871b-4572-8302-6c4221509257	Barbora Karhanová	3		10	1
156	2023-10-18 19:18:28.392655+01	0fcbaf5d-4ab5-4c35-8378-7c1c6c90d804	Ilona Mokrejšová	3		10	1
157	2023-10-18 19:18:28.459279+01	ff211f75-4b39-4bb1-a8b9-e7e749ff64fb	Iveta Vozarová	3		10	1
158	2023-10-18 19:18:28.510872+01	53da1796-2c27-4c4a-87e3-648a0e600d5d	Jana Mádrová	3		10	1
159	2023-10-18 19:18:28.552643+01	c581510b-3d74-45bf-ad1a-e2263653dca2	Jana Malinová	3		10	1
160	2023-10-18 19:18:28.592716+01	889b8e65-c309-4a8c-a7c8-9b99b5f0619e	Jana Suchánková	3		10	1
161	2023-10-18 19:18:28.660455+01	b0ff74e6-ccdc-4fbc-b638-9c5239fab44b	Jindra Horáková	3		10	1
162	2023-10-18 19:18:28.692182+01	579e3b0a-8040-410b-9929-8ca66ea62286	Jitka Štipčáková	3		10	1
163	2023-10-18 19:18:28.742416+01	ac226208-e75d-4785-8477-968ae32c0e0f	Kateřina Svozilová	3		10	1
164	2023-10-18 19:18:28.79429+01	1ce97558-51b7-4209-b198-de65a5843589	Klára Svozilová	3		10	1
165	2023-10-18 19:18:28.852817+01	f3c2f665-f123-48fd-917c-737f51a37f61	Lenka Kociánová	3		10	1
166	2023-10-18 19:18:28.890718+01	abbec43c-5ce1-4776-8e2e-9026a61e763c	Lenka Veselá	3		10	1
167	2023-10-18 19:18:28.958879+01	15585263-947f-49ca-b40a-ad0bcb3cd040	Lucie	3		10	1
168	2023-10-18 19:18:29.012972+01	f9879823-b843-44ae-8b3b-915acc39dc58	Martina Křepelková	3		10	1
169	2023-10-18 19:18:29.072549+01	9202f9bb-a02a-40fa-b070-0600d37a6cb8	Martina Zámečníková	3		10	1
170	2023-10-18 19:18:29.11301+01	ab205deb-5308-472b-9a09-ae4080ab655a	Monika Vraštilová	3		10	1
172	2023-10-18 19:18:29.210782+01	08b3cf51-0468-4240-84ca-6cc76f3158fc	Pavla Polomíková	3		10	1
173	2023-10-18 19:18:29.252707+01	d3b54dce-2b10-45e1-9902-b880e407029e	Pavla Rozsypalová	3		10	1
174	2023-10-18 19:18:29.310676+01	ba0b63a9-f64b-41a2-a124-956dce37a94e	Petra Balcarkova	3		10	1
175	2023-10-18 19:18:29.352646+01	9bce30c8-8e03-4ebb-bf7c-c0541abab23e	Petra Fráňová	3		10	1
176	2023-10-18 19:18:29.392704+01	86252716-4b92-4e6a-9f44-59918b06de6d	test	3		10	1
177	2023-10-18 19:18:29.460709+01	20fe96e5-35f5-4f24-9792-160606abfdce	Věra Doležalová	3		10	1
178	2023-10-18 19:18:29.510871+01	4a497b27-4473-4aef-a6b2-256f77406ec0	Veronika Ošťádalová	3		10	1
179	2023-10-18 19:18:29.550878+01	c96fd45c-54f2-4495-97a2-2b8a9e0ac202	Zuzana Gajdová	3		10	1
180	2023-10-18 19:36:18.53628+01	67a1481b-a1b3-4011-8699-3f39eca8bc71	Bazar dospělí podzim 2023 - Lenka Veselá	2	[{"changed": {"fields": ["Bez poplatk\\u016f"]}}]	9	1
181	2023-10-18 19:36:21.736058+01	67ab6e66-f479-4857-8fa5-423a525e5e82	Bazar dospělí podzim 2023 - Petra Fráňová	2	[{"changed": {"fields": ["Bez poplatk\\u016f"]}}]	9	1
182	2023-10-18 19:38:28.993849+01	2	LucieLosa	1	[{"added": {}}]	4	1
183	2023-10-18 20:04:58.888227+01	3	PetrLosa	1	[{"added": {}}]	4	1
184	2023-10-18 20:40:28.517878+01	02645c58-6457-45a6-8d96-8d4ca4815058	A0013 Bazar dospělí podzim 2023 - nenalezen_142	3		11	1
185	2023-10-18 20:43:48.225269+01	421ed0e8-96b5-45f0-a55f-b4e8109fbdf7	G0014 Bazar dospělí podzim 2023 - nenalezen_125	3		11	1
186	2023-10-18 21:51:11.070082+01	923ef874-2857-4810-9ef4-4cdeb6d4aecb	Bazar dospělí podzim 2023	2	[{"changed": {"fields": ["Pevn\\u00e9 poplatky v\\u00fdchoz\\u00ed hodnota", "Procentu\\u00e1ln\\u00ed poplatky v\\u00fdchoz\\u00ed hodnota"]}}]	8	1
187	2023-10-18 21:51:27.325796+01	923ef874-2857-4810-9ef4-4cdeb6d4aecb	Bazar dospělí podzim 2023	2	[{"changed": {"fields": ["Datum"]}}]	8	1
188	2023-10-18 21:51:56.601744+01	20cc9ba0-f2a0-4400-9547-5c888877be81	Bazar dospělí podzim 2023 - Lucie Losová 	2	[{"changed": {"fields": ["Bez poplatk\\u016f"]}}]	9	1
189	2023-10-18 21:56:01.226319+01	7a3f4fb5-33ff-4068-8af0-443236edc514	Z0002	3		7	1
190	2023-10-18 21:56:01.229014+01	cc242de2-6676-497b-b692-4671e2314954	Z0003	3		7	1
191	2023-10-18 21:56:01.230615+01	e7f7f85f-7036-4471-98bc-1931d478cc47	Z0004	3		7	1
192	2023-10-18 21:56:01.232198+01	70f82692-3a0c-4a5e-80d8-2c7705bcff30	Z0005	3		7	1
193	2023-10-18 21:56:01.233276+01	677ac520-5848-4c87-8649-a1e7688c674c	Z0006	3		7	1
194	2023-10-21 07:54:42.615665+01	97cd2141-de2c-42c9-b54d-a14bafe109f7	A0004	3		7	1
195	2023-10-21 07:54:42.62047+01	267e941d-16ac-444a-bce4-311e042998ea	A0005	3		7	1
196	2023-10-21 07:54:42.62154+01	cc3465f0-73d6-43a5-8ce4-a7d62da6f1d5	A0006	3		7	1
197	2023-10-21 07:54:42.622649+01	98650898-1479-4544-afc1-8bb6684591be	A0007	3		7	1
198	2023-10-21 07:54:42.623763+01	ba1e19c8-ca2e-49a0-a90f-04bc4e25eeeb	A0008	3		7	1
199	2023-10-21 07:54:42.624893+01	352bd552-b173-4c01-8be2-210f1b85763f	A0009	3		7	1
200	2023-10-21 07:54:42.625948+01	b9392b43-52fa-4841-a07b-9c87011c094b	A0010	3		7	1
201	2023-10-21 07:54:42.627015+01	7faa912a-32e8-49ea-8d68-191c42fe2604	A0011	3		7	1
202	2023-10-21 07:54:42.627995+01	2dc0e4ba-e775-4172-8d73-a02983d1a8b4	A0012	3		7	1
203	2023-10-21 07:54:42.628963+01	9e33809a-c1c7-45fe-a41b-baea3f484263	A0013	3		7	1
204	2023-10-21 07:54:42.629878+01	00b3c766-ce6d-4a21-9d58-2edf5944e350	G0014	3		7	1
205	2023-10-21 07:54:42.63088+01	1e249a2e-ae15-47b4-8479-d2b2fe39f40d	L0002	3		7	1
206	2023-10-21 07:54:42.631837+01	70ad760c-f64d-4beb-bb5a-30c557db6962	L0003	3		7	1
207	2023-10-21 07:54:42.632833+01	3dfecc14-4ce1-4186-8cce-023d9e186f82	L0004	3		7	1
208	2023-10-21 07:54:42.633779+01	03ec945f-705c-4645-9309-985c7aa9b808	L0005	3		7	1
209	2023-10-21 07:54:42.634712+01	f9b8c729-1ee5-430d-8a26-ecbfda534f8a	L0001	3		7	1
210	2023-10-21 07:54:42.635647+01	8c51d71e-b8e7-4ce4-bc9e-141c397a3796	L0009	3		7	1
211	2023-10-21 07:54:42.636557+01	4939f8f5-da2f-4db7-848f-85f9c4932c02	L0010	3		7	1
212	2023-10-21 07:54:42.637539+01	73bded64-ecb1-439e-8dd7-43f49c6ff609	0002	3		7	1
213	2023-10-21 07:54:42.638484+01	bfea4195-f206-4047-ae98-1588a4d81e17	B0001	3		7	1
214	2023-10-21 07:54:42.639466+01	81e0785d-d97d-4a5e-83ed-bff88864f63b	K0001	3		7	1
215	2023-10-21 08:07:41.859781+01	cbac6ab6-5cdc-4ce9-9ebd-cef91c4908be	V0003	3		7	1
216	2023-10-21 08:07:41.862384+01	2d1430b9-fb65-48b1-9c27-0a6830f24f6f	J0001	3		7	1
217	2023-10-21 08:07:41.863451+01	898b4461-0ea1-4e64-b00a-e26047d2839f	C0001	3		7	1
218	2023-10-21 08:07:41.864518+01	6dcb8996-b13d-4797-b13c-d6780edd426c	L0011	3		7	1
219	2023-10-21 08:07:41.86554+01	315a26e7-72a2-47a2-830d-1110bbf77912	K0001	3		7	1
220	2023-10-21 08:23:19.830817+01	7c8f71c5-6eb7-4efd-9f6b-0db5d626fca0	Bazar dospělí podzim 2023 - Barbora Karhanova	2	[{"changed": {"fields": ["Bez poplatk\\u016f"]}}]	9	1
221	2023-10-21 08:24:34.667229+01	27baaa29-ebc0-4086-a1f7-6f687b297de2	Bazar dospělí podzim 2023 - Ilona Mokrejšová 	2	[{"changed": {"fields": ["Bez poplatk\\u016f"]}}]	9	1
222	2023-10-21 08:24:40.576697+01	92844628-0a12-4fd3-98f2-d118aceaaee3	Bazar dospělí podzim 2023 - Jana Mádrová 	2	[{"changed": {"fields": ["Bez poplatk\\u016f"]}}]	9	1
223	2023-10-21 08:24:48.461761+01	6b4ed45f-4fb7-49b1-8801-6f82aa1d4375	Bazar dospělí podzim 2023 - Martina Zámečníková	2	[{"changed": {"fields": ["Bez poplatk\\u016f"]}}]	9	1
224	2023-10-21 08:24:53.082843+01	9ad231fa-af09-47e4-9cb6-570fa327f943	Bazar dospělí podzim 2023 - Jitka Štipčáková 	2	[{"changed": {"fields": ["Bez poplatk\\u016f"]}}]	9	1
225	2023-10-21 08:25:11.713655+01	b99128da-0f66-49d0-ab09-57f7dabb1f3d	Bazar dospělí podzim 2023 - Veronika Ošťádalová 	2	[{"changed": {"fields": ["Bez poplatk\\u016f"]}}]	9	1
226	2023-10-21 08:25:37.967102+01	262fb541-d78d-4382-a50f-d50e41a0bbc1	Bazar dospělí podzim 2023 - Monika Vraštilová	2	[{"changed": {"fields": ["Bez poplatk\\u016f"]}}]	9	1
227	2023-10-21 08:26:15.750206+01	55e296b2-b9d3-477f-8e5d-3bc83351f28f	Bazar dospělí podzim 2023 - Klára Svozilová 	2	[{"changed": {"fields": ["Bez poplatk\\u016f"]}}]	9	1
228	2023-10-21 08:26:26.745696+01	729d2922-67b1-4888-8297-dbcf15af79ca	Bazar dospělí podzim 2023 - Kateřina Svozilová 	2	[{"changed": {"fields": ["Bez poplatk\\u016f"]}}]	9	1
229	2023-10-21 08:35:17.800339+01	d9ea835a-c43d-4915-abb2-1e8e0d041faa	B0005	2	[{"changed": {"name": "Polo\\u017eka", "object": "B0005 Bazar dosp\\u011bl\\u00ed podzim 2023 - Andrea \\u017dil\\u00e1kov\\u00e1 ", "fields": ["Event seller", "Velikost", "Cena"]}}, {"changed": {"name": "Polo\\u017eka", "object": "B0005 Bazar dosp\\u011bl\\u00ed podzim 2023 - Kate\\u0159ina R\\u016f\\u017ei\\u010dkov\\u00e1", "fields": ["Velikost"]}}, {"changed": {"name": "Polo\\u017eka", "object": "B0005 Bazar dosp\\u011bl\\u00ed podzim 2023 - Petra V\\u00edtkov\\u00e1", "fields": ["Velikost"]}}]	7	1
230	2023-10-21 08:48:07.984514+01	e29549e8-6145-4627-897b-be4b54c04752	Bazar dospělí podzim 2023 - nenalezen_142	3		9	1
231	2023-10-21 08:48:07.987039+01	623120f6-72c6-4742-8519-80e9255173a8	Bazar dospělí podzim 2023 - nenalezen_135	3		9	1
232	2023-10-21 08:48:07.988052+01	23be40ac-0dc1-41c1-ade4-9f6ea8085a55	Bazar dospělí podzim 2023 - nenalezen_128	3		9	1
233	2023-10-21 08:48:07.98951+01	10f0919b-8dde-4fc3-be6e-81b2a3290394	Bazar dospělí podzim 2023 - nenalezen_125	3		9	1
234	2023-10-21 09:30:13.736419+01	8d0efabb-663f-4508-b0e8-d6360073c615	C0002	2	[{"changed": {"fields": ["Cart checked"]}}, {"changed": {"name": "Polo\\u017eka", "object": "C0002 Bazar dosp\\u011bl\\u00ed podzim 2023 - Veronika O\\u0161\\u0165\\u00e1dalov\\u00e1 ", "fields": ["Velikost"]}}]	7	1
235	2023-10-21 09:34:25.486344+01	b425c32a-6b34-46d6-b9e9-cefe235486ac	C0003	2	[{"changed": {"fields": ["Cart checked"]}}, {"changed": {"name": "Polo\\u017eka", "object": "C0003 Bazar dosp\\u011bl\\u00ed podzim 2023 - Petra Fr\\u00e1\\u0148ov\\u00e1", "fields": ["Velikost"]}}, {"changed": {"name": "Polo\\u017eka", "object": "C0003 Bazar dosp\\u011bl\\u00ed podzim 2023 - Tereza M\\u00fcllerov\\u00e1", "fields": ["Velikost"]}}, {"changed": {"name": "Polo\\u017eka", "object": "C0003 Bazar dosp\\u011bl\\u00ed podzim 2023 - Tereza M\\u00fcllerov\\u00e1", "fields": ["Velikost"]}}, {"changed": {"name": "Polo\\u017eka", "object": "C0003 Bazar dosp\\u011bl\\u00ed podzim 2023 - Veronika O\\u0161\\u0165\\u00e1dalov\\u00e1 ", "fields": ["Velikost"]}}, {"changed": {"name": "Polo\\u017eka", "object": "C0003 Bazar dosp\\u011bl\\u00ed podzim 2023 - Veronika O\\u0161\\u0165\\u00e1dalov\\u00e1 ", "fields": ["Velikost"]}}]	7	1
236	2023-10-21 09:34:37.081286+01	58f7723e-6c39-433e-b5a9-1d6bd2c6be0c	C0004	2	[{"changed": {"fields": ["Cart checked"]}}, {"changed": {"name": "Polo\\u017eka", "object": "C0004 Bazar dosp\\u011bl\\u00ed podzim 2023 - Martina Z\\u00e1me\\u010dn\\u00edkov\\u00e1", "fields": ["Velikost"]}}, {"changed": {"name": "Polo\\u017eka", "object": "C0004 Bazar dosp\\u011bl\\u00ed podzim 2023 - Tereza M\\u00fcllerov\\u00e1", "fields": ["Velikost"]}}]	7	1
237	2023-10-21 09:34:46.391349+01	28459630-936c-403f-81b6-e787690443b0	C0005	2	[{"changed": {"fields": ["Cart checked"]}}, {"changed": {"name": "Polo\\u017eka", "object": "C0005 Bazar dosp\\u011bl\\u00ed podzim 2023 - Lucie \\u017dilkov\\u00e1", "fields": ["Velikost"]}}, {"changed": {"name": "Polo\\u017eka", "object": "C0005 Bazar dosp\\u011bl\\u00ed podzim 2023 - Petra Drexlerov\\u00e1", "fields": ["Velikost"]}}]	7	1
238	2023-10-21 09:35:00.882874+01	2d9e1349-32fa-4d24-9feb-befe15b301c9	C0006	2	[{"changed": {"fields": ["Cart checked"]}}, {"changed": {"name": "Polo\\u017eka", "object": "C0006 Bazar dosp\\u011bl\\u00ed podzim 2023 - Jarmila Navr\\u00e1tilov\\u00e1", "fields": ["Velikost"]}}, {"changed": {"name": "Polo\\u017eka", "object": "C0006 Bazar dosp\\u011bl\\u00ed podzim 2023 - Lenka Koci\\u00e1nov\\u00e1", "fields": ["Velikost"]}}, {"changed": {"name": "Polo\\u017eka", "object": "C0006 Bazar dosp\\u011bl\\u00ed podzim 2023 - Lucie Sm\\u00e9kalov\\u00e1 ", "fields": ["Velikost"]}}, {"changed": {"name": "Polo\\u017eka", "object": "C0006 Bazar dosp\\u011bl\\u00ed podzim 2023 - Lucie Sm\\u00e9kalov\\u00e1 ", "fields": ["Velikost"]}}, {"changed": {"name": "Polo\\u017eka", "object": "C0006 Bazar dosp\\u011bl\\u00ed podzim 2023 - Mark\\u00e9ta Halouzkov\\u00e1", "fields": ["Velikost"]}}, {"changed": {"name": "Polo\\u017eka", "object": "C0006 Bazar dosp\\u011bl\\u00ed podzim 2023 - Pavla Ocvirkov\\u00e1", "fields": ["Velikost"]}}, {"changed": {"name": "Polo\\u017eka", "object": "C0006 Bazar dosp\\u011bl\\u00ed podzim 2023 - Radka Oplu\\u0161tilov\\u00e1", "fields": ["Velikost"]}}]	7	1
239	2023-10-21 09:35:12.80838+01	521f4e5f-6347-4aef-919c-98729a6944ae	C0007	2	[{"changed": {"fields": ["Cart checked"]}}, {"changed": {"name": "Polo\\u017eka", "object": "C0007 Bazar dosp\\u011bl\\u00ed podzim 2023 - Jana M\\u00e1drov\\u00e1 ", "fields": ["Velikost"]}}, {"changed": {"name": "Polo\\u017eka", "object": "C0007 Bazar dosp\\u011bl\\u00ed podzim 2023 - Jana M\\u00e1drov\\u00e1 ", "fields": ["Velikost"]}}, {"changed": {"name": "Polo\\u017eka", "object": "C0007 Bazar dosp\\u011bl\\u00ed podzim 2023 - Jana V\\u00edtkov\\u00e1", "fields": ["Velikost"]}}, {"changed": {"name": "Polo\\u017eka", "object": "C0007 Bazar dosp\\u011bl\\u00ed podzim 2023 - nenalezen_60", "fields": ["Velikost"]}}, {"changed": {"name": "Polo\\u017eka", "object": "C0007 Bazar dosp\\u011bl\\u00ed podzim 2023 - Petra T\\u016fmova", "fields": ["Velikost"]}}, {"changed": {"name": "Polo\\u017eka", "object": "C0007 Bazar dosp\\u011bl\\u00ed podzim 2023 - u\\u010ditelky ze \\u0161koly", "fields": ["Velikost"]}}, {"changed": {"name": "Polo\\u017eka", "object": "C0007 Bazar dosp\\u011bl\\u00ed podzim 2023 - Veronika O\\u0161\\u0165\\u00e1dalov\\u00e1 ", "fields": ["Velikost"]}}, {"changed": {"name": "Polo\\u017eka", "object": "C0007 Bazar dosp\\u011bl\\u00ed podzim 2023 - Zuzana Koutn\\u00e1", "fields": ["Velikost"]}}]	7	1
240	2023-10-21 09:47:55.1107+01	f0b26f4b-01a1-466b-97e6-d47b25cd668b	C0008	2	[{"changed": {"fields": ["Cart checked"]}}, {"changed": {"name": "Polo\\u017eka", "object": "C0008 Bazar dosp\\u011bl\\u00ed podzim 2023 - Denisa Gal\\u00e1skov\\u00e1 ", "fields": ["Velikost"]}}, {"changed": {"name": "Polo\\u017eka", "object": "C0008 Bazar dosp\\u011bl\\u00ed podzim 2023 - Jana Fojt\\u00edkov\\u00e1", "fields": ["Velikost"]}}, {"changed": {"name": "Polo\\u017eka", "object": "C0008 Bazar dosp\\u011bl\\u00ed podzim 2023 - Jitka \\u010cepov\\u00e1", "fields": ["Velikost"]}}, {"changed": {"name": "Polo\\u017eka", "object": "C0008 Bazar dosp\\u011bl\\u00ed podzim 2023 - Lenka Koci\\u00e1nov\\u00e1", "fields": ["Velikost"]}}, {"changed": {"name": "Polo\\u017eka", "object": "C0008 Bazar dosp\\u011bl\\u00ed podzim 2023 - Lenka Koci\\u00e1nov\\u00e1", "fields": ["Velikost"]}}, {"changed": {"name": "Polo\\u017eka", "object": "C0008 Bazar dosp\\u011bl\\u00ed podzim 2023 - Lucie Zapletalov\\u00e1 ", "fields": ["Velikost"]}}, {"changed": {"name": "Polo\\u017eka", "object": "C0008 Bazar dosp\\u011bl\\u00ed podzim 2023 - nenalezen_109", "fields": ["Velikost"]}}, {"changed": {"name": "Polo\\u017eka", "object": "C0008 Bazar dosp\\u011bl\\u00ed podzim 2023 - nenalezen_111", "fields": ["Velikost"]}}, {"changed": {"name": "Polo\\u017eka", "object": "C0008 Bazar dosp\\u011bl\\u00ed podzim 2023 - Pavla Polom\\u00edkov\\u00e1", "fields": ["Velikost"]}}, {"changed": {"name": "Polo\\u017eka", "object": "C0008 Bazar dosp\\u011bl\\u00ed podzim 2023 - Veronika Sta\\u0148kov\\u00e1", "fields": ["Velikost"]}}]	7	1
241	2023-10-21 09:48:26.478054+01	8047f19c-ebf1-45d6-ace8-a06069b62c3a	C0009	2	[{"changed": {"fields": ["Cart checked"]}}, {"changed": {"name": "Polo\\u017eka", "object": "C0009 Bazar dosp\\u011bl\\u00ed podzim 2023 - Denisa Gal\\u00e1skov\\u00e1 ", "fields": ["Velikost"]}}, {"changed": {"name": "Polo\\u017eka", "object": "C0009 Bazar dosp\\u011bl\\u00ed podzim 2023 - Eli\\u0161ka Novotn\\u00e1", "fields": ["Velikost"]}}, {"changed": {"name": "Polo\\u017eka", "object": "C0009 Bazar dosp\\u011bl\\u00ed podzim 2023 - \\u0160\\u00e1rka Dobrozemsk\\u00e1", "fields": ["Velikost"]}}]	7	1
242	2023-10-21 09:49:00.163895+01	9d4eb97e-75e4-4f2b-8e13-7371c67e9bfa	C0011	2	[{"changed": {"fields": ["Cart checked"]}}, {"changed": {"name": "Polo\\u017eka", "object": "C0011 Bazar dosp\\u011bl\\u00ed podzim 2023 - Jana M\\u00e1drov\\u00e1 ", "fields": ["Velikost"]}}]	7	1
243	2023-10-21 09:58:46.611301+01	8d0efabb-663f-4508-b0e8-d6360073c615	C0002	2	[]	7	1
244	2023-10-21 10:04:30.400925+01	300f75bf-96d0-4fc9-a3d2-972c16b7e740	C0010	2	[{"changed": {"fields": ["Cart checked"]}}]	7	1
245	2023-10-21 10:05:00.912753+01	5047377d-593d-4409-826e-dbff65606f09	C0013	2	[{"changed": {"fields": ["Cart checked"]}}]	7	1
246	2023-10-21 10:05:30.779661+01	c9af74cc-bd3d-477b-9e0b-fd4a95a0531c	C0012	2	[{"changed": {"fields": ["Cart checked"]}}]	7	1
247	2023-10-21 10:05:48.189483+01	460ce848-135b-4b40-9892-697da5affb41	C0014	2	[{"changed": {"fields": ["Cart checked"]}}]	7	1
248	2023-10-21 10:06:08.897084+01	098ed64c-8d7f-490a-8a35-a77de944636e	C0015	2	[{"changed": {"fields": ["Cart checked"]}}]	7	1
249	2023-10-21 10:06:31.419381+01	ef77c84b-90b7-4aab-ae8f-91faa000cc61	C0016	2	[{"changed": {"fields": ["Cart checked"]}}]	7	1
250	2023-10-21 10:09:40.725208+01	9f483c65-6caf-4a74-b833-05ac56c443ba	C0017	2	[{"changed": {"fields": ["Cart checked"]}}]	7	1
251	2023-10-21 10:10:02.336393+01	d263baa7-bccc-4744-974d-dc4fbc9ba84b	C0018	2	[{"changed": {"fields": ["Cart checked"]}}]	7	1
252	2023-10-21 10:10:39.155402+01	7c621ead-7417-4454-b9ee-4a28bbba61de	C0019	2	[{"changed": {"fields": ["Cart checked"]}}]	7	1
253	2023-10-21 10:10:52.227076+01	b6757330-4032-4ede-bec7-8ef02a572c22	C0020	2	[{"changed": {"fields": ["Cart checked"]}}]	7	1
254	2023-10-21 10:20:48.896627+01	81119180-f2de-4375-91f2-79b8261b0dda	L0012	2	[{"changed": {"fields": ["Cart checked"]}}]	7	1
255	2023-10-21 10:20:58.787326+01	fa76da86-f774-40e1-929d-5fe69561ac7b	L0013	2	[{"changed": {"fields": ["Cart checked"]}}]	7	1
256	2023-10-21 10:21:16.038072+01	463ef49c-1ff7-479f-b0c4-51f65f38802e	L0014	2	[{"changed": {"fields": ["Cart checked"]}}]	7	1
257	2023-10-21 10:21:37.349288+01	c371a6d9-425e-4744-8550-90891dc128da	L0015	2	[{"changed": {"fields": ["Cart checked"]}}]	7	1
258	2023-10-21 10:21:56.231057+01	91265647-0199-421c-8551-5ea776a0431f	L0016	2	[{"changed": {"fields": ["Cart checked"]}}]	7	1
259	2023-10-21 10:22:04.079679+01	ed1ff598-fca6-4a98-aa53-0123f3a67c45	L0017	2	[{"changed": {"fields": ["Cart checked"]}}]	7	1
260	2023-10-21 10:22:28.331547+01	36dfa4df-2796-4ffb-83dc-0b84bc2e447f	L0018	2	[{"changed": {"fields": ["Cart checked"]}}]	7	1
261	2023-10-21 10:22:37.537294+01	481c6db9-e515-4f88-b605-71e0a061b62b	L0019	2	[{"changed": {"fields": ["Cart checked"]}}]	7	1
262	2023-10-21 10:22:51.050351+01	a3f03fb8-4d37-41f8-bafe-df05b970c2fd	L0020	2	[{"changed": {"fields": ["Cart checked"]}}]	7	1
263	2023-10-21 10:23:04.572689+01	b2b0c89b-4c6e-420d-b058-170de12f4f82	L0021	2	[{"changed": {"fields": ["Cart checked"]}}]	7	1
264	2023-10-21 10:23:16.540846+01	9966e3d8-5e95-4ee7-80ef-9d316312e4de	L0022	2	[{"changed": {"fields": ["Cart checked"]}}]	7	1
265	2023-10-21 10:23:29.499291+01	a5f499ec-2f90-48cd-923f-4477686778d8	L0023	2	[{"changed": {"fields": ["Cart checked"]}}]	7	1
266	2023-10-21 10:24:14.399945+01	42964b9f-1b9b-43d7-9d9d-2257c6c6a5fc	L0024	2	[{"changed": {"fields": ["Cart checked"]}}]	7	1
267	2023-10-21 10:24:29.496238+01	001f475d-4bfd-4d18-9ab5-b3f49d15dea4	L0025	2	[{"changed": {"fields": ["Cart checked"]}}]	7	1
268	2023-10-21 10:24:57.438527+01	80935ac9-4a89-4217-a404-3ca914a62c11	L0026	2	[{"changed": {"fields": ["Cart checked"]}}]	7	1
269	2023-10-21 10:25:14.742376+01	a76b3a40-4e0e-4f7d-a96c-15153e71e4ff	L0027	2	[{"changed": {"fields": ["Cart checked"]}}]	7	1
270	2023-10-21 10:25:38.953409+01	16f9a571-0598-4caf-9532-901afce38f9a	L0028	2	[{"changed": {"fields": ["Cart checked"]}}]	7	1
271	2023-10-21 10:25:59.160021+01	3c703cf5-b3e5-4856-ab2a-77b6fb61cd34	L0029	2	[{"changed": {"fields": ["Cart checked"]}}]	7	1
272	2023-10-21 10:26:15.646847+01	0da8e122-8ce9-4b8b-8daa-017f72e3ef65	L0030	2	[{"changed": {"fields": ["Cart checked"]}}]	7	1
273	2023-10-21 10:26:41.862385+01	87647394-028d-4fdc-92bd-bdd557838ef6	L0031	2	[{"changed": {"fields": ["Cart checked"]}}]	7	1
274	2023-10-21 10:27:13.844953+01	69d8050a-8030-492a-9a1f-8c83dcc9f839	L0032	2	[{"changed": {"fields": ["Cart checked"]}}]	7	1
275	2023-10-21 10:29:39.733386+01	3d4c8dee-4e38-4261-a048-1c10d16611e8	V0004	2	[{"changed": {"fields": ["Cart checked"]}}]	7	1
276	2023-10-21 10:30:17.279179+01	f1d6d11a-05e9-4f72-abab-e464c3557ab8	J0002	2	[{"changed": {"fields": ["Cart checked"]}}]	7	1
277	2023-10-21 10:30:25.972628+01	6b199af7-7e56-449b-8b7c-0db44dbdfaf3	V0005	2	[{"changed": {"fields": ["Cart checked"]}}]	7	1
278	2023-10-21 10:30:35.976994+01	c168f97f-1633-4529-b68f-cbc44da8d257	V0006	2	[{"changed": {"fields": ["Cart checked"]}}]	7	1
279	2023-10-21 10:30:46.440568+01	4ce51ff9-b994-4dc1-9a22-ecad31df63de	V0007	2	[{"changed": {"fields": ["Cart checked"]}}]	7	1
280	2023-10-21 10:31:11.704127+01	e7b3ab5b-8f99-46e8-a4de-6c4c41e2835c	V0008	2	[{"changed": {"fields": ["Cart checked"]}}]	7	1
281	2023-10-21 10:31:25.564599+01	8c16f802-e2e0-4ad6-ae67-119a36798b3e	V0009	2	[{"changed": {"fields": ["Cart checked"]}}]	7	1
282	2023-10-21 10:31:40.522942+01	1d953697-0b9e-49a5-913b-6e68d163660f	V0010	2	[{"changed": {"fields": ["Cart checked"]}}]	7	1
283	2023-10-21 10:31:57.535305+01	b95bb5b5-5ae7-421e-9f3e-0b21a19157d7	V0011	2	[{"changed": {"fields": ["Cart checked"]}}]	7	1
284	2023-10-21 10:32:13.07866+01	807830d9-053f-490c-86ee-92962e6a567d	V0012	2	[{"changed": {"fields": ["Cart checked"]}}]	7	1
285	2023-10-21 10:32:27.698256+01	6e8e6d3f-382d-4dac-9e72-be0997f38a6a	V0013	2	[{"changed": {"fields": ["Cart checked"]}}]	7	1
286	2023-10-21 10:32:38.007925+01	daae94c8-1362-41ad-9fcf-2f4dc7971d11	V0014	2	[{"changed": {"fields": ["Cart checked"]}}]	7	1
287	2023-10-21 10:32:54.459804+01	0c0c908d-ae51-42ac-8b1b-6780f2bceafd	V0015	2	[{"changed": {"fields": ["Cart checked"]}}]	7	1
288	2023-10-21 10:34:05.901504+01	b8b48448-37d5-41d2-8090-6a274c620aff	V0016	2	[{"changed": {"fields": ["Cart checked"]}}]	7	1
289	2023-10-21 10:34:15.969867+01	ab383cd5-19ac-4851-8d8e-ae1a9102b6e2	V0017	2	[{"changed": {"fields": ["Cart checked"]}}]	7	1
290	2023-10-21 10:34:30.445827+01	7fa0f58d-a62c-4c7a-a199-f94b3317feff	V0018	2	[{"changed": {"fields": ["Cart checked"]}}]	7	1
291	2023-10-21 10:34:48.020935+01	61a07853-3db2-479d-a4d3-e715db5aac9c	V0019	2	[{"changed": {"fields": ["Cart checked"]}}]	7	1
292	2023-10-21 10:34:57.634649+01	d7f307c0-b34c-4f7b-a01e-a1baf37c3595	V0020	2	[{"changed": {"fields": ["Cart checked"]}}]	7	1
293	2023-10-21 10:35:11.770123+01	a319617d-4eec-44ae-9adb-19dd2f9e2279	V0021	2	[{"changed": {"fields": ["Cart checked"]}}]	7	1
294	2023-10-21 10:35:20.70255+01	6705f935-0a99-4962-965c-af081be48cd9	V0022	2	[{"changed": {"fields": ["Cart checked"]}}]	7	1
295	2023-10-21 10:35:47.062345+01	3deed42e-953a-49cb-a393-4039c1cd4b95	V0023	2	[{"changed": {"fields": ["Cart checked"]}}]	7	1
296	2023-10-21 10:36:02.258941+01	847eaa88-23ac-4b28-b90f-c3e940b4a479	V0024	2	[{"changed": {"fields": ["Cart checked"]}}]	7	1
297	2023-10-21 10:36:14.028959+01	43aa9f3d-3008-450c-80b8-00b4f16dd06d	V0025	2	[{"changed": {"fields": ["Cart checked"]}}]	7	1
298	2023-10-21 10:36:30.576818+01	a172a8ff-480d-4ccf-bec5-36efea8d5cd2	V0026	2	[{"changed": {"fields": ["Cart checked"]}}]	7	1
299	2023-10-21 10:36:44.259109+01	1e067f2a-1c7f-4298-9226-15dc0cfc03e5	V0027	2	[{"changed": {"fields": ["Cart checked"]}}]	7	1
300	2023-10-21 10:37:02.344955+01	f0819342-c620-4a31-86d8-8ab4b2840e19	V0028	2	[{"changed": {"fields": ["Cart checked"]}}]	7	1
301	2023-10-21 10:37:11.58496+01	86417cfa-cfb2-4673-a1a1-c7316ad1863e	V0029	2	[{"changed": {"fields": ["Cart checked"]}}]	7	1
302	2023-10-21 10:37:23.583247+01	40e0a444-18df-42f5-82a8-1af0b88e2788	V0030	2	[{"changed": {"fields": ["Cart checked"]}}]	7	1
303	2023-10-21 10:56:20.191622+01	8d988df0-2a7e-4956-9a53-e4ff4d69883b	nenalezen_752	3		10	1
304	2023-10-21 10:57:50.821728+01	ba38d243-6e19-49a4-ade8-3a74dd360299	Milada Malcherová	2	[{"changed": {"fields": ["U\\u017eivatelsk\\u00e9 jm\\u00e9no", "N\\u00e1zev"]}}]	10	1
305	2023-10-21 10:58:12.048015+01	0e5d9c72-a26f-4c2d-b8ec-406d544154df	Renata Finková	2	[{"changed": {"fields": ["U\\u017eivatelsk\\u00e9 jm\\u00e9no", "N\\u00e1zev"]}}]	10	1
306	2023-10-21 10:58:22.254341+01	0e5d9c72-a26f-4c2d-b8ec-406d544154df	Finková	2	[{"changed": {"fields": ["U\\u017eivatelsk\\u00e9 jm\\u00e9no", "N\\u00e1zev"]}}]	10	1
307	2023-10-21 10:58:45.053946+01	4bc409bb-7a9d-497e-be6a-8e5f07d649fb	Minaříková	2	[{"changed": {"fields": ["U\\u017eivatelsk\\u00e9 jm\\u00e9no", "N\\u00e1zev"]}}]	10	1
308	2023-10-21 10:59:00.148051+01	4215caa9-5af7-46cd-9824-59f71c83c60b	Kateřina Dolénková	2	[{"changed": {"fields": ["U\\u017eivatelsk\\u00e9 jm\\u00e9no", "N\\u00e1zev"]}}]	10	1
309	2023-10-21 10:59:57.097266+01	df527e86-879a-4599-9b20-b12357038dc6	Hufová	2	[{"changed": {"fields": ["U\\u017eivatelsk\\u00e9 jm\\u00e9no", "N\\u00e1zev"]}}]	10	1
310	2023-10-21 11:00:42.393721+01	1d81af2c-f570-4290-be82-5b70f4ffb778	nenalezen_142	3		10	1
311	2023-10-21 11:00:42.395754+01	30794af7-3d02-410e-814b-32681ce54821	nenalezen_135	3		10	1
312	2023-10-21 11:00:42.39677+01	012b8fe2-f01c-4d4c-bd9b-d3b5ec32e7ab	nenalezen_130	3		10	1
313	2023-10-21 11:00:42.397761+01	52ccf437-dec9-4e11-b58f-31cfc07e1b98	nenalezen_128	3		10	1
314	2023-10-21 11:00:42.398779+01	a4669cdd-a00e-4d2e-ad99-91938c318245	nenalezen_125	3		10	1
315	2023-10-21 11:13:29.490435+01	df527e86-879a-4599-9b20-b12357038dc6	Ladislava Hufová	2	[{"changed": {"fields": ["U\\u017eivatelsk\\u00e9 jm\\u00e9no", "N\\u00e1zev"]}}]	10	1
316	2023-10-21 11:14:41.332755+01	0e5d9c72-a26f-4c2d-b8ec-406d544154df	Renata Králová	2	[{"changed": {"fields": ["U\\u017eivatelsk\\u00e9 jm\\u00e9no", "N\\u00e1zev"]}}]	10	1
317	2023-10-21 11:15:57.366324+01	1ee13958-d332-474d-9351-508bc4011900	B0002	2	[{"changed": {"fields": ["Cart checked"]}}]	7	1
318	2023-10-21 11:16:08.557923+01	33ee51ea-fb48-4ad8-b75c-1b44808052b5	B0003	2	[{"changed": {"fields": ["Cart checked"]}}]	7	1
319	2023-10-21 11:17:05.077102+01	838e6bae-8f5b-492b-95b5-96a9a7913de0	B0004	2	[{"changed": {"fields": ["Cart checked"]}}]	7	1
320	2023-10-21 11:17:28.444025+01	d9ea835a-c43d-4915-abb2-1e8e0d041faa	B0005	2	[{"changed": {"fields": ["Cart checked"]}}]	7	1
321	2023-10-21 11:17:37.433463+01	52625e7c-8a1e-43d7-84c9-fc788e76c0e1	B0006	2	[{"changed": {"fields": ["Cart checked"]}}]	7	1
322	2023-10-21 11:17:44.162615+01	e64f0240-e99d-40f6-9cb5-0fc70d9fe68b	B0007	2	[{"changed": {"fields": ["Cart checked"]}}]	7	1
323	2023-10-21 11:17:56.550033+01	8a2ad781-262f-446b-a08d-d72bd4877868	B0008	2	[{"changed": {"fields": ["Cart checked"]}}]	7	1
324	2023-10-21 11:18:08.715306+01	f3385bb3-483e-4289-83f2-186af2280144	B0009	2	[{"changed": {"fields": ["Cart checked"]}}]	7	1
325	2023-10-21 11:18:16.41824+01	f1b80217-495e-4a0c-94ba-43547129b6fb	B0010	2	[{"changed": {"fields": ["Cart checked"]}}]	7	1
326	2023-10-21 11:18:39.672717+01	5920bbe1-8b78-4a34-b2ac-b56505b0ab5a	B0011	2	[{"changed": {"fields": ["Cart checked"]}}]	7	1
327	2023-10-21 11:19:03.244787+01	63bed170-777a-4fe3-9aee-568118637193	B0012	2	[{"changed": {"fields": ["Cart checked"]}}]	7	1
328	2023-10-21 11:19:20.610282+01	b48c1346-4bc0-4011-8983-934a7527964a	B0013	2	[{"changed": {"fields": ["Cart checked"]}}]	7	1
329	2023-10-21 11:19:37.229302+01	4d87424b-1730-46dc-81c7-c4d9b186680c	B0014	2	[{"changed": {"fields": ["Cart checked"]}}]	7	1
330	2023-10-21 11:20:04.130923+01	c258fc3a-20d8-43b5-8c47-945724ab7a4b	B0015	2	[{"changed": {"fields": ["Cart checked"]}}]	7	1
331	2023-10-21 11:20:26.685522+01	b5b00473-143a-42d4-8036-b1c257ad7079	B0016	2	[{"changed": {"fields": ["Cart checked"]}}]	7	1
332	2023-10-21 11:21:15.864573+01	f4b39398-55ac-44fa-a00d-db7af0eb814c	B0017	2	[{"changed": {"fields": ["Cart checked"]}}]	7	1
333	2023-10-21 11:21:33.346895+01	59bc31c7-513f-40d2-a062-9a09bad1eead	B0018	2	[{"changed": {"fields": ["Cart checked"]}}]	7	1
334	2023-10-21 11:21:49.781001+01	4e91a916-4920-4cc7-8c1a-28966907d476	B0019	2	[{"changed": {"fields": ["Cart checked"]}}]	7	1
335	2023-10-21 11:22:04.014747+01	6e500242-dbcb-40cf-aefe-825aef018567	B0020	2	[{"changed": {"fields": ["Cart checked"]}}]	7	1
336	2023-10-21 11:23:56.040714+01	859cc0e3-c9d8-4f29-a5a4-18e81d3ada1b	Jana Vyskočilová	2	[{"changed": {"fields": ["U\\u017eivatelsk\\u00e9 jm\\u00e9no", "N\\u00e1zev"]}}]	10	1
337	2023-10-21 11:25:09.448942+01	0b024a72-ec92-4f6e-8f83-7eae2985f941	Eva Gabrlíková	3		10	1
338	2023-10-21 11:25:13.123038+01	37227efe-ece2-4eed-82e3-8f8d1cf21135	Eva Gabrlíková	2	[{"changed": {"fields": ["U\\u017eivatelsk\\u00e9 jm\\u00e9no", "N\\u00e1zev"]}}]	10	1
339	2023-10-21 11:26:20.207694+01	86213012-0ca3-446d-a78b-f0b49bc6d622	Karolína Obejdová	3		10	1
340	2023-10-21 11:26:54.527815+01	991dcee7-d3bf-4eea-9060-53c63767c09c	Karolína Obejdová	2	[{"changed": {"fields": ["U\\u017eivatelsk\\u00e9 jm\\u00e9no", "N\\u00e1zev"]}}]	10	1
\.


--
-- Data for Name: django_content_type; Type: TABLE DATA; Schema: public; Owner: c1losa
--

COPY public.django_content_type (id, app_label, model) FROM stdin;
1	admin	logentry
2	auth	permission
3	auth	group
4	auth	user
5	contenttypes	contenttype
6	sessions	session
7	bazaar	cart
8	bazaar	event
9	bazaar	eventseller
10	bazaar	seller
11	bazaar	item
12	bazaar	eventuser
13	authtoken	token
14	authtoken	tokenproxy
\.


--
-- Data for Name: django_migrations; Type: TABLE DATA; Schema: public; Owner: c1losa
--

COPY public.django_migrations (id, app, name, applied) FROM stdin;
1	contenttypes	0001_initial	2023-09-13 20:12:55.72523+01
2	auth	0001_initial	2023-09-13 20:12:57.305179+01
3	admin	0001_initial	2023-09-13 20:12:57.727887+01
4	admin	0002_logentry_remove_auto_add	2023-09-13 20:12:57.890616+01
5	admin	0003_logentry_add_action_flag_choices	2023-09-13 20:12:58.112854+01
6	contenttypes	0002_remove_content_type_name	2023-09-13 20:12:58.406724+01
7	auth	0002_alter_permission_name_max_length	2023-09-13 20:12:58.613263+01
8	auth	0003_alter_user_email_max_length	2023-09-13 20:12:58.813449+01
9	auth	0004_alter_user_username_opts	2023-09-13 20:12:59.013592+01
10	auth	0005_alter_user_last_login_null	2023-09-13 20:12:59.245326+01
11	auth	0006_require_contenttypes_0002	2023-09-13 20:12:59.414583+01
12	auth	0007_alter_validators_add_error_messages	2023-09-13 20:12:59.608054+01
13	auth	0008_alter_user_username_max_length	2023-09-13 20:12:59.846292+01
14	auth	0009_alter_user_last_name_max_length	2023-09-13 20:13:00.077388+01
15	auth	0010_alter_group_name_max_length	2023-09-13 20:13:00.293497+01
16	auth	0011_update_proxy_permissions	2023-09-13 20:13:00.51599+01
17	auth	0012_alter_user_first_name_max_length	2023-09-13 20:13:00.732102+01
18	authtoken	0001_initial	2023-09-13 20:13:01.117078+01
19	authtoken	0002_auto_20160226_1747	2023-09-13 20:13:01.26419+01
20	authtoken	0003_tokenproxy	2023-09-13 20:13:01.433016+01
21	bazaar	0001_initial	2023-09-13 20:13:03.313562+01
22	sessions	0001_initial	2023-09-13 20:13:03.636041+01
23	bazaar	0002_alter_cart_options_alter_eventseller_options_and_more	2023-09-13 21:07:10.11642+01
24	bazaar	0003_alter_eventseller_unique_together_and_more	2023-09-15 22:20:13.29179+01
25	bazaar	0004_alter_cart_options_alter_cart_unique_together_and_more	2023-09-21 20:42:03.669343+01
26	bazaar	0005_alter_cart_options_alter_event_options_and_more	2023-10-19 20:52:52.065912+01
27	bazaar	0006_alter_item_size	2023-10-21 09:56:42.659439+01
\.


--
-- Data for Name: django_session; Type: TABLE DATA; Schema: public; Owner: c1losa
--

COPY public.django_session (session_key, session_data, expire_date) FROM stdin;
feiyfrmpqgd4u7f0suifqesw99xitil2	.eJxVjMsOwiAQRf-FtSEM5enSvd9ABgakaiAp7cr479qkC93ec859sYDbWsM28hJmYmcG7PS7RUyP3HZAd2y3zlNv6zJHviv8oINfO-Xn5XD_DiqO-q2TQU_TZKXSylotVBE0iSiNBklFASospngw3oASAK54dChcJpFtNpq9P7dZNuE:1qgVKq:h-UkJggWjLdy6fxA9VA2yKSNAWM3ByQwFCkja-BWU5g	2023-09-27 20:15:36.366564+01
8y8u22vp0fxul3msoa2dux6flkhvgxad	.eJxVjMsOwiAQRf-FtSEM5enSvd9ABgakaiAp7cr479qkC93ec859sYDbWsM28hJmYmcG7PS7RUyP3HZAd2y3zlNv6zJHviv8oINfO-Xn5XD_DiqO-q2TQU_TZKXSylotVBE0iSiNBklFASospngw3oASAK54dChcJpFtNpq9P7dZNuE:1qheRO:IYg1vvNcgq2VsfGlpAYR_Un1w5q4UYKWyPitlYg0u8M	2023-10-01 00:11:06.351854+01
doefvf8aebokdo4duttcn5xl9flilh67	.eJxVjMsOwiAQRf-FtSEM5enSvd9ABgakaiAp7cr479qkC93ec859sYDbWsM28hJmYmcG7PS7RUyP3HZAd2y3zlNv6zJHviv8oINfO-Xn5XD_DiqO-q2TQU_TZKXSylotVBE0iSiNBklFASospngw3oASAK54dChcJpFtNpq9P7dZNuE:1qjPpK:P-PHLnl0Wev7MZwidTgzP08aoaMEtIZMCmMYpuVXTgc	2023-10-05 20:59:06.29515+01
9icrdkpu4cgcaxx6xy7bsag1bigo8v2g	.eJxVjMsOwiAQRf-FtSEM5enSvd9ABgakaiAp7cr479qkC93ec859sYDbWsM28hJmYmcG7PS7RUyP3HZAd2y3zlNv6zJHviv8oINfO-Xn5XD_DiqO-q2TQU_TZKXSylotVBE0iSiNBklFASospngw3oASAK54dChcJpFtNpq9P7dZNuE:1qlrr7:QIzQh3yzeYH3sy8UwVqsb4Sg9soBOH0f01yvB9WWD9o	2023-10-12 15:19:05.624806+01
bldcxheqjkz1vzbeolrys6q09whz5yy4	.eJxVjMsOwiAQRf-FtSEM5enSvd9ABgakaiAp7cr479qkC93ec859sYDbWsM28hJmYmcG7PS7RUyP3HZAd2y3zlNv6zJHviv8oINfO-Xn5XD_DiqO-q2TQU_TZKXSylotVBE0iSiNBklFASospngw3oASAK54dChcJpFtNpq9P7dZNuE:1qrzxA:4ts7sGiEXtWKinVGo6YuFdKe_l7W52qi-xbaNp9oy8g	2023-10-29 12:10:40.289454+00
nc0vhh9tgozkubl7163ztmgh10wf7ftr	.eJxVjMsOwiAQRf-FtSEM5enSvd9ABgakaiAp7cr479qkC93ec859sYDbWsM28hJmYmcG7PS7RUyP3HZAd2y3zlNv6zJHviv8oINfO-Xn5XD_DiqO-q2TQU_TZKXSylotVBE0iSiNBklFASospngw3oASAK54dChcJpFtNpq9P7dZNuE:1qrzxA:4ts7sGiEXtWKinVGo6YuFdKe_l7W52qi-xbaNp9oy8g	2023-10-29 12:10:40.989053+00
um1vrejjso2hi1u7wsw8zw77zmqm8hxb	.eJxVjMsOwiAQRf-FtSE8CohL9_0GMjMMUjU0Ke3K-O_apAvd3nPOfYkE21rT1nlJUxYXocXpd0OgB7cd5Du02yxpbusyodwVedAuxznz83q4fwcVev3WLkbSXMrZM5Oy0TE5ZYHY-KHYgb0zxSK5YCwjYMyFVDBBk3IBwRbx_gD8KTiU:1qsTRe:aON0hosTbXXy7BADUH2GYzLOWy0lf23QDPyWkdxgjMA	2023-10-30 19:40:06.187357+00
txvnc9ipydb3rqdx8wt7serclr07a0q7	.eJxVjMsOwiAQRf-FtSE8CohL9_0GMjMMUjU0Ke3K-O_apAvd3nPOfYkE21rT1nlJUxYXocXpd0OgB7cd5Du02yxpbusyodwVedAuxznz83q4fwcVev3WLkbSXMrZM5Oy0TE5ZYHY-KHYgb0zxSK5YCwjYMyFVDBBk3IBwRbx_gD8KTiU:1qsTm1:JgAapEeJHRfqIw6FjsL3Hu1vHhI_2yZH1fLxv095Ams	2023-10-30 20:01:09.37337+00
owgnfoilyaddz1vdx6qq24uff30onyn9	.eJxVjMsOwiAQRf-FtSE8CohL9_0GMjMMUjU0Ke3K-O_apAvd3nPOfYkE21rT1nlJUxYXocXpd0OgB7cd5Du02yxpbusyodwVedAuxznz83q4fwcVev3WLkbSXMrZM5Oy0TE5ZYHY-KHYgb0zxSK5YCwjYMyFVDBBk3IBwRbx_gD8KTiU:1qsToe:vv1lvn9vXhjFvozc66IErWMxy53lhEhWCkaUzJuAjmc	2023-10-30 20:03:52.380133+00
bxlcqjelsgb30brdgc209zcz2dwql6ws	.eJxVjMsOwiAQRf-FtSE8CohL9_0GMjMMUjU0Ke3K-O_apAvd3nPOfYkE21rT1nlJUxYXocXpd0OgB7cd5Du02yxpbusyodwVedAuxznz83q4fwcVev3WLkbSXMrZM5Oy0TE5ZYHY-KHYgb0zxSK5YCwjYMyFVDBBk3IBwRbx_gD8KTiU:1qsnHa:AVXZzd_MT5zecZKQuXLZnoyCCDUp0N91TjLgxf8eXrU	2023-10-31 16:51:02.531991+00
hpkwh1znvzpm8ltd2hq5w6qaaqhly892	.eJxVjMsOwiAQRf-FtSE8CohL9_0GMjMMUjU0Ke3K-O_apAvd3nPOfYkE21rT1nlJUxYXocXpd0OgB7cd5Du02yxpbusyodwVedAuxznz83q4fwcVev3WLkbSXMrZM5Oy0TE5ZYHY-KHYgb0zxSK5YCwjYMyFVDBBk3IBwRbx_gD8KTiU:1qsnjT:9HIqp-QlK5Ah-FER-L1aKV7yMSjgtey6xAOsQAhvvbs	2023-10-31 17:19:51.864659+00
zqqr3tvcpogbjgkc4m9xftinwp7slort	.eJxVjMsOwiAQRf-FtSE8CohL9_0GMjMMUjU0Ke3K-O_apAvd3nPOfYkE21rT1nlJUxYXocXpd0OgB7cd5Du02yxpbusyodwVedAuxznz83q4fwcVev3WLkbSXMrZM5Oy0TE5ZYHY-KHYgb0zxSK5YCwjYMyFVDBBk3IBwRbx_gD8KTiU:1qsoe7:TsCFZROaz_INo6fNxMBOOnQxoSwksQ_LxKyetNOMzDI	2023-10-31 18:18:23.561002+00
hifwg5v949b0ovsevywk3xz6xnndv79a	.eJxVjMsOwiAQRf-FtSE8CohL9_0GMjMMUjU0Ke3K-O_apAvd3nPOfYkE21rT1nlJUxYXocXpd0OgB7cd5Du02yxpbusyodwVedAuxznz83q4fwcVev3WLkbSXMrZM5Oy0TE5ZYHY-KHYgb0zxSK5YCwjYMyFVDBBk3IBwRbx_gD8KTiU:1qt2wC:2MDVtEDBVly-Zyv3JDa5jPv79e1I6xO5X1-wyRgtfdk	2023-11-01 09:34:00.233871+00
vcbxgnearnfqaa4ofacizxowsz7fqbg3	.eJxVjMsOwiAQRf-FtSE8CohL9_0GMjMMUjU0Ke3K-O_apAvd3nPOfYkE21rT1nlJUxYXocXpd0OgB7cd5Du02yxpbusyodwVedAuxznz83q4fwcVev3WLkbSXMrZM5Oy0TE5ZYHY-KHYgb0zxSK5YCwjYMyFVDBBk3IBwRbx_gD8KTiU:1qtBzG:OT7czyOvvw3LxI6-gxhQqv9bTw9ACVZ6_Vl49OEKOFQ	2023-11-01 19:13:46.158395+00
g1tjrhw328o0448p9o7gwxqz97zaiz8q	.eJxVjMsOwiAQRf-FtSE8CohL9_0GMjMMUjU0Ke3K-O_apAvd3nPOfYkE21rT1nlJUxYXocXpd0OgB7cd5Du02yxpbusyodwVedAuxznz83q4fwcVev3WLkbSXMrZM5Oy0TE5ZYHY-KHYgb0zxSK5YCwjYMyFVDBBk3IBwRbx_gD8KTiU:1quBuU:QOGV3pd8QL6Ly_1_gTGkazvO2HR1O9hIcOal3-xS4M4	2023-11-04 13:20:58.348802+00
olqcpk24b10qcp1rwey2og9w6l0uuuhv	.eJxVjMsOwiAQRf-FtSE8CohL9_0GMjMMUjU0Ke3K-O_apAvd3nPOfYkE21rT1nlJUxYXocXpd0OgB7cd5Du02yxpbusyodwVedAuxznz83q4fwcVev3WLkbSXMrZM5Oy0TE5ZYHY-KHYgb0zxSK5YCwjYMyFVDBBk3IBwRbx_gD8KTiU:1qxtgx:r9d9itDMM1ReMBfSFuGzWxqPFnM2_jjXMkmpyF3eKYM	2023-11-14 18:42:19.106757+00
4cds9zbl3rpqsfnoflla7diob9zcg5ei	.eJxVjMsOwiAQRf-FtSE8CohL9_0GMjMMUjU0Ke3K-O_apAvd3nPOfYkE21rT1nlJUxYXocXpd0OgB7cd5Du02yxpbusyodwVedAuxznz83q4fwcVev3WLkbSXMrZM5Oy0TE5ZYHY-KHYgb0zxSK5YCwjYMyFVDBBk3IBwRbx_gD8KTiU:1qyH3F:f8JWSAZDYEgWslCmQkGV3WIESbJ70mSv409AERNvIh8	2023-11-15 19:38:53.11322+00
y4phql4aibaa6f9pw9gwbi1e1oc7ev1v	.eJxVjMsOwiAQRf-FtSE8CohL9_0GMjMMUjU0Ke3K-O_apAvd3nPOfYkE21rT1nlJUxYXocXpd0OgB7cd5Du02yxpbusyodwVedAuxznz83q4fwcVev3WLkbSXMrZM5Oy0TE5ZYHY-KHYgb0zxSK5YCwjYMyFVDBBk3IBwRbx_gD8KTiU:1qyH3F:f8JWSAZDYEgWslCmQkGV3WIESbJ70mSv409AERNvIh8	2023-11-15 19:38:53.858915+00
gaby75bn1f4qmx7o8e6pm7cqqjpvvskb	.eJxVjMsOwiAQRf-FtSE8CohL9_0GMjMMUjU0Ke3K-O_apAvd3nPOfYkE21rT1nlJUxYXocXpd0OgB7cd5Du02yxpbusyodwVedAuxznz83q4fwcVev3WLkbSXMrZM5Oy0TE5ZYHY-KHYgb0zxSK5YCwjYMyFVDBBk3IBwRbx_gD8KTiU:1r5PcZ:r02Xk43R2G029D6KrWe5XB870_KsqTQgbTuobVDBpNE	2023-12-05 12:12:51.334773+00
9x6iy7g6rldmebpwsx8lsvbaqcem3614	.eJxVjMsOwiAQRf-FtSE8CohL9_0GMjMMUjU0Ke3K-O_apAvd3nPOfYkE21rT1nlJUxYXocXpd0OgB7cd5Du02yxpbusyodwVedAuxznz83q4fwcVev3WLkbSXMrZM5Oy0TE5ZYHY-KHYgb0zxSK5YCwjYMyFVDBBk3IBwRbx_gD8KTiU:1r933Q:zoM6lEdvLDtrvnVR39qiJqoky5b5JLTYuVbzQ2Ph5EI	2023-12-15 12:55:36.951954+00
\.


--
-- Name: auth_group_id_seq; Type: SEQUENCE SET; Schema: public; Owner: c1losa
--

SELECT pg_catalog.setval('public.auth_group_id_seq', 1, false);


--
-- Name: auth_group_permissions_id_seq; Type: SEQUENCE SET; Schema: public; Owner: c1losa
--

SELECT pg_catalog.setval('public.auth_group_permissions_id_seq', 1, false);


--
-- Name: auth_permission_id_seq; Type: SEQUENCE SET; Schema: public; Owner: c1losa
--

SELECT pg_catalog.setval('public.auth_permission_id_seq', 56, true);


--
-- Name: auth_user_groups_id_seq; Type: SEQUENCE SET; Schema: public; Owner: c1losa
--

SELECT pg_catalog.setval('public.auth_user_groups_id_seq', 1, false);


--
-- Name: auth_user_id_seq; Type: SEQUENCE SET; Schema: public; Owner: c1losa
--

SELECT pg_catalog.setval('public.auth_user_id_seq', 3, true);


--
-- Name: auth_user_user_permissions_id_seq; Type: SEQUENCE SET; Schema: public; Owner: c1losa
--

SELECT pg_catalog.setval('public.auth_user_user_permissions_id_seq', 1, false);


--
-- Name: django_admin_log_id_seq; Type: SEQUENCE SET; Schema: public; Owner: c1losa
--

SELECT pg_catalog.setval('public.django_admin_log_id_seq', 340, true);


--
-- Name: django_content_type_id_seq; Type: SEQUENCE SET; Schema: public; Owner: c1losa
--

SELECT pg_catalog.setval('public.django_content_type_id_seq', 14, true);


--
-- Name: django_migrations_id_seq; Type: SEQUENCE SET; Schema: public; Owner: c1losa
--

SELECT pg_catalog.setval('public.django_migrations_id_seq', 27, true);


--
-- Name: auth_group auth_group_name_key; Type: CONSTRAINT; Schema: public; Owner: c1losa
--

ALTER TABLE ONLY public.auth_group
    ADD CONSTRAINT auth_group_name_key UNIQUE (name);


--
-- Name: auth_group_permissions auth_group_permissions_group_id_permission_id_0cd325b0_uniq; Type: CONSTRAINT; Schema: public; Owner: c1losa
--

ALTER TABLE ONLY public.auth_group_permissions
    ADD CONSTRAINT auth_group_permissions_group_id_permission_id_0cd325b0_uniq UNIQUE (group_id, permission_id);


--
-- Name: auth_group_permissions auth_group_permissions_pkey; Type: CONSTRAINT; Schema: public; Owner: c1losa
--

ALTER TABLE ONLY public.auth_group_permissions
    ADD CONSTRAINT auth_group_permissions_pkey PRIMARY KEY (id);


--
-- Name: auth_group auth_group_pkey; Type: CONSTRAINT; Schema: public; Owner: c1losa
--

ALTER TABLE ONLY public.auth_group
    ADD CONSTRAINT auth_group_pkey PRIMARY KEY (id);


--
-- Name: auth_permission auth_permission_content_type_id_codename_01ab375a_uniq; Type: CONSTRAINT; Schema: public; Owner: c1losa
--

ALTER TABLE ONLY public.auth_permission
    ADD CONSTRAINT auth_permission_content_type_id_codename_01ab375a_uniq UNIQUE (content_type_id, codename);


--
-- Name: auth_permission auth_permission_pkey; Type: CONSTRAINT; Schema: public; Owner: c1losa
--

ALTER TABLE ONLY public.auth_permission
    ADD CONSTRAINT auth_permission_pkey PRIMARY KEY (id);


--
-- Name: auth_user_groups auth_user_groups_pkey; Type: CONSTRAINT; Schema: public; Owner: c1losa
--

ALTER TABLE ONLY public.auth_user_groups
    ADD CONSTRAINT auth_user_groups_pkey PRIMARY KEY (id);


--
-- Name: auth_user_groups auth_user_groups_user_id_group_id_94350c0c_uniq; Type: CONSTRAINT; Schema: public; Owner: c1losa
--

ALTER TABLE ONLY public.auth_user_groups
    ADD CONSTRAINT auth_user_groups_user_id_group_id_94350c0c_uniq UNIQUE (user_id, group_id);


--
-- Name: auth_user auth_user_pkey; Type: CONSTRAINT; Schema: public; Owner: c1losa
--

ALTER TABLE ONLY public.auth_user
    ADD CONSTRAINT auth_user_pkey PRIMARY KEY (id);


--
-- Name: auth_user_user_permissions auth_user_user_permissions_pkey; Type: CONSTRAINT; Schema: public; Owner: c1losa
--

ALTER TABLE ONLY public.auth_user_user_permissions
    ADD CONSTRAINT auth_user_user_permissions_pkey PRIMARY KEY (id);


--
-- Name: auth_user_user_permissions auth_user_user_permissions_user_id_permission_id_14a6b632_uniq; Type: CONSTRAINT; Schema: public; Owner: c1losa
--

ALTER TABLE ONLY public.auth_user_user_permissions
    ADD CONSTRAINT auth_user_user_permissions_user_id_permission_id_14a6b632_uniq UNIQUE (user_id, permission_id);


--
-- Name: auth_user auth_user_username_key; Type: CONSTRAINT; Schema: public; Owner: c1losa
--

ALTER TABLE ONLY public.auth_user
    ADD CONSTRAINT auth_user_username_key UNIQUE (username);


--
-- Name: authtoken_token authtoken_token_pkey; Type: CONSTRAINT; Schema: public; Owner: c1losa
--

ALTER TABLE ONLY public.authtoken_token
    ADD CONSTRAINT authtoken_token_pkey PRIMARY KEY (key);


--
-- Name: authtoken_token authtoken_token_user_id_key; Type: CONSTRAINT; Schema: public; Owner: c1losa
--

ALTER TABLE ONLY public.authtoken_token
    ADD CONSTRAINT authtoken_token_user_id_key UNIQUE (user_id);


--
-- Name: bazaar_cart bazaar_cart_identifier_event_id_0d89505e_uniq; Type: CONSTRAINT; Schema: public; Owner: c1losa
--

ALTER TABLE ONLY public.bazaar_cart
    ADD CONSTRAINT bazaar_cart_identifier_event_id_0d89505e_uniq UNIQUE (identifier, event_id);


--
-- Name: bazaar_cart bazaar_cart_pkey; Type: CONSTRAINT; Schema: public; Owner: c1losa
--

ALTER TABLE ONLY public.bazaar_cart
    ADD CONSTRAINT bazaar_cart_pkey PRIMARY KEY (id);


--
-- Name: bazaar_event bazaar_event_pkey; Type: CONSTRAINT; Schema: public; Owner: c1losa
--

ALTER TABLE ONLY public.bazaar_event
    ADD CONSTRAINT bazaar_event_pkey PRIMARY KEY (id);


--
-- Name: bazaar_eventseller bazaar_eventseller_event_id_identifier_652e8fec_uniq; Type: CONSTRAINT; Schema: public; Owner: c1losa
--

ALTER TABLE ONLY public.bazaar_eventseller
    ADD CONSTRAINT bazaar_eventseller_event_id_identifier_652e8fec_uniq UNIQUE (event_id, identifier);


--
-- Name: bazaar_eventseller bazaar_eventseller_event_id_seller_id_0c7e3707_uniq; Type: CONSTRAINT; Schema: public; Owner: c1losa
--

ALTER TABLE ONLY public.bazaar_eventseller
    ADD CONSTRAINT bazaar_eventseller_event_id_seller_id_0c7e3707_uniq UNIQUE (event_id, seller_id);


--
-- Name: bazaar_eventseller bazaar_eventseller_pkey; Type: CONSTRAINT; Schema: public; Owner: c1losa
--

ALTER TABLE ONLY public.bazaar_eventseller
    ADD CONSTRAINT bazaar_eventseller_pkey PRIMARY KEY (id);


--
-- Name: bazaar_eventuser bazaar_eventuser_event_id_user_id_70a45c85_uniq; Type: CONSTRAINT; Schema: public; Owner: c1losa
--

ALTER TABLE ONLY public.bazaar_eventuser
    ADD CONSTRAINT bazaar_eventuser_event_id_user_id_70a45c85_uniq UNIQUE (event_id, user_id);


--
-- Name: bazaar_eventuser bazaar_eventuser_pkey; Type: CONSTRAINT; Schema: public; Owner: c1losa
--

ALTER TABLE ONLY public.bazaar_eventuser
    ADD CONSTRAINT bazaar_eventuser_pkey PRIMARY KEY (id);


--
-- Name: bazaar_item bazaar_item_pkey; Type: CONSTRAINT; Schema: public; Owner: c1losa
--

ALTER TABLE ONLY public.bazaar_item
    ADD CONSTRAINT bazaar_item_pkey PRIMARY KEY (id);


--
-- Name: bazaar_seller bazaar_seller_nickname_7231448b_uniq; Type: CONSTRAINT; Schema: public; Owner: c1losa
--

ALTER TABLE ONLY public.bazaar_seller
    ADD CONSTRAINT bazaar_seller_nickname_7231448b_uniq UNIQUE (nickname);


--
-- Name: bazaar_seller bazaar_seller_pkey; Type: CONSTRAINT; Schema: public; Owner: c1losa
--

ALTER TABLE ONLY public.bazaar_seller
    ADD CONSTRAINT bazaar_seller_pkey PRIMARY KEY (id);


--
-- Name: django_admin_log django_admin_log_pkey; Type: CONSTRAINT; Schema: public; Owner: c1losa
--

ALTER TABLE ONLY public.django_admin_log
    ADD CONSTRAINT django_admin_log_pkey PRIMARY KEY (id);


--
-- Name: django_content_type django_content_type_app_label_model_76bd3d3b_uniq; Type: CONSTRAINT; Schema: public; Owner: c1losa
--

ALTER TABLE ONLY public.django_content_type
    ADD CONSTRAINT django_content_type_app_label_model_76bd3d3b_uniq UNIQUE (app_label, model);


--
-- Name: django_content_type django_content_type_pkey; Type: CONSTRAINT; Schema: public; Owner: c1losa
--

ALTER TABLE ONLY public.django_content_type
    ADD CONSTRAINT django_content_type_pkey PRIMARY KEY (id);


--
-- Name: django_migrations django_migrations_pkey; Type: CONSTRAINT; Schema: public; Owner: c1losa
--

ALTER TABLE ONLY public.django_migrations
    ADD CONSTRAINT django_migrations_pkey PRIMARY KEY (id);


--
-- Name: django_session django_session_pkey; Type: CONSTRAINT; Schema: public; Owner: c1losa
--

ALTER TABLE ONLY public.django_session
    ADD CONSTRAINT django_session_pkey PRIMARY KEY (session_key);


--
-- Name: auth_group_name_a6ea08ec_like; Type: INDEX; Schema: public; Owner: c1losa
--

CREATE INDEX auth_group_name_a6ea08ec_like ON public.auth_group USING btree (name varchar_pattern_ops);


--
-- Name: auth_group_permissions_group_id_b120cbf9; Type: INDEX; Schema: public; Owner: c1losa
--

CREATE INDEX auth_group_permissions_group_id_b120cbf9 ON public.auth_group_permissions USING btree (group_id);


--
-- Name: auth_group_permissions_permission_id_84c5c92e; Type: INDEX; Schema: public; Owner: c1losa
--

CREATE INDEX auth_group_permissions_permission_id_84c5c92e ON public.auth_group_permissions USING btree (permission_id);


--
-- Name: auth_permission_content_type_id_2f476e4b; Type: INDEX; Schema: public; Owner: c1losa
--

CREATE INDEX auth_permission_content_type_id_2f476e4b ON public.auth_permission USING btree (content_type_id);


--
-- Name: auth_user_groups_group_id_97559544; Type: INDEX; Schema: public; Owner: c1losa
--

CREATE INDEX auth_user_groups_group_id_97559544 ON public.auth_user_groups USING btree (group_id);


--
-- Name: auth_user_groups_user_id_6a12ed8b; Type: INDEX; Schema: public; Owner: c1losa
--

CREATE INDEX auth_user_groups_user_id_6a12ed8b ON public.auth_user_groups USING btree (user_id);


--
-- Name: auth_user_user_permissions_permission_id_1fbb5f2c; Type: INDEX; Schema: public; Owner: c1losa
--

CREATE INDEX auth_user_user_permissions_permission_id_1fbb5f2c ON public.auth_user_user_permissions USING btree (permission_id);


--
-- Name: auth_user_user_permissions_user_id_a95ead1b; Type: INDEX; Schema: public; Owner: c1losa
--

CREATE INDEX auth_user_user_permissions_user_id_a95ead1b ON public.auth_user_user_permissions USING btree (user_id);


--
-- Name: auth_user_username_6821ab7c_like; Type: INDEX; Schema: public; Owner: c1losa
--

CREATE INDEX auth_user_username_6821ab7c_like ON public.auth_user USING btree (username varchar_pattern_ops);


--
-- Name: authtoken_token_key_10f0b77e_like; Type: INDEX; Schema: public; Owner: c1losa
--

CREATE INDEX authtoken_token_key_10f0b77e_like ON public.authtoken_token USING btree (key varchar_pattern_ops);


--
-- Name: bazaar_cart_event_id_552a0256; Type: INDEX; Schema: public; Owner: c1losa
--

CREATE INDEX bazaar_cart_event_id_552a0256 ON public.bazaar_cart USING btree (event_id);


--
-- Name: bazaar_cart_user_id_fc8d9005; Type: INDEX; Schema: public; Owner: c1losa
--

CREATE INDEX bazaar_cart_user_id_fc8d9005 ON public.bazaar_cart USING btree (user_id);


--
-- Name: bazaar_cart_x_user_id_11d0358c; Type: INDEX; Schema: public; Owner: c1losa
--

CREATE INDEX bazaar_cart_x_user_id_11d0358c ON public.bazaar_cart USING btree (x_user_id);


--
-- Name: bazaar_event_x_user_id_81b0db0e; Type: INDEX; Schema: public; Owner: c1losa
--

CREATE INDEX bazaar_event_x_user_id_81b0db0e ON public.bazaar_event USING btree (x_user_id);


--
-- Name: bazaar_eventseller_event_id_b5f964bc; Type: INDEX; Schema: public; Owner: c1losa
--

CREATE INDEX bazaar_eventseller_event_id_b5f964bc ON public.bazaar_eventseller USING btree (event_id);


--
-- Name: bazaar_eventseller_seller_id_c427acca; Type: INDEX; Schema: public; Owner: c1losa
--

CREATE INDEX bazaar_eventseller_seller_id_c427acca ON public.bazaar_eventseller USING btree (seller_id);


--
-- Name: bazaar_eventseller_x_user_id_c600dbe6; Type: INDEX; Schema: public; Owner: c1losa
--

CREATE INDEX bazaar_eventseller_x_user_id_c600dbe6 ON public.bazaar_eventseller USING btree (x_user_id);


--
-- Name: bazaar_eventuser_event_id_3543742e; Type: INDEX; Schema: public; Owner: c1losa
--

CREATE INDEX bazaar_eventuser_event_id_3543742e ON public.bazaar_eventuser USING btree (event_id);


--
-- Name: bazaar_eventuser_user_id_8f14fc32; Type: INDEX; Schema: public; Owner: c1losa
--

CREATE INDEX bazaar_eventuser_user_id_8f14fc32 ON public.bazaar_eventuser USING btree (user_id);


--
-- Name: bazaar_eventuser_x_user_id_6e43dd06; Type: INDEX; Schema: public; Owner: c1losa
--

CREATE INDEX bazaar_eventuser_x_user_id_6e43dd06 ON public.bazaar_eventuser USING btree (x_user_id);


--
-- Name: bazaar_item_cart_id_2b6c6ca7; Type: INDEX; Schema: public; Owner: c1losa
--

CREATE INDEX bazaar_item_cart_id_2b6c6ca7 ON public.bazaar_item USING btree (cart_id);


--
-- Name: bazaar_item_event_seller_id_fb2d8194; Type: INDEX; Schema: public; Owner: c1losa
--

CREATE INDEX bazaar_item_event_seller_id_fb2d8194 ON public.bazaar_item USING btree (event_seller_id);


--
-- Name: bazaar_item_x_user_id_6bfcb093; Type: INDEX; Schema: public; Owner: c1losa
--

CREATE INDEX bazaar_item_x_user_id_6bfcb093 ON public.bazaar_item USING btree (x_user_id);


--
-- Name: bazaar_seller_nickname_7231448b_like; Type: INDEX; Schema: public; Owner: c1losa
--

CREATE INDEX bazaar_seller_nickname_7231448b_like ON public.bazaar_seller USING btree (nickname varchar_pattern_ops);


--
-- Name: bazaar_seller_x_user_id_38f025ea; Type: INDEX; Schema: public; Owner: c1losa
--

CREATE INDEX bazaar_seller_x_user_id_38f025ea ON public.bazaar_seller USING btree (x_user_id);


--
-- Name: django_admin_log_content_type_id_c4bce8eb; Type: INDEX; Schema: public; Owner: c1losa
--

CREATE INDEX django_admin_log_content_type_id_c4bce8eb ON public.django_admin_log USING btree (content_type_id);


--
-- Name: django_admin_log_user_id_c564eba6; Type: INDEX; Schema: public; Owner: c1losa
--

CREATE INDEX django_admin_log_user_id_c564eba6 ON public.django_admin_log USING btree (user_id);


--
-- Name: django_session_expire_date_a5c62663; Type: INDEX; Schema: public; Owner: c1losa
--

CREATE INDEX django_session_expire_date_a5c62663 ON public.django_session USING btree (expire_date);


--
-- Name: django_session_session_key_c0390e0f_like; Type: INDEX; Schema: public; Owner: c1losa
--

CREATE INDEX django_session_session_key_c0390e0f_like ON public.django_session USING btree (session_key varchar_pattern_ops);


--
-- Name: auth_group_permissions auth_group_permissio_permission_id_84c5c92e_fk_auth_perm; Type: FK CONSTRAINT; Schema: public; Owner: c1losa
--

ALTER TABLE ONLY public.auth_group_permissions
    ADD CONSTRAINT auth_group_permissio_permission_id_84c5c92e_fk_auth_perm FOREIGN KEY (permission_id) REFERENCES public.auth_permission(id) DEFERRABLE INITIALLY DEFERRED;


--
-- Name: auth_group_permissions auth_group_permissions_group_id_b120cbf9_fk_auth_group_id; Type: FK CONSTRAINT; Schema: public; Owner: c1losa
--

ALTER TABLE ONLY public.auth_group_permissions
    ADD CONSTRAINT auth_group_permissions_group_id_b120cbf9_fk_auth_group_id FOREIGN KEY (group_id) REFERENCES public.auth_group(id) DEFERRABLE INITIALLY DEFERRED;


--
-- Name: auth_permission auth_permission_content_type_id_2f476e4b_fk_django_co; Type: FK CONSTRAINT; Schema: public; Owner: c1losa
--

ALTER TABLE ONLY public.auth_permission
    ADD CONSTRAINT auth_permission_content_type_id_2f476e4b_fk_django_co FOREIGN KEY (content_type_id) REFERENCES public.django_content_type(id) DEFERRABLE INITIALLY DEFERRED;


--
-- Name: auth_user_groups auth_user_groups_group_id_97559544_fk_auth_group_id; Type: FK CONSTRAINT; Schema: public; Owner: c1losa
--

ALTER TABLE ONLY public.auth_user_groups
    ADD CONSTRAINT auth_user_groups_group_id_97559544_fk_auth_group_id FOREIGN KEY (group_id) REFERENCES public.auth_group(id) DEFERRABLE INITIALLY DEFERRED;


--
-- Name: auth_user_groups auth_user_groups_user_id_6a12ed8b_fk_auth_user_id; Type: FK CONSTRAINT; Schema: public; Owner: c1losa
--

ALTER TABLE ONLY public.auth_user_groups
    ADD CONSTRAINT auth_user_groups_user_id_6a12ed8b_fk_auth_user_id FOREIGN KEY (user_id) REFERENCES public.auth_user(id) DEFERRABLE INITIALLY DEFERRED;


--
-- Name: auth_user_user_permissions auth_user_user_permi_permission_id_1fbb5f2c_fk_auth_perm; Type: FK CONSTRAINT; Schema: public; Owner: c1losa
--

ALTER TABLE ONLY public.auth_user_user_permissions
    ADD CONSTRAINT auth_user_user_permi_permission_id_1fbb5f2c_fk_auth_perm FOREIGN KEY (permission_id) REFERENCES public.auth_permission(id) DEFERRABLE INITIALLY DEFERRED;


--
-- Name: auth_user_user_permissions auth_user_user_permissions_user_id_a95ead1b_fk_auth_user_id; Type: FK CONSTRAINT; Schema: public; Owner: c1losa
--

ALTER TABLE ONLY public.auth_user_user_permissions
    ADD CONSTRAINT auth_user_user_permissions_user_id_a95ead1b_fk_auth_user_id FOREIGN KEY (user_id) REFERENCES public.auth_user(id) DEFERRABLE INITIALLY DEFERRED;


--
-- Name: authtoken_token authtoken_token_user_id_35299eff_fk_auth_user_id; Type: FK CONSTRAINT; Schema: public; Owner: c1losa
--

ALTER TABLE ONLY public.authtoken_token
    ADD CONSTRAINT authtoken_token_user_id_35299eff_fk_auth_user_id FOREIGN KEY (user_id) REFERENCES public.auth_user(id) DEFERRABLE INITIALLY DEFERRED;


--
-- Name: bazaar_cart bazaar_cart_event_id_552a0256_fk_bazaar_event_id; Type: FK CONSTRAINT; Schema: public; Owner: c1losa
--

ALTER TABLE ONLY public.bazaar_cart
    ADD CONSTRAINT bazaar_cart_event_id_552a0256_fk_bazaar_event_id FOREIGN KEY (event_id) REFERENCES public.bazaar_event(id) DEFERRABLE INITIALLY DEFERRED;


--
-- Name: bazaar_cart bazaar_cart_user_id_fc8d9005_fk_auth_user_id; Type: FK CONSTRAINT; Schema: public; Owner: c1losa
--

ALTER TABLE ONLY public.bazaar_cart
    ADD CONSTRAINT bazaar_cart_user_id_fc8d9005_fk_auth_user_id FOREIGN KEY (user_id) REFERENCES public.auth_user(id) DEFERRABLE INITIALLY DEFERRED;


--
-- Name: bazaar_cart bazaar_cart_x_user_id_11d0358c_fk_auth_user_id; Type: FK CONSTRAINT; Schema: public; Owner: c1losa
--

ALTER TABLE ONLY public.bazaar_cart
    ADD CONSTRAINT bazaar_cart_x_user_id_11d0358c_fk_auth_user_id FOREIGN KEY (x_user_id) REFERENCES public.auth_user(id) DEFERRABLE INITIALLY DEFERRED;


--
-- Name: bazaar_event bazaar_event_x_user_id_81b0db0e_fk_auth_user_id; Type: FK CONSTRAINT; Schema: public; Owner: c1losa
--

ALTER TABLE ONLY public.bazaar_event
    ADD CONSTRAINT bazaar_event_x_user_id_81b0db0e_fk_auth_user_id FOREIGN KEY (x_user_id) REFERENCES public.auth_user(id) DEFERRABLE INITIALLY DEFERRED;


--
-- Name: bazaar_eventseller bazaar_eventseller_event_id_b5f964bc_fk_bazaar_event_id; Type: FK CONSTRAINT; Schema: public; Owner: c1losa
--

ALTER TABLE ONLY public.bazaar_eventseller
    ADD CONSTRAINT bazaar_eventseller_event_id_b5f964bc_fk_bazaar_event_id FOREIGN KEY (event_id) REFERENCES public.bazaar_event(id) DEFERRABLE INITIALLY DEFERRED;


--
-- Name: bazaar_eventseller bazaar_eventseller_seller_id_c427acca_fk_bazaar_seller_id; Type: FK CONSTRAINT; Schema: public; Owner: c1losa
--

ALTER TABLE ONLY public.bazaar_eventseller
    ADD CONSTRAINT bazaar_eventseller_seller_id_c427acca_fk_bazaar_seller_id FOREIGN KEY (seller_id) REFERENCES public.bazaar_seller(id) DEFERRABLE INITIALLY DEFERRED;


--
-- Name: bazaar_eventseller bazaar_eventseller_x_user_id_c600dbe6_fk_auth_user_id; Type: FK CONSTRAINT; Schema: public; Owner: c1losa
--

ALTER TABLE ONLY public.bazaar_eventseller
    ADD CONSTRAINT bazaar_eventseller_x_user_id_c600dbe6_fk_auth_user_id FOREIGN KEY (x_user_id) REFERENCES public.auth_user(id) DEFERRABLE INITIALLY DEFERRED;


--
-- Name: bazaar_eventuser bazaar_eventuser_event_id_3543742e_fk_bazaar_event_id; Type: FK CONSTRAINT; Schema: public; Owner: c1losa
--

ALTER TABLE ONLY public.bazaar_eventuser
    ADD CONSTRAINT bazaar_eventuser_event_id_3543742e_fk_bazaar_event_id FOREIGN KEY (event_id) REFERENCES public.bazaar_event(id) DEFERRABLE INITIALLY DEFERRED;


--
-- Name: bazaar_eventuser bazaar_eventuser_user_id_8f14fc32_fk_auth_user_id; Type: FK CONSTRAINT; Schema: public; Owner: c1losa
--

ALTER TABLE ONLY public.bazaar_eventuser
    ADD CONSTRAINT bazaar_eventuser_user_id_8f14fc32_fk_auth_user_id FOREIGN KEY (user_id) REFERENCES public.auth_user(id) DEFERRABLE INITIALLY DEFERRED;


--
-- Name: bazaar_eventuser bazaar_eventuser_x_user_id_6e43dd06_fk_auth_user_id; Type: FK CONSTRAINT; Schema: public; Owner: c1losa
--

ALTER TABLE ONLY public.bazaar_eventuser
    ADD CONSTRAINT bazaar_eventuser_x_user_id_6e43dd06_fk_auth_user_id FOREIGN KEY (x_user_id) REFERENCES public.auth_user(id) DEFERRABLE INITIALLY DEFERRED;


--
-- Name: bazaar_item bazaar_item_cart_id_2b6c6ca7_fk_bazaar_cart_id; Type: FK CONSTRAINT; Schema: public; Owner: c1losa
--

ALTER TABLE ONLY public.bazaar_item
    ADD CONSTRAINT bazaar_item_cart_id_2b6c6ca7_fk_bazaar_cart_id FOREIGN KEY (cart_id) REFERENCES public.bazaar_cart(id) DEFERRABLE INITIALLY DEFERRED;


--
-- Name: bazaar_item bazaar_item_event_seller_id_fb2d8194_fk_bazaar_eventseller_id; Type: FK CONSTRAINT; Schema: public; Owner: c1losa
--

ALTER TABLE ONLY public.bazaar_item
    ADD CONSTRAINT bazaar_item_event_seller_id_fb2d8194_fk_bazaar_eventseller_id FOREIGN KEY (event_seller_id) REFERENCES public.bazaar_eventseller(id) DEFERRABLE INITIALLY DEFERRED;


--
-- Name: bazaar_item bazaar_item_x_user_id_6bfcb093_fk_auth_user_id; Type: FK CONSTRAINT; Schema: public; Owner: c1losa
--

ALTER TABLE ONLY public.bazaar_item
    ADD CONSTRAINT bazaar_item_x_user_id_6bfcb093_fk_auth_user_id FOREIGN KEY (x_user_id) REFERENCES public.auth_user(id) DEFERRABLE INITIALLY DEFERRED;


--
-- Name: bazaar_seller bazaar_seller_x_user_id_38f025ea_fk_auth_user_id; Type: FK CONSTRAINT; Schema: public; Owner: c1losa
--

ALTER TABLE ONLY public.bazaar_seller
    ADD CONSTRAINT bazaar_seller_x_user_id_38f025ea_fk_auth_user_id FOREIGN KEY (x_user_id) REFERENCES public.auth_user(id) DEFERRABLE INITIALLY DEFERRED;


--
-- Name: django_admin_log django_admin_log_content_type_id_c4bce8eb_fk_django_co; Type: FK CONSTRAINT; Schema: public; Owner: c1losa
--

ALTER TABLE ONLY public.django_admin_log
    ADD CONSTRAINT django_admin_log_content_type_id_c4bce8eb_fk_django_co FOREIGN KEY (content_type_id) REFERENCES public.django_content_type(id) DEFERRABLE INITIALLY DEFERRED;


--
-- Name: django_admin_log django_admin_log_user_id_c564eba6_fk_auth_user_id; Type: FK CONSTRAINT; Schema: public; Owner: c1losa
--

ALTER TABLE ONLY public.django_admin_log
    ADD CONSTRAINT django_admin_log_user_id_c564eba6_fk_auth_user_id FOREIGN KEY (user_id) REFERENCES public.auth_user(id) DEFERRABLE INITIALLY DEFERRED;


--
-- PostgreSQL database dump complete
--

